<?xml version="1.0" encoding="utf-8"?>
<window type="dialog">
	<allowoverlay>no</allowoverlay>
	<aspectratio>strech</aspectratio>
	<defaultcontrol always="false">101</defaultcontrol>
	<coordinates>
		<system>1</system><posx>0</posx><posy>0</posy>
	</coordinates>
		<animation type="WindowOpen" reversible="false">
			<effect type="zoom" start="80" end="100" center="960,540" delay="160" tween="back" time="240" />
			<effect type="fade" delay="160" end="100" time="240" />
		</animation>
		<animation type="WindowClose" reversible="false">
			<effect type="zoom" start="100" end="80" center="960,540" easing="in" tween="back" time="240" />
			<effect type="fade" start="100" end="0" time="240" />
		</animation>
	<controls>
		<control type="label" id="6001"><description>visibility marker for selection box</description></control>

			<control type="image">
				<description>Background shadow</description>
				<posx>0</posx>
				<posy>0</posy>
				<width>1920</width>
				<height>1080</height>
				<texture colordiffuse="9F000000">../../skin.estouchy/media/osd/white.png</texture>
				<animation type="WindowOpen" reversible="false">
					<effect type="zoom" start="100" end="100" center="960,540" delay="160" tween="back" time="240" />
					<effect type="fade" delay="160" end="100" time="240" />
				</animation>
				<animation type="WindowClose" reversible="false">
					<effect type="zoom" start="100" end="100" center="960,540" easing="in" tween="back" time="240" />
					<effect type="fade" start="100" end="0" time="240" />
				</animation>
			</control>

		<control type="image">
			<description>Top bar</description>
			<posx>398</posx>
			<posy>90</posy>
			<width>1125</width>
			<height>68</height>
			<texture>../../skin.estouchy/media/dialogs/topbar.png</texture>
		</control>
		<control type="image">
			<description>Background image</description>
			<posx>398</posx>
			<posy>158</posy>
			<width>1125</width>
			<height>834</height>
			<texture>../../skin.estouchy/media/dialogs/bg.png</texture>
		</control>
		<control type="image">
			<description>Background image</description>
			<posx>398</posx>
			<posy>246</posy>
			<width>1125</width>
			<height>624</height>
			<texture colordiffuse="2F000000">../../skin.estouchy/media/osd/white.png</texture>
		</control>
		<control type="image">
			<description>Panel image</description>
			<posx>398</posx>
			<posy>848</posy>
			<width>1125</width>
			<height>4</height>
			<texture colordiffuse="FF848484">../../skin.estouchy/media/dialogs/panel.png</texture>
		</control>
		<control type="label">
			<posx>420</posx>
			<posy>105</posy>
			<width>960</width>
			<font>font24_title</font>
			<textcolor>FFF0F0F0</textcolor>
			<shadowcolor>22000000</shadowcolor>
			<label>$ADDON[script.mtvguide 30307] - m-TVGuide [COLOR gold][B]EPG[/B][/COLOR]</label>
		</control>
		<control type="image">
			<description>List</description>
			<posx>398</posx>
			<posy>324</posy>
			<width>1125</width>
			<height>80</height>
			<texture border="40,0,40,5">../../skin.estouchy/media/dialogs/list.png</texture>
		</control>
		<control type="image">
			<description>List</description>
			<posx>398</posx>
			<posy>404</posy>
			<width>1125</width>
			<height>80</height>
			<texture border="40,0,40,5">../../skin.estouchy/media/dialogs/list.png</texture>
		</control>
		<control type="image">
			<description>List</description>
			<posx>398</posx>
			<posy>484</posy>
			<width>1125</width>
			<height>80</height>
			<texture border="40,0,40,5">../../skin.estouchy/media/dialogs/list.png</texture>
		</control>
				<control type="image">
			<description>List</description>
			<posx>398</posx>
			<posy>564</posy>
			<width>1125</width>
			<height>80</height>
			<texture border="40,0,40,5">../../skin.estouchy/media/dialogs/list.png</texture>
		</control>
				<control type="image">
			<description>List</description>
			<posx>398</posx>
			<posy>644</posy>
			<width>1125</width>
			<height>80</height>
			<texture border="40,0,40,5">../../skin.estouchy/media/dialogs/list.png</texture>
		</control>
				<control type="image">
			<description>List</description>
			<posx>398</posx>
			<posy>724</posy>
			<width>1125</width>
			<height>80</height>
			<texture border="40,0,40,5">../../skin.estouchy/media/dialogs/list.png</texture>
		</control>

		<control type="button" id="1000">
			<description>Close Window button</description>
			<posx>1450</posx>
			<posy>92</posy>
			<width>64</width>
			<height>64</height>
			<onclick>Dialog.Close(all,true)</onclick>
			<onclick>FullScreen</onclick>
			<texturefocus>../../skin.estouchy/media/dialogs/close.png</texturefocus>
			<texturenofocus>../../skin.estouchy/media/dialogs/close.png</texturenofocus>
			<animation effect="fade" time="200">VisibleChange</animation>
			<visible>true</visible>
		</control>
	
		<control type="label">
			<posx>490</posx>
			<posy>265</posy>
			<width>980</width>
			<height>150</height>
			<font>font28</font>
			<textcolor>FFF0F0F0</textcolor>
			<shadowcolor>22000000</shadowcolor>
			<align>center</align>
			<label>$ADDON[script.mtvguide 30501]</label>
		</control>

		<control type="wraplist" id="6000">
			<posx>398</posx>
			<posy>400</posy>
			<width>1125</width>
			<height>400</height>
			<onleft>101</onleft>
			<onright>6002</onright>
			<viewtype label="list">list</viewtype>
			<orientation>vertical</orientation>
			<focusposition>0</focusposition>
			<itemlayout width="1125" height="80">
				<control type="image">
					<posx>0</posx>
					<posy>0</posy>
					<width>1125</width>
					<height>80</height>
					<texture colordiffuse="" border="5"></texture>
				</control>
				<control type="label">
					<posx>75</posx>
					<posy>25</posy>
					<width>1125</width>
					<height>38</height>
					<aligny>center</aligny>
					<align>left</align>
					<font>font28</font>
					<textcolor>FFF0F0F0</textcolor>
					<shadowcolor>22000000</shadowcolor>
					<info>ListItem.Label</info>
				</control>
				<control type="image">
					<posx>30</posx>
					<posy>34</posy>
					<width>20</width>
					<height>20</height>
					<colordiffuse>white</colordiffuse>
					<info>ListItem.Icon</info>
				</control>
			</itemlayout>
			<focusedlayout width="1125" height="80">
				<control type="image">
					<posx>0</posx>
					<posy>0</posy>
					<width>1125</width>
					<height>80</height>
					<texture colordiffuse="ff1b6b86" border="5">../../skin.estouchy/media/osd/white.png</texture>
					<visible>Control.IsVisible(6000)</visible>
				</control>
				<control type="label">
					<posx>75</posx>
					<posy>25</posy>
					<width>1125</width>
					<height>38</height>
					<aligny>center</aligny>
					<align>left</align>
					<font>font28</font>
					<textcolor>FFF0F0F0</textcolor>
					<shadowcolor>22000000</shadowcolor>
					<label>$INFO[ListItem.Label]</label>	
				</control>
				<control type="image">
					<posx>30</posx>
					<posy>34</posy>
					<width>20</width>
					<height>20</height>
					<info>ListItem.Icon</info>
				</control>
			</focusedlayout>
		</control>
		
		<control type="group">
			<posx>980</posx>
			<posy>295</posy>
			<width>1920</width>
			<height>38</height>
			<visible>!Control.IsVisible(6001)</visible>
			<animation type="Visible">
				<effect type="fade" start="0" end="100" time="250"/>
			</animation>
			<animation type="Hidden">
				<effect type="fade" start="100" end="0" time="250"/>
			</animation>

		<control type="image">
			<posx>395</posx>
			<posy>133</posy>
			<width>14</width>
			<height>32</height>
			<colordiffuse>white</colordiffuse>
			<texture>../../skin.estouchy/media/tvguide-channel-updownarrow.png</texture>
		</control>
		<control type="image">
			<posx>40</posx>
			<posy>-130</posy>
			<width>500</width>
			<height>38</height>
		</control>
		<control type="button" id="6002">
			<posx>-490</posx>
			<posy>130</posy>
			<width>860</width>
			<height>38</height>
			<aligny>center</aligny>
			<align>right</align>
			<font>font12</font>
			<textcolor>FFF0F0F0</textcolor>
			<shadowcolor>22000000</shadowcolor>
			<focusedcolor>white</focusedcolor>
			<texturefocus></texturefocus>
			<texturenofocus></texturenofocus>
			<onleft>6000</onleft>
			<onright>6003</onright>
		</control>
	</control>
		
		<control type="image">
			<posx>408</posx>
			<posy>425</posy>
			<width>12</width>
			<height>40</height>
			<colordiffuse>white</colordiffuse>
			<texture flipx="true" >../../skin.estouchy/media/tvguide-channel-leftarrow.png</texture>
		</control>
		
		<control type="button">
			<posx>465</posx>
			<posy>168</posy>
			<width>225</width>
			<height>70</height>
			<align>center</align>
			<aligny>center</aligny>
			<font>font18_title</font>
			<textcolor>FFF0F0F0</textcolor>
			<shadowcolor>22000000</shadowcolor>
			<focusedcolor>white</focusedcolor>
			<label>[CAPITALIZE]$ADDON[script.mtvguide 30307][/CAPITALIZE]</label>
			<onright>6000</onright>
			<texturefocus border="15" colordiffuse="FF12A0C7">../../skin.estouchy/media/dialogs/dialogbutton-focus.png</texturefocus>
			<texturenofocus border="15" colordiffuse="5F000000">../../skin.estouchy/media/dialogs/dialogbutton-nofocus.png</texturenofocus>
		</control>

		<control type="button" id="6003">
			<description>Save</description>
			<posx>617</posx>
			<posy>910</posy>
			<width>225</width>
			<height>70</height>
			<align>center</align>
			<aligny>center</aligny>
			<font>font18_title</font>
			<textcolor>FFF0F0F0</textcolor>
			<shadowcolor>22000000</shadowcolor>
			<focusedcolor>white</focusedcolor>
			<label>[CAPITALIZE]$ADDON[script.mtvguide 30502][/CAPITALIZE]</label>
			<onup>6000</onup>
			<onright>6004</onright>
			<texturefocus border="15" colordiffuse="FF12A0C7">../../skin.estouchy/media/dialogs/dialogbutton-focus.png</texturefocus>
			<texturenofocus border="15" colordiffuse="5F000000">../../skin.estouchy/media/dialogs/dialogbutton-nofocus.png</texturenofocus>
		</control>
		<control type="button" id="6004">
			<description>Cancel</description>
			<posx>847</posx>
			<posy>910</posy>
			<width>225</width>
			<height>70</height>
			<align>center</align>
			<aligny>center</aligny>
			<font>font18_title</font>
			<textcolor>FFF0F0F0</textcolor>
			<shadowcolor>22000000</shadowcolor>
			<focusedcolor>white</focusedcolor>
			<label>[CAPITALIZE]$ADDON[script.mtvguide 30503][/CAPITALIZE]</label>
			<onup>6000</onup>
			<onleft>6003</onleft>
			<texturefocus border="15" colordiffuse="FF12A0C7">../../skin.estouchy/media/dialogs/dialogbutton-focus.png</texturefocus>
			<texturenofocus border="15" colordiffuse="5F000000">../../skin.estouchy/media/dialogs/dialogbutton-nofocus.png</texturenofocus>
		</control>
	</controls>
</window>