<window>
	<zorder>2</zorder>
	<aspectratio>strech</aspectratio>
	<defaultcontrol></defaultcontrol>
	<controls>
		<control type="image">
			<description>serwis_info</description>
			<posx>702</posx>
			<posy>12</posy>
			<width>64</width>
			<height>64</height>
			<texture>../../skin.estouchy/media/dialogs/defaulticoninfo.png</texture>
			<visible>Player.HasVideo + !String.IsEmpty(Control.GetLabel(4940)) + !IsEmpty(Control.GetLabel(4940)) + !Window.IsActive(notification)</visible>
		</control>
		<control type="label" id="4940">
			<description>serwis</description>
			<posx>48%</posx>
			<posy>14</posy>
			<width min="20" max="230">auto</width>
			<height>auto</height>
			<label>$ADDON[script.mtvguide 55015]</label>
			<font>font18_title</font>
			<textcolor>FFF0F0F0</textcolor>
			<shadowcolor>22000000</shadowcolor>
			<visible>Player.HasVideo + !String.IsEmpty(Control.GetLabel(4940)) + !IsEmpty(Control.GetLabel(4940)) + !Window.IsActive(notification)</visible>
		</control>
		<control type="label">
			<description>label</description>
			<posx>44%</posx>
			<posy>40</posy>
			<width min="20" max="630">auto</width>
			<height>auto</height>
			<font>font20</font>
			<textcolor>FFF0F0F0</textcolor>
			<shadowcolor>22000000</shadowcolor>
			<label>$ADDON[script.mtvguide 30965]</label>
			<visible>Player.HasVideo + !String.IsEmpty(Control.GetLabel(4940)) + !IsEmpty(Control.GetLabel(4940)) + !Window.IsActive(notification)</visible>
		</control>
		<control type="image">
			<description>Channel number input bg</description>
			<posx>30</posx>
			<posy>105</posy>
			<width>200</width>
			<height>140</height>
			<texture>../../skin.estouchy/media/dialogs/osd.png</texture>
			<visible>!String.IsEqual(Control.GetLabel(9999),)</visible>
		</control>
		<control type="label" id="9999">
			<description>Channel number input</description>
			<posx>40</posx>
			<posy>105</posy>
			<width>180</width>
			<height>140</height>
			<textcolor>FFF0F0F0</textcolor>
			<font>font70_title</font>
			<align>center</align>
			<aligny>center</aligny>
			<visible>!Control.IsVisible(5000)</visible>
		</control>
	</controls>
</window>
