<?xml version="1.0" encoding="utf-8"?>
<window>
	<zorder>1</zorder>
	<defaultcontrol always="true">1000</defaultcontrol>
	<allowoverlay>no</allowoverlay>
	<aspectratio>strech</aspectratio>
	<coordinates>
		<system>1</system><posx>0</posx><posy>0</posy>
	</coordinates>
			<animation effect="fade" start="0" end="100" time="300">WindowOpen</animation>
			<animation effect="fade" start="100" end="0" time="200">WindowClose</animation>
		<controls>
		
		<control type="image">
			<posx>0</posx>
			<posy>0</posy>
			<width>1920</width>
			<height>75</height>
			<texture>../../skin.estouchy/media/dialogs/header.png</texture>
		</control>
			
		<control type="image">
			<posx>0</posx>
			<posy>75r</posy>
			<width>1920</width>
			<height>75</height>
			<texture flipy="true">dialogs/header.png</texture>
		</control>
		
		<control type="image">
			<description>Background image</description>
			<posx>0</posx>
			<posy>821</posy>
			<width>1920</width>
			<height>169</height>
			<texture>../../skin.estouchy/media/dialogs/osd.png</texture>
		</control>
		
		<control type="image">
			<description>Background image</description>
			<posx>0</posx>
			<posy>992</posy>
			<width>1920</width>
			<height>88</height>
			<texture colordiffuse="4F000000">dialogs/osd.png</texture>
		</control>
		
		<control type="image">
			<description>Separator image</description>
			<posx>1842</posx>
			<posy>0</posy>
			<width>2</width>
			<height>87</height>
			<texture>../../skin.estouchy/media/dialogs/separator.png</texture>
		</control>
				
		<!-- InfoBar -->
		<control type="image">
			<left>24</left>
			<top>2</top>
			<width>170</width>
			<height>85</height>
			<texture colordiffuse="">../../skin.estouchy/media/dialogs/kodi_logo.png</texture>
		</control>
		
		<control type="button" id="1000">
			<visible>hidden</visible>
		</control>
		
		<control type="button">
			<description>Close Window button</description>
			<posx>1846</posx>
			<posy>12</posy>
			<width>64</width>
			<height>64</height>
			<onclick>Dialog.Close(VideoOSD,true)</onclick>
			<onclick>Back</onclick>
			<texturefocus>../../skin.estouchy/media/dialogs/close.png</texturefocus>
			<texturenofocus>../../skin.estouchy/media/dialogs/close.png</texturenofocus>
			<animation effect="fade" time="200">VisibleChange</animation>
			<visible>true</visible>
		</control>
		
		<!-- Now / Next Button -->
		<control type="button" id="112">
			<left>1335</left>
			<top>735</top>
			<width>258</width>
			<height>60</height>
			<font>font12</font>
			<texturefocus colordiffuse="FF12B2E7">../../skin.estouchy/media/osd/white.png</texturefocus>
			<texturenofocus colordiffuse="">../../skin.estouchy/media/dialogs/dialog-bg-nobo.png</texturenofocus>
			<visible>!Control.IsVisible(118) + Control.IsVisible(107) | Control.IsVisible(108)</visible>
		</control>
		
		<control type="button" id="111">
			<left>1623</left>
			<top>735</top>
			<width>258</width>
			<height>60</height>
			<font>font12</font>
			<texturefocus colordiffuse="FF12B2E7">../../skin.estouchy/media/osd/white.png</texturefocus>
			<texturenofocus colordiffuse="">../../skin.estouchy/media/dialogs/dialog-bg-nobo.png</texturenofocus>
		</control>
		
		<control type="button" id="118">
			<description>Plot</description>
			<left>1335</left>
			<top>735</top>
			<width>258</width>
			<height>60</height>
			<font>font12</font>
			<textcolor>FFF0F0F0</textcolor>
			<focusedcolor>FFF0F0F0</focusedcolor>
			<disabledcolor>40FFFFFF</disabledcolor>
			<shadowcolor>22000000</shadowcolor>
			<align>center</align>
			<aligny>center</aligny>
			<label>$ADDON[script.mtvguide 68000]</label>
			<texturefocus colordiffuse="FF12B2E7">../../skin.estouchy/media/osd/white.png</texturefocus>
			<texturenofocus colordiffuse="">../../skin.estouchy/media/dialogs/dialog-bg-nobo.png</texturenofocus>
			<visible>!Control.IsVisible(107) + !Control.IsVisible(108)</visible>
		</control>
		
		<control type="label">
			<description>Previous</description>
			<left>1335</left>
			<top>735</top>
			<width>258</width>
			<height>60</height>
			<font>font12</font>
			<textcolor>FFF0F0F0</textcolor>
			<shadowcolor>22000000</shadowcolor>
			<align>center</align>
			<aligny>center</aligny>
			<label>$ADDON[script.mtvguide 68011]</label>
			<visible>Control.IsVisible(107) | Control.IsVisible(108)</visible>
		</control>
		
		<control type="label">
			<description>Now</description>
			<left>1623</left>
			<top>735</top>
			<width>258</width>
			<height>60</height>
			<font>font12</font>
			<textcolor>FFF0F0F0</textcolor>
			<shadowcolor>22000000</shadowcolor>
			<align>center</align>
			<aligny>center</aligny>
			<label>$ADDON[script.mtvguide 30311]</label>
			<visible>Control.IsVisible(118) + !Control.IsVisible(107) + !Control.IsVisible(108)</visible>
		</control>
		
		<control type="label">
			<description>Next</description>
			<left>1623</left>
			<top>735</top>
			<width>258</width>
			<height>60</height>
			<font>font12</font>
			<textcolor>FFF0F0F0</textcolor>
			<shadowcolor>22000000</shadowcolor>
			<align>center</align>
			<aligny>center</aligny>
			<label>$ADDON[script.mtvguide 30312]</label>
			<visible>Control.IsVisible(107) | Control.IsVisible(108)</visible>
		</control>
	
		<!-- !LiveTV -->
		<control type="group" id="100">
			<posx>0</posx>
			<posy>0</posy>
			<animation effect="fade" start="0" end="100" time="300">WindowOpen</animation>
			<animation effect="fade" start="100" end="0" time="200">WindowClose</animation>
			<visible>true</visible>
			
		<control type="label" id="4950">
			<visible>hidden</visible>
		</control>
		
		<control type="label" id="4951">
			<visible>hidden</visible>
		</control>
		
		<control type="label" id="4919">
			<visible>hidden</visible>
		</control>
		
		<control type="label" id="4925">
			<visible>hidden</visible>
		</control>
		
		<control type="label" id="4958">
			<visible>hidden</visible>
		</control>
		
		<control type="image" id="4932">
			<visible>hidden</visible>
		</control>
		
		<control type="label" id="4962">
			<visible>hidden</visible>
		</control>
		
		<control type="label">
			<description>Program title</description>
			<posx>315</posx>
			<posy>875</posy>
			<width min="20" max="840">auto</width>
			<height>40</height>
			<textcolor>FFF0F0F0</textcolor>
			<shadowcolor>22000000</shadowcolor>
			<font>font28_title</font>
			<label>$INFO[Control.GetLabel(4919)] [COLOR FF777777]$INFO[Control.GetLabel(4962)][/COLOR]</label>
			<aligny>center</aligny>
		</control>
		
		<control type="label">
			<posx>1900</posx>
			<posy>958</posy>
			<width min="20" max="275">auto</width>
			<height>28</height>
			<textcolor>FFF0F0F0</textcolor>
			<shadowcolor>22000000</shadowcolor>
			<font>font20_narrow</font>
			<label>$LOCALIZE[19127]: $INFO[Control.GetLabel(4958)]</label>
			<align>right</align>
		</control>
		
		<control type="image" id="4944">
			<description>Live</description>
			<posx>1524</posx>
			<posy>88r</posy>
			<width>88</width>
			<height>88</height>
			<aspectratio>keep</aspectratio>
			<bordersize>12</bordersize>
		</control>
		
		<control type="image" id="4924">
			<description>Channel logo</description>
			<posx>0</posx>
			<top>873</top>
			<width>259</width>
			<height>156</height>
			<aspectratio>keep</aspectratio>
		</control>
		
		<control type="textbox" id="4922">
			<description>Program description</description>
			<posx>50</posx>
			<posy>855</posy>
			<width>725</width>
			<height>65</height>
			<textcolor>FFF0F0F0</textcolor>
			<shadowcolor>22000000</shadowcolor>
			<font>font12</font>
			<align>left</align>
			<scrolltime tween="sine">200</scrolltime>
			<wrapmultiline>true</wrapmultiline>
			<autoscroll time="3500" delay="7500" repeat="10000">false</autoscroll>
			<visible>hidden</visible>
		</control>
		
		<control type="button" id="1">
			<description>Volume</description>
			<posx>578</posx>
			<posy>23</posy>
			<width>45</width>
			<height>45</height>
			<colordiffuse>white</colordiffuse>
			<texturefocus colordiffuse="FF009FC9">../../skin.estouchy/media/buttons/volumeFO.png</texturefocus>
			<texturenofocus colordiffuse="white">../../skin.estouchy/media/buttons/volumeFO.png</texturenofocus>
			<textcolor>FFF0F0F0</textcolor>
			<focusedcolor>white</focusedcolor>
			<disabledcolor>80FFFFFF</disabledcolor>
			<invalidcolor>white</invalidcolor>
			<onclick>ActivateWindow(1112)</onclick>
			<visible>Player.HasMedia + Window.IsActive(VidOSD.xml) + !Window.IsVisible(busydialog) + !Window.IsVisible(Notification)</visible>
		</control>
		
		<control type="label" id="4921">
			<visible>hidden</visible>
		</control>
		
		<control type="label">
			<posx>650</posx>
			<posy>13</posy>
			<width min="20" max="275">auto</width>
			<height>32</height>
			<font>font20_title</font>
			<aligny>center</aligny>
			<label>$INFO[Control.GetLabel(4921)]</label>
		</control>
		
		<!-- Progress -->
		<control type="slider" id="4998">
			<left>650</left>
			<top>56</top>
			<width>620</width>
			<height>14</height>
			<controloffsetx>75</controloffsetx>
			<controloffsety>0</controloffsety>
			<texturesliderbar colordiffuse="00FFFFFF">../../skin.estouchy/media/osd/nub_bar.png</texturesliderbar>
			<textureslidernib colordiffuse="">../../skin.estouchy/media/osd/nub_bar.png</textureslidernib>
			<textureslidernibfocus colordiffuse="">../../skin.estouchy/media/osd/nub_bar.png</textureslidernibfocus>
			<visible>!Window.IsVisible(1112)</visible>
		</control>
		
		<control type="progress" id="4999">
			<left>650</left>
			<top>56</top>
			<width>620</width>
			<height>14</height>
			<texturebg border="3" colordiffuse="60FFFFFF">../../skin.estouchy/media/osd/white50.png</texturebg>
			<midtexture colordiffuse="FF12B2E7">../../skin.estouchy/media/osd/white70.png</midtexture>
			<visible>!Window.IsVisible(1112)</visible>
		</control>
		
		<!-- Bottom menu -->
		<control type="group">
			<posx>0</posx>
			<posy>0</posy>
			<width>1920</width>
			<height>1080</height>
			<animation type="WindowOpen">
				<effect type="fade" start="0" end="100" time="300" tween="sine" easing="out"/>
			</animation>
			<animation type="WindowClose">
				<effect type="fade" start="100" end="0" time="300" tween="sine" easing="out" />
			</animation>
			<visible>!Control.IsVisible(5000)</visible>
			
		<control type="image" id="1">
			<posx>1775</posx>
			<posy>88r</posy>
			<width>137</width>
			<height>88</height>
			<texture>../../skin.estouchy/media/osd/list_focus.png</texture>
			<visible>Control.HasFocus(106)</visible>
		</control>
		
		<control type="image" id="1">
			<posx>1796</posx>
			<posy>88r</posy>
			<width>88</width>
			<height>88</height>
			<bordersize>12</bordersize>
			<texture colordiffuse="white">../../skin.estouchy/media/dialogs/settings.png</texture>
			<aspectratio>keep</aspectratio>
		</control>
			
		<control type="button" id="106">
			<description>Options</description>
			<posx>1796</posx>
			<posy>88r</posy>
			<width>88</width>
			<height>88</height>
			<colordiffuse>white</colordiffuse>
			<texturefocus></texturefocus>
			<texturenofocus></texturenofocus>
			<aspectratio>keep</aspectratio>
			<wrapmultiline>false</wrapmultiline>
			<font>font13</font>
			<textcolor>FFF0F0F0</textcolor>
			<focusedcolor>white</focusedcolor>
			<disabledcolor>80FFFFFF</disabledcolor>
			<invalidcolor>white</invalidcolor>
			<align>left</align>
			<aligny>center</aligny>
			<textoffsetx>64</textoffsetx>
			<textwidth>300</textwidth>
			<onclick></onclick>
			<onfocus></onfocus>
			<onunfocus></onunfocus>
			<onup></onup>
			<ondown></ondown>
		</control>
		
		<control type="image" id="1">
			<posx>1638</posx>
			<posy>88r</posy>
			<width>137</width>
			<height>88</height>
			<texture>../../skin.estouchy/media/osd/list_focus.png</texture>
			<visible>Control.HasFocus(4007)</visible>
		</control>
		
		<control type="image" id="1">
			<posx>1659</posx>
			<posy>88r</posy>
			<width>88</width>
			<height>88</height>
			<bordersize>12</bordersize>
			<texture colordiffuse="white">../../skin.estouchy/media/dialogs/back.png</texture>
			<aspectratio>keep</aspectratio>
		</control>
		
		<control type="button" id="4007">
			<description>Back</description>
			<posx>1659</posx>
			<posy>88r</posy>
			<width>88</width>
			<height>88</height>
			<colordiffuse>white</colordiffuse>
			<texturefocus></texturefocus>
			<texturenofocus></texturenofocus>
			<aspectratio>keep</aspectratio>
			<wrapmultiline>false</wrapmultiline>
			<font>font13</font>
			<textcolor>FFF0F0F0</textcolor>
			<focusedcolor>white</focusedcolor>
			<disabledcolor>80FFFFFF</disabledcolor>
			<invalidcolor>white</invalidcolor>
			<align>right</align>
			<aligny>center</aligny>
			<textoffsetx>64</textoffsetx>
			<textwidth>300</textwidth>
			<onclick>Dialog.Close(all,true)</onclick>
			<onclick>Action(Back)</onclick>
			<onfocus></onfocus>
			<onunfocus></onunfocus>
			<onup></onup>
			<ondown></ondown>
		</control>
	</control>
	
		<control type="image">
			<top>900</top>
			<left>1790</left>
			<width>113</width>
			<height>48</height>
			<aspectratio align="center">scale</aspectratio>
			<texture>$INFO[VideoPlayer.AudioChannels,../../skin.estouchy/media/flags/audiochannel/,.png]</texture>
		</control>
		<control type="image">
			<top>900</top>
			<left>1660</left>
			<width>113</width>
			<height>48</height>
			<aspectratio align="center">scale</aspectratio>
			<texture>$INFO[VideoPlayer.AudioCodec,../../skin.estouchy/media/flags/audiocodec/,.png]</texture>
		</control>
		<control type="image">
			<top>855</top>
			<left>1660</left>
			<width>113</width>
			<height>48</height>
			<aspectratio align="center">scale</aspectratio>
			<texture>$INFO[VideoPlayer.VideoAspect,../../skin.estouchy/media/flags/aspectratio/,.png]</texture>
			<visible>hidden</visible>
		</control>
		<control type="image">
			<top>855</top>
			<left>1790</left>
			<width>113</width>
			<height>48</height>
			<aspectratio align="center">scale</aspectratio>
			<texture>$INFO[VideoPlayer.VideoResolution,../../skin.estouchy/media/flags/videoresolution/,.png]</texture>
		</control>
		<control type="image">
			<top>855</top>
			<left>1660</left>
			<width>113</width>
			<height>48</height>
			<aspectratio align="center">scale</aspectratio>
			<texture>$INFO[VideoPlayer.VideoCodec,../../skin.estouchy/media/flags/videocodec/,.png]</texture>
		</control>
		
		<control type="radiobutton" id="101">
			<posx>752</posx>
			<top>1008</top>
			<width>56</width>
			<height>56</height>
			<textureradioonfocus colordiffuse="FF009FC9">../../skin.estouchy/media/buttons/stopFO.png</textureradioonfocus>
			<textureradioonnofocus>../../skin.estouchy/media/buttons/stopFO.png</textureradioonnofocus>
			<textureradioofffocus colordiffuse="FF009FC9">../../skin.estouchy/media/buttons/stopFO.png</textureradioofffocus>
			<textureradiooffnofocus>../../skin.estouchy/media/buttons/stopFO.png</textureradiooffnofocus>
			<texturefocus></texturefocus>
			<font></font>
			<texturenofocus></texturenofocus>
			<radioposx>1</radioposx>
			<radioposy>0</radioposy>
			<radiowidth>54</radiowidth>
			<radioheight>54</radioheight>
			<animation effect="fade" end="100" time="100" delay="0">WindowOpen</animation>
		</control>
		<control type="radiobutton" id="102">
			<posx>932</posx>
			<top>1008</top>
			<width>56</width>
			<height>56</height>
			<textureradioonfocus colordiffuse="FF009FC9">../../skin.estouchy/media/buttons/infoFO.png</textureradioonfocus>
			<textureradioonnofocus>../../skin.estouchy/media/buttons/infoFO.png</textureradioonnofocus>
			<textureradioofffocus colordiffuse="FF009FC9">../../skin.estouchy/media/buttons/infoFO.png</textureradioofffocus>
			<textureradiooffnofocus>../../skin.estouchy/media/buttons/infoFO.png</textureradiooffnofocus>
			<texturefocus></texturefocus>
			<font></font>
			<texturenofocus></texturenofocus>
			<radioposx>1</radioposx>
			<radioposy>0</radioposy>
			<radiowidth>54</radiowidth>
			<radioheight>54</radioheight>
			<animation effect="fade" end="100" time="100" delay="0">WindowOpen</animation>
		</control>
		<control type="radiobutton" id="103">
			<posx>572</posx>
			<top>1008</top>
			<width>56</width>
			<height>56</height>
			<textureradioonfocus colordiffuse="FF009FC9">../../skin.estouchy/media/buttons/upFO.png</textureradioonfocus>
			<textureradioonnofocus>../../skin.estouchy/media/buttons/upFO.png</textureradioonnofocus>
			<textureradioofffocus colordiffuse="FF009FC9">../../skin.estouchy/media/buttons/upFO.png</textureradioofffocus>
			<textureradiooffnofocus>../../skin.estouchy/media/buttons/upFO.png</textureradiooffnofocus>
			<texturefocus></texturefocus>
			<font></font>
			<texturenofocus></texturenofocus>
			<radioposx>1</radioposx>
			<radioposy>0</radioposy>
			<radiowidth>54</radiowidth>
			<radioheight>54</radioheight>
			<animation effect="fade" end="100" time="100" delay="0">WindowOpen</animation>
		</control>
		<control type="radiobutton" id="104">
			<posx>662</posx>
			<top>1008</top>
			<width>56</width>
			<height>56</height>
			<textureradioonfocus flipy="true" colordiffuse="FF009FC9">../../skin.estouchy/media/buttons/upFO.png</textureradioonfocus>
			<textureradioonnofocus flipy="true">../../skin.estouchy/media/buttons/upFO.png</textureradioonnofocus>
			<textureradioofffocus flipy="true" colordiffuse="FF009FC9">../../skin.estouchy/media/buttons/upFO.png</textureradioofffocus>
			<textureradiooffnofocus flipy="true">../../skin.estouchy/media/buttons/upFO.png</textureradiooffnofocus>
			<texturefocus></texturefocus>
			<font></font>
			<texturenofocus></texturenofocus>
			<radioposx>1</radioposx>
			<radioposy>0</radioposy>
			<radiowidth>54</radiowidth>
			<radioheight>54</radioheight>
			<animation effect="fade" end="100" time="100" delay="0">WindowOpen</animation>
		</control>
		<control type="radiobutton" id="105">
			<posx>752</posx>
			<top>1008</top>
			<width>56</width>
			<height>56</height>
			<textureradioonfocus colordiffuse="FF009FC9">../../skin.estouchy/media/buttons/nextFO.png</textureradioonfocus>
			<textureradioonnofocus>../../skin.estouchy/media/buttons/nextFO.png</textureradioonnofocus>
			<textureradioofffocus colordiffuse="FF009FC9">../../skin.estouchy/media/buttons/nextFO.png</textureradioofffocus>
			<textureradiooffnofocus>../../skin.estouchy/media/buttons/nextFO.png</textureradiooffnofocus>
			<texturefocus></texturefocus>
			<font></font>
			<texturenofocus></texturenofocus>
			<radioposx>1</radioposx>
			<radioposy>0</radioposy>
			<radiowidth>54</radiowidth>
			<radioheight>54</radioheight>
			<animation effect="fade" end="100" time="100" delay="0">WindowOpen</animation>
		</control>
		<control type="radiobutton" id="107">
			<posx>752</posx>
			<top>1008</top>
			<width>56</width>
			<height>56</height>
			<textureradioonfocus colordiffuse="FF009FC9">../../skin.estouchy/media/buttons/scheduleFO.png</textureradioonfocus>
			<textureradioonnofocus>../../skin.estouchy/media/buttons/scheduleFO.png</textureradioonnofocus>
			<textureradioofffocus colordiffuse="FF009FC9">../../skin.estouchy/media/buttons/scheduleFO.png</textureradioofffocus>
			<textureradiooffnofocus>../../skin.estouchy/media/buttons/scheduleFO.png</textureradiooffnofocus>
			<texturefocus></texturefocus>
			<font></font>
			<texturenofocus></texturenofocus>
			<radioposx>1</radioposx>
			<radioposy>0</radioposy>
			<radiowidth>54</radiowidth>
			<radioheight>54</radioheight>
			<animation effect="fade" end="100" time="100" delay="0">WindowOpen</animation>
		</control>
		<control type="radiobutton" id="108">
			<posx>752</posx>
			<top>1008</top>
			<width>56</width>
			<height>56</height>
			<textureradioonfocus colordiffuse="FF009FC9">../../skin.estouchy/media/buttons/remindFO.png</textureradioonfocus>
			<textureradioonnofocus>../../skin.estouchy/media/buttons/remindFO.png</textureradioonnofocus>
			<textureradioofffocus colordiffuse="FF009FC9">../../skin.estouchy/media/buttons/remindFO.png</textureradioofffocus>
			<textureradiooffnofocus>../../skin.estouchy/media/buttons/remindFO.png</textureradiooffnofocus>
			<texturefocus></texturefocus>
			<font></font>
			<texturenofocus></texturenofocus>
			<radioposx>1</radioposx>
			<radioposy>0</radioposy>
			<radiowidth>54</radiowidth>
			<radioheight>54</radioheight>
			<animation effect="fade" end="100" time="100" delay="0">WindowOpen</animation>
		</control>
		<control type="radiobutton" id="109">
			<posx>1022</posx>
			<top>1008</top>
			<width>56</width>
			<height>56</height>
			<textureradioonfocus colordiffuse="FF009FC9">../../skin.estouchy/media/buttons/subsFO.png</textureradioonfocus>
			<textureradioonnofocus>../../skin.estouchy/media/buttons/subsFO.png</textureradioonnofocus>
			<textureradioofffocus colordiffuse="FF009FC9">../../skin.estouchy/media/buttons/subsFO.png</textureradioofffocus>
			<textureradiooffnofocus>../../skin.estouchy/media/buttons/subsFO.png</textureradiooffnofocus>
			<texturefocus></texturefocus>
			<font></font>
			<texturenofocus></texturenofocus>
			<radioposx>1</radioposx>
			<radioposy>0</radioposy>
			<radiowidth>54</radiowidth>
			<radioheight>54</radioheight>
			<animation effect="fade" end="100" time="100" delay="0">WindowOpen</animation>
		</control>
		<control type="radiobutton" id="110">
			<posx>1112</posx>
			<top>1008</top>
			<width>56</width>
			<height>56</height>
			<textureradioonfocus colordiffuse="FF009FC9">../../skin.estouchy/media/buttons/langFO.png</textureradioonfocus>
			<textureradioonnofocus>../../skin.estouchy/media/buttons/langFO.png</textureradioonnofocus>
			<textureradioofffocus colordiffuse="FF009FC9">../../skin.estouchy/media/buttons/langFO.png</textureradioofffocus>
			<textureradiooffnofocus>../../skin.estouchy/media/buttons/langFO.png</textureradiooffnofocus>
			<texturefocus></texturefocus>
			<font></font>
			<texturenofocus></texturenofocus>
			<radioposx>1</radioposx>
			<radioposy>0</radioposy>
			<radiowidth>54</radiowidth>
			<radioheight>54</radioheight>
			<animation effect="fade" end="100" time="100" delay="0">WindowOpen</animation>
		</control>
		<control type="radiobutton" id="114">
			<posx>842</posx>
			<top>1008</top>
			<width>56</width>
			<height>56</height>
			<textureradioonfocus colordiffuse="FF009FC9">../../skin.estouchy/media/buttons/playFO.png</textureradioonfocus>
			<textureradioonnofocus>../../skin.estouchy/media/buttons/playFO.png</textureradioonnofocus>
			<textureradioofffocus colordiffuse="FF009FC9">../../skin.estouchy/media/buttons/pauseFO.png</textureradioofffocus>
			<textureradiooffnofocus>../../skin.estouchy/media/buttons/pauseFO.png</textureradiooffnofocus>
			<texturefocus></texturefocus>
			<selected>Player.Paused</selected>
			<font></font>
			<texturenofocus></texturenofocus>
			<radioposx>1</radioposx>
			<radioposy>0</radioposy>
			<radiowidth>54</radiowidth>
			<radioheight>54</radioheight>
			<animation effect="fade" end="100" time="100" delay="0">WindowOpen</animation>
		</control>
		
		<control type="button" id="111">
			<visible>hidden</visible>
		</control>
		<control type="button" id="112">
			<visible>hidden</visible>
		</control>
		<control type="button" id="113">
			<posx>1202</posx>
			<top>1008</top>
			<width>56</width>
			<height>56</height>
			<texturefocus colordiffuse="FF009FC9">../../skin.estouchy/media/buttons/epgFO.png</texturefocus>
			<texturenofocus>../../skin.estouchy/media/buttons/epgFO.png</texturenofocus>
			<animation effect="fade" end="100" time="100" delay="0">WindowOpen</animation>
		</control>
	</control>
		<control type="image">
			<description>Channel number input bg</description>
			<posx>30</posx>
			<posy>105</posy>
			<width>200</width>
			<height>140</height>
			<texture>../../skin.estouchy/media/dialogs/osd.png</texture>
			<visible>!String.IsEqual(Control.GetLabel(9999),)</visible>
		</control>
		<control type="label" id="9999">
			<description>Channel number input</description>
			<posx>40</posx>
			<posy>105</posy>
			<width>180</width>
			<height>140</height>
			<textcolor>FFF0F0F0</textcolor>
			<font>font70_title</font>
			<align>center</align>
			<aligny>center</aligny>
			<visible>!Control.IsVisible(5000)</visible>
		</control>
</controls>
</window>