<?xml version="1.0" encoding="utf-8"?>
<window type="dialog">
	<defaultcontrol always="true">9000</defaultcontrol>
	<aspectratio>scale</aspectratio>
	<coordinates>
		<system>1</system><posx>0</posx><posy>0</posy>
	</coordinates>
	<controls>
	
		<control type="group">
			<animation effect="fade" end="100" time="200">WindowOpen</animation>
			<animation effect="fade" start="100" end="0" time="200">WindowClose</animation>
	
		<!-- Background -->
		<control type="image">
			<posx>0</posx>
			<posy>0</posy>
			<width>1920</width>
			<height>1080</height>
			<aspectratio>scale</aspectratio>
			<texture fallback="tvguide-background-default.jpg" colordiffuse="primary_background">$INFO[Skin.String(CustomDefaultBackground.path)]</texture>
		</control>
		
		<control type="image">
			<depth>DepthBackground</depth>
			<posx>0</posx>
			<posy>0</posy>
			<width>1920</width>
			<height>1080</height>
			<aspectratio>scale</aspectratio>
			<texture colordiffuse="secondary_background" fallback="special://skin/extras/backgrounds/pattern1.jpg">$INFO[Skin.String(background_overlay),special://skin/extras/backgrounds/pattern,.jpg]</texture>
		</control>
		
		<control type="image">
			<depth>DepthBackground</depth>
			<posx>0</posx>
			<posy>0</posy>
			<width>1920</width>
			<height>1080</height>
			<aspectratio>scale</aspectratio>
			<texture colordiffuse="$VAR[PatternColorVar]">special://skin/extras/patterns/pattern13.png</texture>
			<visible>$EXP[ChristmasTheme]</visible>
		</control>
		<control type="image">
			<depth>DepthBackground</depth>
			<posx>0</posx>
			<posy>0</posy>
			<width>1920</width>
			<height>1080</height>
			<aspectratio>scale</aspectratio>
			<texture colordiffuse="$VAR[PatternColorVar]">special://skin/extras/patterns/pattern14.png</texture>
			<visible>$EXP[HalloweenTheme]</visible>
		</control>
		<control type="image">
			<depth>DepthBackground</depth>
			<posx>0</posx>
			<posy>0</posy>
			<width>1920</width>
			<height>1080</height>
			<aspectratio>scale</aspectratio>
			<texture colordiffuse="$VAR[PatternColorVar]">special://skin/extras/patterns/pattern15.png</texture>
			<visible>$EXP[EasterTheme]</visible>
		</control>
		<control type="image">
			<depth>DepthBackground</depth>
			<posx>0</posx>
			<posy>0</posy>
			<width>1920</width>
			<height>1080</height>
			<aspectratio>scale</aspectratio>
			<texture colordiffuse="$VAR[PatternColorVar]">special://skin/extras/patterns/pattern16.png</texture>
			<visible>$EXP[ValentineTheme]</visible>
		</control>
		<control type="image">
			<depth>DepthBackground</depth>
			<posx>0</posx>
			<posy>0</posy>
			<width>1920</width>
			<height>1080</height>
			<aspectratio>scale</aspectratio>
			<texture colordiffuse="$VAR[PatternColorVar]">$INFO[Skin.String(background_overlay),special://skin/extras/patterns/pattern,.png]</texture>
			<visible>!$EXP[ChristmasTheme] + !$EXP[HalloweenTheme] + !$EXP[EasterTheme] + !$EXP[ValentineTheme]</visible>
		</control>
	</control>
		
		<control type="label" id="4920">
			<visible>hidden</visible>
		</control>	
		
	<control type="group">
		<animation effect="fade" end="100" delay="300" time="300">WindowOpen</animation>
		<animation effect="fade" start="100" end="0" time="200">WindowClose</animation>
		
		<control type="label">
			<top>20</top>
			<left>100</left>
			<width>1720</width>
			<height>75</height>
			<width>1200</width>
			<textcolor>FFF0F0F0</textcolor>
			<shadowcolor>22000000</shadowcolor>
			<font>font52_title</font>
			<align>center</align>
			<label>$INFO[Control.getLabel(4920)]</label>
		</control>
		
		<control type="textbox" id="4925">
			<visible>hidden</visible>
		</control>
		
		<control type="label">
			<top>85</top>
			<left>100</left>
			<width>1720</width>
			<height>75</height>
			<textcolor>button_focus</textcolor>
			<shadowcolor>22000000</shadowcolor>
			<font>font13</font>
			<align>center</align>
			<label>[B]$INFO[Control.getLabel(4925)][/B]</label>
		</control>
	</control>
	
		<control type="group">
			<centertop>50%</centertop>
			<height>1080</height>
			<centerleft>50%</centerleft>
			<width>1920</width>
			<animation effect="fade" start="100" end="0" time="200" tween="sine" condition="Window.IsVisible(script-script.extendedinfo-DialogVideoInfo.xml) | Window.IsVisible(script-script.extendedinfo-DialogInfo.xml) | Window.IsVisible(script-script.extendedinfo-VideoList.xml)">Conditional</animation>
			
			<!-- Dialog left top -->
			<control type="group">
				<top>154</top>
				<left>89</left>			
				<animation type="WindowOpen">
					<effect type="fade" end="100" time="200" />
					<effect type="fade" start="0" end="100" time="300" tween="sine" easing="out" />
					<effect type="slide" start="-320" end="0" time="400" tween="cubic" easing="out" />
				</animation>
				<animation type="WindowClose">
					<effect type="fade" start="100" end="0" time="200" />
					<effect type="fade" start="100" end="0" time="300" tween="sine" easing="out" />
					<effect type="slide" start="0" end="-320" time="300" tween="cubic" easing="out" />
				</animation>
				
			<control type="image">
				<top>680</top>
				<left>-16</left>
				<width>516</width>
				<height>142</height>
				<texture border="21">../../skin.estuary.modv2/media/dialogs/button-nofo.png</texture>
			</control>
				
			<control type="group">
				<control type="image">
					<top>700</top>
					<left>4</left>
					<width>476</width>
					<height>102</height>
					<texture colordiffuse="button_focus">../../skin.estuary.modv2/media/dialogs/mk_logo-info1.png</texture>
				</control>
				<control type="image">
					<top>700</top>
					<left>4</left>
					<width>476</width>
					<height>102</height>
					<texture>../../skin.estuary.modv2/media/dialogs/mk_logo-info2.png</texture>
				</control>
			</control>
				
			<control type="image">
				<top>-16</top>
				<left>-16</left>
				<width>516</width>
				<height>718</height>
				<texture border="21">../../skin.estuary.modv2/media/dialogs/dialog-bg.png</texture>
			</control>
		
			<!-- Picture replace -->
			<control type="image">
				<top>-16</top>
				<left>-16</left>
				<width>516</width>
				<height>718</height>
				<texture border="21">../../skin.estuary.modv2/media/dialogs/dialog-bg.png</texture>
			</control>
			
			<control type="image" id="4923">
				<description>Program logo</description>
				<left>4</left>
				<top>4</top>
				<width>476</width>
				<height>678</height>
				<texture>../../skin.estuary.modv2/media/dialogs/mk_defaultvideo.png</texture>
				<aspectratio align="center" aligny="center">keep</aspectratio>
			</control>
		</control>
		
			<!-- Dialog right bottom -->
			<control type="group">
				<left>600</left>
				<top>-30</top>					
				<animation type="WindowOpen">
					<effect type="fade" end="100" time="200" />
					<effect type="fade" start="0" end="100" time="300" tween="sine" easing="out" />
					<effect type="slide" start="320" end="0" time="400" tween="cubic" easing="out" />
				</animation>
				<animation type="WindowClose">
					<effect type="fade" start="100" end="0" time="200" />
					<effect type="fade" start="100" end="0" time="300" tween="sine" easing="out" />
					<effect type="slide" start="0" end="320" time="300" tween="cubic" easing="out" />
				</animation>
			
			<control type="group" id="140">
				<top>318</top>
				<control type="button" id="138">
					<width>631</width>
					<height>568</height>
					<textoffsetx>40</textoffsetx>
					<textoffsety>20</textoffsety>
					<aligny>bottom</aligny>
					<label/>
					<onclick>SetProperty(TextViewer_Header,$ADDON[script.mtvguide 68000],home)</onclick>
					<onclick>SetProperty(TextViewer_Text,$ESCINFO[Control.getLabel(4922)],home)</onclick>
					<onclick>ActivateWindow(1102)</onclick>
					<onleft>138</onleft>
					<onright>138</onright>
					<ondown>9000</ondown>
					<texturefocus colordiffuse="button_focus" border="21">../../skin.estuary.modv2/media/dialogs/button-fo.png</texturefocus>
					<texturenofocus border="21">../../skin.estuary.modv2/media/dialogs/dialog-bg.png</texturenofocus>
				</control>
				
				<control type="image">
					<left>615</left>
					<width>631</width>
					<height>568</height>
					<aligny>bottom</aligny>
					<texture border="21">../../skin.estuary.modv2/media/dialogs/dialog-bg.png</texture>
				</control>
				<control type="textbox" id="4922">
					<left>35</left>
					<top>23</top>
					<width>562</width>
					<height>522</height>
					<align>justify</align>
					<font>fontplot</font>
					<textcolor>FFFFFFFF</textcolor>
					<shadowcolor>22000000</shadowcolor>
					<autoscroll delay="12000" time="4000" repeat="10000">Skin.HasSetting(AutoScroll)</autoscroll>
				</control>
			</control>		

			<!-- Dialog middle top -->
			<control type="group">
				<control type="image">
					<left>0</left>
					<top>168</top>
					<width>1245</width>
					<height>174</height>
					<texture border="21">../../skin.estuary.modv2/media/dialogs/dialog-bg.png</texture>
				</control>
				
			<control type="label" id="4919">	
				<visible>hidden</visible>
			</control>
			
			<control type="label" id="4921">
				<visible>hidden</visible>				
			</control>
			
			<control type="label" id="4960">
				<visible>hidden</visible>
			</control>
				
			<control type="label" id="4961">
				<visible>hidden</visible>
			</control>
			
			<control type="textbox">
				<left>17</left>
				<top>189</top>
				<width>1210</width>
				<height>129</height>
				<align>center</align>
				<aligny>center</aligny>
				<font>font32_title</font>
				<label>$INFO[Control.getLabel(4919)][CR][COLOR white]$INFO[Control.GetLabel(4960)], $INFO[Control.GetLabel(4961)] $INFO[Control.getLabel(4921)][/COLOR]</label>
				<textcolor>button_focus</textcolor>
			</control>
		</control>
			
			<control type="label">
				<left>-173</left>
				<top>1002</top>
				<align>right</align>
				<width>1400</width>
				<height>44</height>
				<font>font20_title</font>
				<textcolor>FFFFFFFF</textcolor>
				<shadowcolor>22000000</shadowcolor>
				<haspath>true</haspath>
				<label>$ADDON[script.mtvguide 68001]</label>
				<visible>Control.HasFocus(138)</visible>
				<animation effect="fade" start="0" end="100" time="300" delay="300">WindowOpen</animation>
				<animation effect="fade" start="100" end="0" time="200">WindowClose</animation>
				<animation effect="fade" start="0" end="100" time="300">Visible</animation>
				<animation effect="fade" start="100" end="0" time="200">Hidden</animation>
			</control>	
		
		<control type="grouplist" id="9000">
			<left>0</left>
			<top>864</top>
			<width>1246</width>
			<height>400</height>
			<onleft>9000</onleft>
			<onright>9000</onright>
			<onup>140</onup>
			<ondown>501</ondown>
			<align>left</align>
			<itemgap>-16</itemgap>
			<orientation>horizontal</orientation>
			
		<control type="radiobutton" id="7200">
			<width>262</width>
			<height>142</height>
			<align>center</align>
			<aligny>top</aligny>
			<texturefocus border="21" colordiffuse="button_focus">../../skin.estuary.modv2/media/dialogs/button-fo.png</texturefocus>
			<texturenofocus border="21">../../skin.estuary.modv2/media/dialogs/button-nofo.png</texturenofocus>
			<textoffsetx>35</textoffsetx>
			<textoffsety>86</textoffsety>
			<radioposx>108</radioposx>
			<radioposy>28</radioposy>
			<radiowidth>48</radiowidth>
			<radioheight>48</radioheight>
			<font>font20_title</font>
			<textureradioonfocus colordiffuse="FFFFFFFF">icons/launch.png</textureradioonfocus>
			<textureradioonnofocus colordiffuse="FFFFFFFF">icons/launch.png</textureradioonnofocus>
			<textureradioofffocus colordiffuse="FFFFFFFF">icons/launch.png</textureradioofffocus>
			<textureradiooffnofocus colordiffuse="FFFFFFFF">icons/launch.png</textureradiooffnofocus>
			<textureradiooffdisabled colordiffuse="40FFFFFF">icons/launch.png</textureradiooffdisabled>
			<textureradioondisabled colordiffuse="40FFFFFF">icons/launch.png</textureradioondisabled>
			<label>$ADDON[script.mtvguide 68002]</label>
			<textcolor>FFF0F0F0</textcolor>
			<focusedcolor>FFF0F0F0</focusedcolor>
			<disabledcolor>40FFFFFF</disabledcolor>
			<onclick>Action(close)</onclick>
			<animation effect="fade" start="100" end="0" time="300" delay="300">Hidden</animation>
		</control>
		
		<control type="radiobutton" id="7201">
			<width>262</width>
			<height>142</height>
			<align>center</align>
			<aligny>top</aligny>
			<texturefocus border="21" colordiffuse="button_focus">../../skin.estuary.modv2/media/dialogs/button-fo.png</texturefocus>
			<texturenofocus border="21">../../skin.estuary.modv2/media/dialogs/button-nofo.png</texturenofocus>
			<textoffsetx>35</textoffsetx>
			<textoffsety>86</textoffsety>
			<radioposx>108</radioposx>
			<radioposy>28</radioposy>
			<radiowidth>48</radiowidth>
			<radioheight>48</radioheight>
			<font>font20_title</font>
			<textureradioonfocus colordiffuse="FFFFFFFF">icons/play.png</textureradioonfocus>
			<textureradioonnofocus colordiffuse="FFFFFFFF">icons/play.png</textureradioonnofocus>
			<textureradioofffocus colordiffuse="FFFFFFFF">icons/play.png</textureradioofffocus>
			<textureradiooffnofocus colordiffuse="FFFFFFFF">icons/play.png</textureradiooffnofocus>
			<textureradiooffdisabled colordiffuse="40FFFFFF">icons/play.png</textureradiooffdisabled>
			<textureradioondisabled colordiffuse="40FFFFFF">icons/play.png</textureradioondisabled>
			<label>$ADDON[script.mtvguide 68003]</label>
			<textcolor>FFF0F0F0</textcolor>
			<focusedcolor>FFF0F0F0</focusedcolor>
			<disabledcolor>40FFFFFF</disabledcolor>
			<onclick>Action(close)</onclick>
			<animation effect="fade" start="100" end="0" time="300" delay="300">Hidden</animation>
			<visible>!Player.HasVideo</visible>
		</control>
		
		<control type="radiobutton" id="8201">
			<width>262</width>
			<height>142</height>
			<align>center</align>
			<aligny>top</aligny>
			<texturefocus border="21" colordiffuse="button_focus">../../skin.estuary.modv2/media/dialogs/button-fo.png</texturefocus>
			<texturenofocus border="21">../../skin.estuary.modv2/media/dialogs/button-nofo.png</texturenofocus>
			<textoffsetx>35</textoffsetx>
			<textoffsety>86</textoffsety>
			<radioposx>108</radioposx>
			<radioposy>28</radioposy>
			<radiowidth>48</radiowidth>
			<radioheight>48</radioheight>
			<font>font20_title</font>
			<textureradioonfocus colordiffuse="40FFFFFF">icons/play.png</textureradioonfocus>
			<textureradioonnofocus colordiffuse="40FFFFFF">icons/play.png</textureradioonnofocus>
			<textureradioofffocus colordiffuse="40FFFFFF">icons/play.png</textureradioofffocus>
			<textureradiooffnofocus colordiffuse="40FFFFFF">icons/play.png</textureradiooffnofocus>
			<textureradiooffdisabled colordiffuse="40FFFFFF">icons/play.png</textureradiooffdisabled>
			<textureradioondisabled colordiffuse="40FFFFFF">icons/play.png</textureradioondisabled>
			<label>$ADDON[script.mtvguide 68003]</label>
			<textcolor>40FFFFFF</textcolor>
			<focusedcolor>40FFFFFF</focusedcolor>
			<disabledcolor>40FFFFFF</disabledcolor>
			<animation effect="fade" start="100" end="0" time="300" delay="300">Hidden</animation>
			<visible>Player.HasVideo</visible>
		</control>
		
		<control type="radiobutton" id="7202">
			<width>262</width>
			<height>142</height>
			<align>center</align>
			<aligny>top</aligny>
			<texturefocus border="21" colordiffuse="button_focus">../../skin.estuary.modv2/media/dialogs/button-fo.png</texturefocus>
			<texturenofocus border="21">../../skin.estuary.modv2/media/dialogs/button-nofo.png</texturenofocus>
			<textoffsetx>35</textoffsetx>
			<textoffsety>86</textoffsety>
			<radioposx>108</radioposx>
			<radioposy>28</radioposy>
			<radiowidth>48</radiowidth>
			<radioheight>48</radioheight>
			<font>font20_title</font>
			<textureradioonfocus colordiffuse="FFFFFFFF">icons/record.png</textureradioonfocus>
			<textureradioonnofocus colordiffuse="FFFFFFFF">icons/record.png</textureradioonnofocus>
			<textureradioofffocus colordiffuse="FFFFFFFF">icons/record.png</textureradioofffocus>
			<textureradiooffnofocus colordiffuse="FFFFFFFF">icons/record.png</textureradiooffnofocus>
			<textureradiooffdisabled colordiffuse="40FFFFFF">icons/record.png</textureradiooffdisabled>
			<textureradioondisabled colordiffuse="40FFFFFF">icons/record.png</textureradioondisabled>
			<label>$ADDON[script.mtvguide 69039]</label>
			<textcolor>FFF0F0F0</textcolor>
			<focusedcolor>FFF0F0F0</focusedcolor>
			<disabledcolor>40FFFFFF</disabledcolor>
			<onclick>Action(close)</onclick>
			<animation effect="fade" start="100" end="0" time="300" delay="300">Hidden</animation>
		</control>
		
		<control type="radiobutton" id="440">
			<width>262</width>
			<height>142</height>
			<align>center</align>
			<aligny>top</aligny>
			<texturefocus border="21" colordiffuse="button_focus">../../skin.estuary.modv2/media/dialogs/button-fo.png</texturefocus>
			<texturenofocus border="21">../../skin.estuary.modv2/media/dialogs/button-nofo.png</texturenofocus>
			<textoffsetx>35</textoffsetx>
			<textoffsety>86</textoffsety>
			<radioposx>108</radioposx>
			<radioposy>18</radioposy>
			<radiowidth>48</radiowidth>
			<radioheight>48</radioheight>
			<font>font20_title</font>
			<textureradioonfocus colordiffuse="FFFFFFFF">icons/youtube.png</textureradioonfocus>
			<textureradioonnofocus colordiffuse="FFFFFFFF">icons/youtube.png</textureradioonnofocus>
			<textureradioofffocus colordiffuse="FFFFFFFF">icons/youtube.png</textureradioofffocus>
			<textureradiooffnofocus colordiffuse="FFFFFFFF">icons/youtube.png</textureradiooffnofocus>
			<textureradiooffdisabled colordiffuse="40FFFFFF">icons/youtube.png</textureradiooffdisabled>
			<textureradioondisabled colordiffuse="40FFFFFF">icons/youtube.png</textureradioondisabled>
			<label>$ADDON[script.mtvguide 68004]</label>
			<textcolor>FFF0F0F0</textcolor>
			<focusedcolor>FFF0F0F0</focusedcolor>
			<disabledcolor>40FFFFFF</disabledcolor>
			<onclick>Action(close)</onclick>
			<onclick>RunScript(script.extendedinfo,info=youtubebrowser,id=$INFO[Control.getLabel(4920)])</onclick>
			<animation effect="fade" start="100" end="0" time="300" delay="300">Hidden</animation>
			<visible>System.hasAddon(script.extendedinfo)</visible>
		</control>
	</control>
</control>
		
		<control type="group">
			<left>0</left>
			<top>0</top>
			
			<control type="grouplist">
				<left>1248</left>
				<posy>350</posy>
				<width>1920</width>
				<height>1080</height>
				<itemgap>6</itemgap>
				<orientation>horizontal</orientation>
				<align>left</align>
				<animation type="WindowOpen">
					<effect type="fade" end="100" time="200" />
					<effect type="fade" start="0" end="100" time="300" tween="sine" easing="out" />
					<effect type="slide" start="320" end="0" time="400" tween="cubic" easing="out" />
				</animation>
				<animation type="WindowClose">
					<effect type="fade" start="100" end="0" time="200" />
					<effect type="fade" start="100" end="0" time="300" tween="sine" easing="out" />
					<effect type="slide" start="0" end="320" time="300" tween="cubic" easing="out" />
				</animation>
				
			<control type="label">
				<description>Genre</description>
				<left>0</left>
				<posy>0</posy>
				<width min="20" max="330">auto</width>
				<height>50</height>
				<textcolor>button_focus</textcolor>
				<shadowcolor>22000000</shadowcolor>
				<font>font_textbox</font>
				<align>left</align>
				<aligny>center</aligny>
				<label>$ADDON[script.mtvguide 30505] :</label>
				<visible>!String.IsEmpty(Control.GetLabel(4926))</visible>
			</control>
			<control type="textbox" id="4926">
				<description>Program genre</description>
				<left>0</left>
				<posy>0</posy>
				<width min="20" max="460">auto</width>
				<height>50</height>
				<textcolor>FFF0F0F0</textcolor>
				<shadowcolor>22000000</shadowcolor>
				<font>font_textbox</font>
				<align>left</align>
				<aligny>center</aligny>
			</control>
		</control>
		
		<control type="group">
			<left>0</left>
			<top>0</top>
			
			<control type="grouplist">
				<left>1248</left>
				<posy>405</posy>
				<width>1920</width>
				<height>1080</height>
				<itemgap>6</itemgap>
				<usecontrolcoords>true</usecontrolcoords>
				<orientation>horizontal</orientation>
				<align>left</align>
				<animation type="WindowOpen">
					<effect type="fade" end="100" time="200" />
					<effect type="fade" start="0" end="100" time="300" tween="sine" easing="out" />
					<effect type="slide" start="320" end="0" time="400" tween="cubic" easing="out" />
				</animation>
				<animation type="WindowClose">
					<effect type="fade" start="100" end="0" time="200" />
					<effect type="fade" start="100" end="0" time="300" tween="sine" easing="out" />
					<effect type="slide" start="0" end="320" time="300" tween="cubic" easing="out" />
				</animation>
				
			<control type="label">
				<description>Actors</description>
				<left>0</left>
				<posy>0</posy>
				<width min="20" max="300">auto</width>
				<height>50</height>
				<textcolor>button_focus</textcolor>
				<shadowcolor>22000000</shadowcolor>
				<font>font_textbox</font>
				<align>left</align>
				<aligny>center</aligny>
				<label>$ADDON[script.mtvguide 30507] :</label>
				<visible>!String.IsEmpty(Control.GetLabel(4928))</visible>
			</control>
		
			<control type="textbox" id="4928">
				<description>Program actors</description>
				<left>0</left>
				<posy>0</posy>
				<width min="20" max="360">auto</width>
				<height>50</height>
				<textcolor>FFF0F0F0</textcolor>
				<shadowcolor>22000000</shadowcolor>
				<font>font_textbox</font>
				<align>left</align>
				<aligny>center</aligny>
			</control>
		</control>
		
		<control type="group">
			<left>0</left>
			<top>0</top>
			
			<control type="grouplist">
				<left>1248</left>
				<posy>460</posy>
				<width>1920</width>
				<height>1080</height>
				<itemgap>6</itemgap>
				<usecontrolcoords>true</usecontrolcoords>
				<orientation>horizontal</orientation>
				<align>left</align>
				<animation type="WindowOpen">
					<effect type="fade" end="100" time="200" />
					<effect type="fade" start="0" end="100" time="300" tween="sine" easing="out" />
					<effect type="slide" start="320" end="0" time="400" tween="cubic" easing="out" />
				</animation>
				<animation type="WindowClose">
					<effect type="fade" start="100" end="0" time="200" />
					<effect type="fade" start="100" end="0" time="300" tween="sine" easing="out" />
					<effect type="slide" start="0" end="320" time="300" tween="cubic" easing="out" />
				</animation>
				
			<control type="label">
				<description>Date</description>
				<left>0</left>
				<posy>0</posy>
				<width min="20" max="330">auto</width>
				<height>50</height>
				<textcolor>button_focus</textcolor>
				<shadowcolor>22000000</shadowcolor>
				<font>font_textbox</font>
				<align>left</align>
				<aligny>center</aligny>
				<label>$ADDON[script.mtvguide 30508] :</label>
				<visible>!String.IsEmpty(Control.GetLabel(4929))</visible>
			</control>
		
			<control type="textbox" id="4929">
				<description>Program date</description>
				<left>0</left>
				<posy>0</posy>
				<width min="20" max="330">auto</width>
				<height>50</height>
				<textcolor>FFF0F0F0</textcolor>
				<shadowcolor>22000000</shadowcolor>
				<font>font_textbox</font>
				<align>left</align>
				<aligny>center</aligny>
			</control>
		</control>
		
		
		<control type="group">
			<left>0</left>
			<top>0</top>
			<animation type="WindowOpen">
				<effect type="fade" end="100" time="200" />
				<effect type="fade" start="0" end="100" time="300" tween="sine" easing="out" />
				<effect type="slide" start="320" end="0" time="400" tween="cubic" easing="out" />
			</animation>
			<animation type="WindowClose">
				<effect type="fade" start="100" end="0" time="200" />
				<effect type="fade" start="100" end="0" time="300" tween="sine" easing="out" />
				<effect type="slide" start="0" end="320" time="300" tween="cubic" easing="out" />
			</animation>
		
			<control type="grouplist">
				<left>1248</left>
				<posy>520</posy>
				<width>1920</width>
				<height>1080</height>
				<itemgap>6</itemgap>
				<usecontrolcoords>true</usecontrolcoords>
				<orientation>horizontal</orientation>
				<align>left</align>
				
				
			<control type="label">
				<description>Director</description>
				<left>0</left>
				<posy>0</posy>
				<width min="20" max="300">auto</width>
				<height>50</height>
				<textcolor>button_focus</textcolor>
				<shadowcolor>22000000</shadowcolor>
				<font>font_textbox</font>
				<align>left</align>
				<aligny>center</aligny>
				<label>$ADDON[script.mtvguide 30509] :</label>
				<visible>!String.IsEmpty(Control.GetLabel(4930))</visible>
			</control>
		
			<control type="textbox" id="4930">
				<description>Program director</description>
				<left>0</left>
				<posy>0</posy>
				<width min="20" max="300">auto</width>
				<height>50</height>
				<textcolor>FFF0F0F0</textcolor>
				<shadowcolor>22000000</shadowcolor>
				<font>font_textbox</font>
				<align>left</align>
				<aligny>center</aligny>
			</control>
		</control>
		
			<control type="image" id="4932">
				<description>Program age</description>
				<top>720</top>
				<left>1730</left>
				<width>72</width>
				<height>72</height>
				<aspectratio>keep</aspectratio>
			</control>
				
			<control type="image" id="4924">
				<description>Channel logo</description>
				<posx>0</posx>
				<posy>0</posy>
				<width>0</width>
				<height>0</height>
				<visible>hidden</visible>
			</control>
			<control type="image" id="4944">
				<description>Live</description>
				<posx>1666</posx>
				<posy>759</posy>
				<width>120</width>
				<height>37</height>
			</control>
			
			<control type="progress" id="4998">
				<posx>0</posx>
				<posy>0</posy>
				<width>0</width>
				<height>0</height>
				<visible>hidden</visible>
			</control>
			
			<control type="progress" id="4999">
				<posx>0</posx>
				<posy>0</posy>
				<width>0</width>
				<height>0</height>
				<visible>hidden</visible>
			</control>
		</control>	
	</control>
			
			<control type="group">
			<posx>1724</posx>
			<posy>1020</posy>
			<animation effect="fade" end="100" delay="300" time="300">WindowOpen</animation>
			<animation effect="fade" start="100" end="0" time="200">WindowClose</animation>
			
			<control type="image">
				<width>176</width>
				<height>50</height>
				<top>0</top>
				<texture>../../skin.estuary.modv2/media/dialogs/mk_time.png</texture>
			</control>
			
			<control type="label" id="4232">
				<width>119</width>
				<top>-1</top>
				<height>50</height>
				<posx>54</posx>
				<align>center</align>
				<aligny>center</aligny>
				<font>font_flag</font>
				<textcolor>FFF0F0F0</textcolor>
			</control>
		</control>
		
				</control>
			</control>	
		</control>
	</controls>
</window>