<?xml version="1.0" encoding="UTF-8"?>
<window type="dialog">
	<allowoverlay>no</allowoverlay>
	<defaultcontrol always="false">101</defaultcontrol>
	<zorder>1</zorder>
	<aspectratio>scale</aspectratio>
	<coordinates>
		<system>1</system>
		<posx>0</posx>
		<posy>0</posy>
	</coordinates>
	<animation type="WindowOpen" reversible="false">
		<effect type="zoom" start="80" end="100" center="50%,50%" delay="160" tween="back" time="240"/>
		<effect type="fade" delay="160" end="100" time="240"/>
	</animation>
	<animation type="WindowClose" reversible="false">
		<effect type="zoom" start="100" end="80" center="50%,50%" easing="in" tween="back" time="240"/>
		<effect type="fade" start="100" end="0" time="240"/>
	</animation>
	<controls>
		<control type="label" id="100">
			<description>tabs visibility marker</description>
			<visible>hidden</visible>
		</control>
		<control type="group">
			<centertop>50%</centertop>
			<height>900</height>
			<centerleft>50%</centerleft>
			<width>1820</width>
			<animation type="Visible" reversible="false">
				<effect type="zoom" start="80" end="100" center="50%,50%" delay="160" tween="back" time="240"/>
				<effect type="fade" delay="160" end="100" time="240"/>
			</animation>
			<animation type="Hidden" reversible="false">
				<effect type="zoom" start="100" end="80" center="50%,50%" easing="in" tween="back" time="240"/>
				<effect type="fade" start="100" end="0" time="240"/>
			</animation>
			<visible>!Player.HasVideo</visible>
			<control type="image">
				<left>-2000</left>
				<top>-2000</top>
				<width>6000</width>
				<height>6000</height>
				<texture colordiffuse="C2FFFFFF">../../skin.estuary.modv2/media/osd/black.png</texture>
			</control>
			<control type="group">
				<width>1820</width>
				<height>900</height>
				<control type="image">
					<left>0</left>
					<top>0</top>
					<right>0</right>
					<bottom>0</bottom>
					<texture colordiffuse="dialog_tint">../../skin.estuary.modv2/media/osd/white.png</texture>
				</control>
				<control type="image">
					<left>0</left>
					<top>0</top>
					<right>0</right>
					<height>70</height>
					<texture colordiffuse="button_focus" border="2">../../skin.estuary.modv2/media/osd/white70.png</texture>
				</control>
				<control type="image">
					<left>0</left>
					<top>0</top>
					<right>0</right>
					<height>70</height>
					<texture colordiffuse="$VAR[GradientColorVar]" border="2">../../skin.estuary.modv2/media/dialogs/focus-gradient.png</texture>
					<visible>Skin.HasSetting(EnableGradientColor)</visible>
				</control>
				<control type="label">
					<description>Header label</description>
					<left>40</left>
					<top>0</top>
					<right>80</right>
					<height>70</height>
					<font>font32_title</font>
					<textcolor>FFF0F0F0</textcolor>
					<shadowcolor>22000000</shadowcolor>
					<label>$ADDON[script.mtvguide 30304] - m-TVGuide [COLOR gold][B]EPG[/B][/COLOR]</label>
					<aligny>center</aligny>
					<scroll>true</scroll>
				</control>
				<control type="button" id="1000">
					<description>Close Window button</description>
					<left>1755</left>
					<top>11</top>
					<width>48</width>
					<height>48</height>
					<onclick>Dialog.Close(all,true)</onclick>
					<onclick>FullScreen</onclick>
					<texturefocus colordiffuse="EEFFFFFF">../../skin.estuary.modv2/media/dialogs/close.png</texturefocus>
					<texturenofocus colordiffuse="EEFFFFFF">../../skin.estuary.modv2/media/dialogs/mk_logo.png</texturenofocus>
					<animation effect="fade" time="200">VisibleChange</animation>
					<visible>true</visible>
				</control>
			</control>
			<control type="button" id="101">
				<description>Default Category Button</description>
				<left>29</left>
				<top>80</top>
				<height>120</height>
				<width>390</width>
				<label>$ADDON[script.mtvguide 30601]</label>
				<textoffsetx>40</textoffsetx>
				<align>center</align>
				<aligny>center</aligny>
				<font>font25_title</font>
				<onup>108</onup>
				<ondown>102</ondown>
				<onleft>1002</onleft>
				<onright>1001</onright>
				<onup/>
				<ondown/>
				<texturefocus border="40" colordiffuse="button_focus">../../skin.estuary.modv2/media/dialogs/dialogbutton-fo.png</texturefocus>
				<texturenofocus border="40">../../skin.estuary.modv2/media/dialogs/dialogbutton-nofo.png</texturenofocus>
				<textcolor>FFF0F0F0</textcolor>
				<focusedcolor>FFF0F0F0</focusedcolor>
				<disabledcolor>40FFFFFF</disabledcolor>
			</control>
			<control type="button" id="102">
				<description>Default Category Button</description>
				<left>29</left>
				<top>180</top>
				<height>120</height>
				<width>390</width>
				<label>$ADDON[script.mtvguide 30602]</label>
				<textoffsetx>40</textoffsetx>
				<align>center</align>
				<aligny>center</aligny>
				<font>font25_title</font>
				<onup>101</onup>
				<ondown>103</ondown>
				<onleft>2002</onleft>
				<onright>2001</onright>
				<onup/>
				<ondown/>
				<texturefocus border="40" colordiffuse="button_focus">../../skin.estuary.modv2/media/dialogs/dialogbutton-fo.png</texturefocus>
				<texturenofocus border="40">../../skin.estuary.modv2/media/dialogs/dialogbutton-nofo.png</texturenofocus>
				<textcolor>FFF0F0F0</textcolor>
				<focusedcolor>FFF0F0F0</focusedcolor>
				<disabledcolor>40FFFFFF</disabledcolor>
			</control>
			<control type="button" id="103">
				<description>Default Category Button</description>
				<left>29</left>
				<top>280</top>
				<height>120</height>
				<width>390</width>
				<label>Addons.ini</label>
				<textoffsetx>40</textoffsetx>
				<align>center</align>
				<aligny>center</aligny>
				<font>font25_title</font>
				<onup>102</onup>
				<ondown>104</ondown>
				<onleft>3001</onleft>
				<onright>3002</onright>
				<onup/>
				<ondown/>
				<texturefocus border="40" colordiffuse="button_focus">../../skin.estuary.modv2/media/dialogs/dialogbutton-fo.png</texturefocus>
				<texturenofocus border="40">../../skin.estuary.modv2/media/dialogs/dialogbutton-nofo.png</texturenofocus>
				<textcolor>FFF0F0F0</textcolor>
				<focusedcolor>FFF0F0F0</focusedcolor>
				<disabledcolor>40FFFFFF</disabledcolor>
			</control>
			<control type="button" id="104">
				<description>Default Category Button</description>
				<left>29</left>
				<top>380</top>
				<height>120</height>
				<width>390</width>
				<label>$LOCALIZE[1037]</label>
				<textoffsetx>40</textoffsetx>
				<align>center</align>
				<aligny>center</aligny>
				<font>font25_title</font>
				<onup>103</onup>
				<ondown>108</ondown>
				<onleft>4001</onleft>
				<onright>4002</onright>
				<onup/>
				<ondown/>
				<texturefocus border="40" colordiffuse="button_focus">../../skin.estuary.modv2/media/dialogs/dialogbutton-fo.png</texturefocus>
				<texturenofocus border="40">../../skin.estuary.modv2/media/dialogs/dialogbutton-nofo.png</texturenofocus>
				<textcolor>FFF0F0F0</textcolor>
				<focusedcolor>FFF0F0F0</focusedcolor>
				<disabledcolor>40FFFFFF</disabledcolor>
			</control>
			<control type="button" id="108">
				<description>Default Category Button</description>
				<left>29</left>
				<top>480</top>
				<height>120</height>
				<width>390</width>
				<label>$ADDON[script.mtvguide 59948]</label>
				<textoffsetx>40</textoffsetx>
				<align>center</align>
				<aligny>center</aligny>
				<font>font25_title</font>
				<onup>104</onup>
				<ondown>101</ondown>
				<onleft>8005</onleft>
				<onright>8002</onright>
				<onup/>
				<ondown/>
				<texturefocus border="40" colordiffuse="button_focus">../../skin.estuary.modv2/media/dialogs/dialogbutton-fo.png</texturefocus>
				<texturenofocus border="40">../../skin.estuary.modv2/media/dialogs/dialogbutton-nofo.png</texturenofocus>
				<textcolor>FFF0F0F0</textcolor>
				<focusedcolor>FFF0F0F0</focusedcolor>
				<disabledcolor>40FFFFFF</disabledcolor>
			</control>
			<control type="image">
				<left>410</left>
				<top>80</top>
				<width>1100</width>
				<height>810</height>
				<texture border="40">../../skin.estuary.modv2/media/dialogs/dialogbutton-nofo.png</texture>
			</control>
			<control type="group" id="1000">
				<visible>String.IsEqual(Control.GetLabel(100),strm)</visible>
				<control type="textbox">
					<left>471</left>
					<top>100</top>
					<width>976</width>
					<height>150</height>
					<font>font13</font>
					<textcolor>FFF0F0F0</textcolor>
					<shadowcolor>22000000</shadowcolor>
					<align>center</align>
					<aligny>center</aligny>
					<label>$ADDON[script.mtvguide 30611]</label>
				</control>
				<control type="group">
					<left>1510</left>
					<top>92</top>
					<control type="button" id="1002">
						<description>Preview</description>
						<top>0</top>
						<width>300</width>
						<height>100</height>
						<label>[CAPITALIZE]$ADDON[script.mtvguide 30604][/CAPITALIZE]</label>
						<font>font25_title</font>
						<textoffsetx>30</textoffsetx>
						<onclick/>
						<wrapmultiline>false</wrapmultiline>
						<align>center</align>
						<texturefocus border="40" colordiffuse="button_focus">../../skin.estuary.modv2/media/dialogs/dialogbutton-fo.png</texturefocus>
						<texturenofocus border="40">../../skin.estuary.modv2/media/dialogs/dialogbutton-nofo.png</texturenofocus>
						<textcolor>FFF0F0F0</textcolor>
						<focusedcolor>FFF0F0F0</focusedcolor>
						<disabledcolor>40FFFFFF</disabledcolor>
						<onup>1004</onup>
						<ondown>1003</ondown>
						<onleft>1001</onleft>
						<onright>101</onright>
					</control>
					<control type="button" id="1003">
						<description>Save</description>
						<top>90</top>
						<width>300</width>
						<height>100</height>
						<label>[CAPITALIZE]$ADDON[script.mtvguide 30502][/CAPITALIZE]</label>
						<font>font25_title</font>
						<textoffsetx>30</textoffsetx>
						<onclick/>
						<wrapmultiline>false</wrapmultiline>
						<align>center</align>
						<texturefocus border="40" colordiffuse="button_focus">../../skin.estuary.modv2/media/dialogs/dialogbutton-fo.png</texturefocus>
						<texturenofocus border="40">../../skin.estuary.modv2/media/dialogs/dialogbutton-nofo.png</texturenofocus>
						<textcolor>FFF0F0F0</textcolor>
						<focusedcolor>FFF0F0F0</focusedcolor>
						<disabledcolor>40FFFFFF</disabledcolor>
						<onup>1002</onup>
						<ondown>1004</ondown>
						<onleft>1001</onleft>
						<onright>101</onright>
					</control>
					<control type="button" id="1004">
						<description>Cancel</description>
						<top>180</top>
						<width>300</width>
						<height>100</height>
						<label>[CAPITALIZE]$ADDON[script.mtvguide 30606][/CAPITALIZE]</label>
						<font>font25_title</font>
						<textoffsetx>30</textoffsetx>
						<onclick/>
						<wrapmultiline>false</wrapmultiline>
						<align>center</align>
						<texturefocus border="40" colordiffuse="button_focus">../../skin.estuary.modv2/media/dialogs/dialogbutton-fo.png</texturefocus>
						<texturenofocus border="40">../../skin.estuary.modv2/media/dialogs/dialogbutton-nofo.png</texturenofocus>
						<textcolor>FFF0F0F0</textcolor>
						<focusedcolor>FFF0F0F0</focusedcolor>
						<disabledcolor>40FFFFFF</disabledcolor>
						<onup>1003</onup>
						<ondown>1002</ondown>
						<onleft>1001</onleft>
						<onright>101</onright>
					</control>
				</control>
				<control type="textbox" id="1005">
					<visible>hidden</visible>
				</control>
				<control type="button" id="1001">
					<left>429</left>
					<top>300</top>
					<width>1060</width>
					<height>70</height>
					<align>left</align>
					<aligny>center</aligny>
					<texturefocus colordiffuse="button_focus">../../skin.estuary.modv2/media/osd/grey.png</texturefocus>
					<texturenofocus/>
					<alttexturefocus colordiffuse="button_focus">../../skin.estuary.modv2/media/osd/grey.png</alttexturefocus>
					<alttexturenofocus/>
					<onup>1002</onup>
					<onleft>101</onleft>
					<onright>1002</onright>
					<visible>!Control.IsVisible(1005)</visible>
				</control>
				<control type="label" id="5000">
					<left>504</left>
					<top>300</top>
					<width>1060</width>
					<height>70</height>
					<align>left</align>
					<aligny>center</aligny>
					<textcolor>FFF0F0F0</textcolor>
					<label>$ADDON[script.mtvguide 68010]</label>
					<visible>String.IsEmpty(Control.GetLabel(1005))</visible>
				</control>
				<control type="label" id="5001">
					<left>504</left>
					<top>300</top>
					<width>1060</width>
					<height>70</height>
					<align>left</align>
					<aligny>center</aligny>
					<textcolor>FFF0F0F0</textcolor>
					<label>$INFO[Control.GetLabel(1005)]</label>
				</control>
				<control type="image">
					<left>437</left>
					<top>308</top>
					<width>52</width>
					<height>52</height>
					<texture>../../skin.estuary.modv2/media/buttons/addsourceFO.png</texture>
				</control>
			</control>
			<control type="group" id="2000">
				<visible>String.IsEqual(Control.GetLabel(100),favourites)</visible>
				<control type="textbox">
					<left>429</left>
					<top>100</top>
					<width>1060</width>
					<height>150</height>
					<font>font13</font>
					<textcolor>FFF0F0F0</textcolor>
					<shadowcolor>22000000</shadowcolor>
					<align>center</align>
					<aligny>center</aligny>
					<label>$ADDON[script.mtvguide 30620]</label>
				</control>
				
				<control type="list" id="2001">
					<left>429</left>
					<top>250</top>
					<width>1060</width>
					<height>570</height>
					<viewtype label="list">list</viewtype>
					<orientation>vertical</orientation>
					<onleft>102</onleft>
					<onright>2002</onright>
					<itemlayout width="1060" height="70">
						<control type="image">
							<posx>0</posx>
							<posy>0</posy>
							<width>1060</width>
							<height>70</height>
							<texture colordiffuse="1F000000">../../skin.estuary.modv2/media/osd/white.png</texture>
						</control>
						<control type="label">
							<posx>56</posx>
							<posy>0</posy>
							<width>1060</width>
							<height>70</height>
							<aligny>center</aligny>
							<font>font13</font>
							<textcolor>FFF0F0F0</textcolor>
							<shadowcolor>22000000</shadowcolor>
							<label>[UPPERCASE]$INFO[ListItem.Label][/UPPERCASE]</label>
						</control>
					</itemlayout>
					<focusedlayout width="1060" height="70">
						<control type="image">
							<posx>0</posx>
							<posy>0</posy>
							<width>1060</width>
							<height>70</height>
							<texture colordiffuse="button_focus">../../skin.estuary.modv2/media/osd/white.png</texture>
							<visible>!Control.HasFocus(3002)</visible>
						</control>
						<control type="image">
							<posx>0</posx>
							<posy>0</posy>
							<width>1060</width>
							<height>70</height>
							<texture colordiffuse="button_focus">../../skin.estuary.modv2/media/osd/white.png</texture>
							<visible>Control.HasFocus(3002)</visible>
						</control>
						<control type="label">
							<posx>56</posx>
							<posy>0</posy>
							<width>1060</width>
							<height>70</height>
							<aligny>center</aligny>
							<font>font13</font>
							<textcolor>FFF0F0F0</textcolor>
							<shadowcolor>22000000</shadowcolor>
							<label>[UPPERCASE]$INFO[ListItem.Label][/UPPERCASE]</label>
						</control>
						<control type="image">
							<posx>16</posx>
							<posy>25</posy>
							<width>20</width>
							<height>20</height>
							<texture>tvguide-bullet.png</texture>
						</control>
					</focusedlayout>
				</control>
				
				<control type="group">
					<left>1510</left>
					<top>92</top>
					<control type="button" id="2002">
						<description>Preview</description>
						<top>0</top>
						<width>300</width>
						<height>100</height>
						<label>[CAPITALIZE]$ADDON[script.mtvguide 30604][/CAPITALIZE]</label>
						<font>font25_title</font>
						<textoffsetx>30</textoffsetx>
						<onclick/>
						<wrapmultiline>false</wrapmultiline>
						<align>center</align>
						<texturefocus border="40" colordiffuse="button_focus">../../skin.estuary.modv2/media/dialogs/dialogbutton-fo.png</texturefocus>
						<texturenofocus border="40">../../skin.estuary.modv2/media/dialogs/dialogbutton-nofo.png</texturenofocus>
						<textcolor>FFF0F0F0</textcolor>
						<focusedcolor>FFF0F0F0</focusedcolor>
						<disabledcolor>40FFFFFF</disabledcolor>
						<onup>2004</onup>
						<ondown>2003</ondown>
						<onleft>2001</onleft>
						<onright>102</onright>
					</control>
					<control type="button" id="2003">
						<description>Save</description>
						<top>90</top>
						<width>300</width>
						<height>100</height>
						<label>[CAPITALIZE]$ADDON[script.mtvguide 30502][/CAPITALIZE]</label>
						<font>font25_title</font>
						<textoffsetx>30</textoffsetx>
						<onclick/>
						<wrapmultiline>false</wrapmultiline>
						<align>center</align>
						<texturefocus border="40" colordiffuse="button_focus">../../skin.estuary.modv2/media/dialogs/dialogbutton-fo.png</texturefocus>
						<texturenofocus border="40">../../skin.estuary.modv2/media/dialogs/dialogbutton-nofo.png</texturenofocus>
						<textcolor>FFF0F0F0</textcolor>
						<focusedcolor>FFF0F0F0</focusedcolor>
						<disabledcolor>40FFFFFF</disabledcolor>
						<onup>2002</onup>
						<ondown>2004</ondown>
						<onleft>2001</onleft>
						<onright>102</onright>
					</control>
					<control type="button" id="2004">
						<description>Cancel</description>
						<top>180</top>
						<width>300</width>
						<height>100</height>
						<label>[CAPITALIZE]$ADDON[script.mtvguide 30606][/CAPITALIZE]</label>
						<font>font25_title</font>
						<textoffsetx>30</textoffsetx>
						<onclick/>
						<wrapmultiline>false</wrapmultiline>
						<align>center</align>
						<texturefocus border="40" colordiffuse="button_focus">../../skin.estuary.modv2/media/dialogs/dialogbutton-fo.png</texturefocus>
						<texturenofocus border="40">../../skin.estuary.modv2/media/dialogs/dialogbutton-nofo.png</texturenofocus>
						<textcolor>FFF0F0F0</textcolor>
						<focusedcolor>FFF0F0F0</focusedcolor>
						<disabledcolor>40FFFFFF</disabledcolor>
						<onup>2003</onup>
						<ondown>2002</ondown>
						<onleft>2001</onleft>
						<onright>102</onright>
					</control>
				</control>
			</control>
			<control type="group" id="3000">
				<width>1920</width>
				<height>1080</height>
				<visible>String.IsEqual(Control.GetLabel(100),addons)</visible>

				<control type="wraplist" id="3001">
					<left>140</left>
					<top>670</top>
					<width>156</width>
					<height>156</height>
					<viewtype label="list">list</viewtype>
					<orientation>horizontal</orientation>
					<focusposition>0</focusposition>
					<onup>3002</onup>
					<ondown>3002</ondown>
					<itemlayout width="156" height="156">
						<control type="image">
							<posx>0</posx>
							<posy>0</posy>
							<width>156</width>
							<height>156</height>
							<texture colordiffuse="1F000000">../../skin.estuary.modv2/media/osd/grey.png</texture>
						</control>
						<control type="image">
							<posx>3</posx>
							<posy>3</posy>
							<width>150</width>
							<height>150</height>
							<info>ListItem.Icon</info>
						</control>
					</itemlayout>
					<focusedlayout width="156" height="156">
						<control type="image">
							<posx>0</posx>
							<posy>0</posy>
							<width>156</width>
							<height>156</height>
							<texture colordiffuse="00FFFFFF">../../skin.estuary.modv2/media/osd/grey.png</texture>
							<visible>!Control.HasFocus(3001)</visible>
						</control>
						<control type="image">
							<posx>0</posx>
							<posy>0</posy>
							<width>156</width>
							<height>156</height>
							<texture colordiffuse="button_focus">addon-focus.png</texture>
							<visible>Control.HasFocus(3001)</visible>
						</control>
						<control type="image">
							<posx>3</posx>
							<posy>3</posy>
							<width>150</width>
							<height>150</height>
							<info>ListItem.Icon</info>
						</control>
					</focusedlayout>
				</control>
				<control type="label" id="3003">
					<left>50</left>
					<top>590</top>
					<width>335</width>
					<height>118</height>
					<align>center</align>
					<aligny>center</aligny>
					<font>font10</font>
					<textcolor>FFF0F0F0</textcolor>
					<shadowcolor>22000000</shadowcolor>
					<focusedcolor>FFF0F0F0</focusedcolor>
					<label></label>
					<texturefocus colordiffuse="" border="40">../../skin.estuary.modv2/media/dialogs/dialogbutton-nofo.png</texturefocus>
					<texturenofocus colordiffuse="" border="40">../../skin.estuary.modv2/media/dialogs/dialogbutton-nofo.png</texturenofocus>
				</control>
				<control type="textbox" id="3004">
					<left>471</left>
					<top>100</top>
					<width>976</width>
					<height>150</height>
					<label>$LOCALIZE[35219]</label>
					<font>font13</font>
					<align>center</align>
					<aligny>center</aligny>
					<textcolor>FFF0F0F0</textcolor>
					<shadowcolor>22000000</shadowcolor>
					<wrapmultiline>true</wrapmultiline>
					<autoscroll time="3600" delay="6000" repeat="6000">true</autoscroll>
					<visible>hidden</visible>
				</control>
				<control type="textbox">
					<left>471</left>
					<top>100</top>
					<width>976</width>
					<height>150</height>
					<label>$ADDON[script.mtvguide 30613]</label>
					<font>font13</font>
					<align>center</align>
					<aligny>center</aligny>
					<textcolor>FFF0F0F0</textcolor>
					<shadowcolor>22000000</shadowcolor>
					<wrapmultiline>true</wrapmultiline>
					<autoscroll time="3600" delay="6000" repeat="6000">true</autoscroll>
				</control>
	
				<control type="list" id="3002">
					<left>429</left>
					<top>250</top>
					<width>1060</width>
					<height>570</height>
					<viewtype label="list">list</viewtype>
					<orientation>vertical</orientation>
					<focusposition>7</focusposition>
					<onleft>103</onleft>
					<onright>3005</onright>
					<itemlayout width="1060" height="70">
						<control type="image">
							<posx>0</posx>
							<posy>0</posy>
							<width>1060</width>
							<height>70</height>
							<texture colordiffuse="1F000000">../../skin.estuary.modv2/media/osd/white.png</texture>
						</control>
						<control type="label">
							<posx>56</posx>
							<posy>0</posy>
							<width>1060</width>
							<height>70</height>
							<aligny>center</aligny>
							<font>font13</font>
							<textcolor>FFF0F0F0</textcolor>
							<shadowcolor>22000000</shadowcolor>
							<label>[UPPERCASE]$INFO[ListItem.Label][/UPPERCASE]</label>
						</control>
					</itemlayout>
					<focusedlayout width="1060" height="70">
						<control type="image">
							<posx>0</posx>
							<posy>0</posy>
							<width>1060</width>
							<height>70</height>
							<texture colordiffuse="button_focus">../../skin.estuary.modv2/media/osd/white.png</texture>
							<visible>!Control.HasFocus(3002)</visible>
						</control>
						<control type="image">
							<posx>0</posx>
							<posy>0</posy>
							<width>1060</width>
							<height>70</height>
							<texture colordiffuse="button_focus">../../skin.estuary.modv2/media/osd/white.png</texture>
							<visible>Control.HasFocus(3002)</visible>
						</control>
						<control type="label">
							<posx>56</posx>
							<posy>0</posy>
							<width>1060</width>
							<height>70</height>
							<aligny>center</aligny>
							<font>font13</font>
							<textcolor>FFF0F0F0</textcolor>
							<shadowcolor>22000000</shadowcolor>
							<label>[UPPERCASE]$INFO[ListItem.Label][/UPPERCASE]</label>
						</control>
						<control type="image">
							<posx>16</posx>
							<posy>25</posy>
							<width>20</width>
							<height>20</height>
							<texture>tvguide-bullet.png</texture>
						</control>
					</focusedlayout>
				</control>
				<control type="group">
					<left>1510</left>
					<top>92</top>
					<control type="button" id="3005">
						<description>Preview</description>
						<top>0</top>
						<width>300</width>
						<height>100</height>
						<label>[CAPITALIZE]$ADDON[script.mtvguide 30604][/CAPITALIZE]</label>
						<font>font25_title</font>
						<textoffsetx>30</textoffsetx>
						<onclick/>
						<wrapmultiline>false</wrapmultiline>
						<align>center</align>
						<texturefocus border="40" colordiffuse="button_focus">../../skin.estuary.modv2/media/dialogs/dialogbutton-fo.png</texturefocus>
						<texturenofocus border="40">../../skin.estuary.modv2/media/dialogs/dialogbutton-nofo.png</texturenofocus>
						<textcolor>FFF0F0F0</textcolor>
						<focusedcolor>FFF0F0F0</focusedcolor>
						<disabledcolor>40FFFFFF</disabledcolor>
						<onup>3007</onup>
						<ondown>3006</ondown>
						<onleft>3002</onleft>
						<onright>3001</onright>
					</control>
					<control type="button" id="3006">
						<description>Save</description>
						<top>90</top>
						<width>300</width>
						<height>100</height>
						<label>[CAPITALIZE]$ADDON[script.mtvguide 30502][/CAPITALIZE]</label>
						<font>font25_title</font>
						<textoffsetx>30</textoffsetx>
						<onclick/>
						<wrapmultiline>false</wrapmultiline>
						<align>center</align>
						<texturefocus border="40" colordiffuse="button_focus">../../skin.estuary.modv2/media/dialogs/dialogbutton-fo.png</texturefocus>
						<texturenofocus border="40">../../skin.estuary.modv2/media/dialogs/dialogbutton-nofo.png</texturenofocus>
						<textcolor>FFF0F0F0</textcolor>
						<focusedcolor>FFF0F0F0</focusedcolor>
						<disabledcolor>40FFFFFF</disabledcolor>
						<onup>3005</onup>
						<ondown>3007</ondown>
						<onleft>3002</onleft>
						<onright>3001</onright>
					</control>
					<control type="button" id="3007">
						<description>Cancel</description>
						<top>180</top>
						<width>300</width>
						<height>100</height>
						<label>[CAPITALIZE]$ADDON[script.mtvguide 30606][/CAPITALIZE]</label>
						<font>font25_title</font>
						<textoffsetx>30</textoffsetx>
						<onclick/>
						<wrapmultiline>false</wrapmultiline>
						<align>center</align>
						<texturefocus border="40" colordiffuse="button_focus">../../skin.estuary.modv2/media/dialogs/dialogbutton-fo.png</texturefocus>
						<texturenofocus border="40">../../skin.estuary.modv2/media/dialogs/dialogbutton-nofo.png</texturenofocus>
						<textcolor>FFF0F0F0</textcolor>
						<focusedcolor>FFF0F0F0</focusedcolor>
						<disabledcolor>40FFFFFF</disabledcolor>
						<onup>3006</onup>
						<ondown>3005</ondown>
						<onleft>3002</onleft>
						<onright>3001</onright>
					</control>
				</control>
			</control>
				
				<control type="group" id="4000">
					<top>0</top>
					<width>1920</width>
					<height>1080</height>
					<visible>String.IsEqual(Control.GetLabel(100),browse)</visible>
					
					<control type="wraplist" id="4001">
						<left>140</left>
						<top>670</top>
						<width>156</width>
						<height>156</height>
						<viewtype label="list">list</viewtype>
						<orientation>horizontal</orientation>
						<focusposition>0</focusposition>
						<onup>4002</onup>
						<ondown>4002</ondown>
						<itemlayout width="156" height="156">
							<control type="image">
								<posx>0</posx>
								<posy>0</posy>
								<width>156</width>
								<height>156</height>
								<texture colordiffuse="1F000000">../../skin.estuary.modv2/media/osd/grey.png</texture>
							</control>
							<control type="image">
								<posx>3</posx>
								<posy>3</posy>
								<width>150</width>
								<height>150</height>
								<info>ListItem.Icon</info>
							</control>
						</itemlayout>
						<focusedlayout width="156" height="156">
							<control type="image">
								<posx>0</posx>
								<posy>0</posy>
								<width>156</width>
								<height>156</height>
								<texture colordiffuse="00FFFFFF">../../skin.estuary.modv2/media/osd/grey.png</texture>
								<visible>!Control.HasFocus(4001)</visible>
							</control>
							<control type="image">
								<posx>0</posx>
								<posy>0</posy>
								<width>156</width>
								<height>156</height>
								<texture colordiffuse="button_focus">addon-focus.png</texture>
								<visible>Control.HasFocus(4001)</visible>
							</control>
							<control type="image">
								<posx>3</posx>
								<posy>3</posy>
								<width>150</width>
								<height>150</height>
								<info>ListItem.Icon</info>
							</control>
						</focusedlayout>
					</control>
					<control type="list" id="4002">
						<posx>429</posx>
						<posy>250</posy>
						<width>1060</width>
						<height>570</height>
						<viewtype label="list">list</viewtype>
						<orientation>vertical</orientation>
						<focusposition>7</focusposition>
						<onleft>104</onleft>
						<onright>4005</onright>

						<itemlayout width="1060" height="70">
							<control type="image">
								<posx>0</posx>
								<posy>0</posy>
								<width>1060</width>
								<height>70</height>
								<texture colordiffuse="1F000000">../../skin.estuary.modv2/media/osd/white.png</texture>
							</control>
							<control type="label">
								<posx>56</posx>
								<posy>0</posy>
								<width>1060</width>
								<height>70</height>
								<aligny>center</aligny>
								<font>font13</font>
								<textcolor>FFF0F0F0</textcolor>
								<shadowcolor>22000000</shadowcolor>
								<label>[UPPERCASE]$INFO[ListItem.Label][/UPPERCASE]</label>
							</control>
						</itemlayout>
						<focusedlayout width="1060" height="70">
							<control type="image">
								<posx>0</posx>
								<posy>0</posy>
								<width>1060</width>
								<height>70</height>
								<texture colordiffuse="1F000000">../../skin.estuary.modv2/media/osd/white.png</texture>
							</control>
							<control type="image">
								<posx>0</posx>
								<posy>0</posy>
								<width>1060</width>
								<height>70</height>
								<texture colordiffuse="button_focus">../../skin.estuary.modv2/media/osd/white.png</texture>
							</control>
							<control type="label">
								<posx>56</posx>
								<posy>0</posy>
								<width>1060</width>
								<height>70</height>
								<aligny>center</aligny>
								<font>font13</font>
								<textcolor>FFF0F0F0</textcolor>
								<shadowcolor>22000000</shadowcolor>
								<label>[UPPERCASE]$INFO[ListItem.Label][/UPPERCASE]</label>
							</control>
							<control type="image">
								<posx>16</posx>
								<posy>25</posy>
								<width>20</width>
								<height>20</height>
								<texture>tvguide-bullet.png</texture>
								<visible>ListItem.isPlayable</visible>
							</control>
						</focusedlayout>
					</control>
					
					<control type="label" id="4003">
						<left>50</left>
						<top>590</top>
						<width>335</width>
						<height>118</height>
						<align>center</align>
						<aligny>center</aligny>
						<font>font10</font>
						<textcolor>FFF0F0F0</textcolor>
						<shadowcolor>22000000</shadowcolor>
						<focusedcolor>FFF0F0F0</focusedcolor>
						<label></label>
						<texturefocus colordiffuse="" border="40">../../skin.estuary.modv2/media/dialogs/dialogbutton-nofo.png</texturefocus>
						<texturenofocus colordiffuse="" border="40">../../skin.estuary.modv2/media/dialogs/dialogbutton-nofo.png</texturenofocus>
					</control>
					<control type="textbox" id="4004">
						<left>471</left>
						<top>100</top>
						<width>976</width>
						<height>150</height>
						<label>$LOCALIZE[24076].</label>
						<font>font13</font>
						<align>center</align>
						<aligny>center</aligny>
						<textcolor>FFF0F0F0</textcolor>
						<shadowcolor>22000000</shadowcolor>
						<wrapmultiline>true</wrapmultiline>
						<autoscroll time="3600" delay="6000" repeat="6000">true</autoscroll>
						<visible>hidden</visible>
					</control>
					<control type="textbox">
						<left>471</left>
						<top>100</top>
						<width>976</width>
						<height>150</height>
						<label>$ADDON[script.mtvguide 30614]</label>
						<font>font13</font>
						<align>center</align>
						<aligny>center</aligny>
						<textcolor>FFF0F0F0</textcolor>
						<shadowcolor>22000000</shadowcolor>
						<wrapmultiline>true</wrapmultiline>
						<autoscroll time="3600" delay="6000" repeat="6000">true</autoscroll>
					</control>
			
					<control type="group">
						<left>1510</left>
						<top>92</top>
						<control type="button" id="4005">
							<description>Preview</description>
							<top>0</top>
							<width>300</width>
							<height>100</height>
							<label>[CAPITALIZE]$ADDON[script.mtvguide 30604][/CAPITALIZE]</label>
							<font>font25_title</font>
							<textoffsetx>30</textoffsetx>
							<onclick/>
							<wrapmultiline>false</wrapmultiline>
							<align>center</align>
							<texturefocus border="40" colordiffuse="button_focus">../../skin.estuary.modv2/media/dialogs/dialogbutton-fo.png</texturefocus>
							<texturenofocus border="40">../../skin.estuary.modv2/media/dialogs/dialogbutton-nofo.png</texturenofocus>
							<textcolor>FFF0F0F0</textcolor>
							<focusedcolor>FFF0F0F0</focusedcolor>
							<disabledcolor>40FFFFFF</disabledcolor>
							<onup>4007</onup>
							<ondown>4006</ondown>
							<onleft>4002</onleft>
							<onright>4001</onright>
						</control>
						<control type="button" id="4006">
							<description>Save</description>
							<top>90</top>
							<width>300</width>
							<height>100</height>
							<label>[CAPITALIZE]$ADDON[script.mtvguide 30502][/CAPITALIZE]</label>
							<font>font25_title</font>
							<textoffsetx>30</textoffsetx>
							<onclick/>
							<wrapmultiline>false</wrapmultiline>
							<align>center</align>
							<texturefocus border="40" colordiffuse="button_focus">../../skin.estuary.modv2/media/dialogs/dialogbutton-fo.png</texturefocus>
							<texturenofocus border="40">../../skin.estuary.modv2/media/dialogs/dialogbutton-nofo.png</texturenofocus>
							<textcolor>FFF0F0F0</textcolor>
							<focusedcolor>FFF0F0F0</focusedcolor>
							<disabledcolor>40FFFFFF</disabledcolor>
							<onup>4005</onup>
							<ondown>4007</ondown>
							<onleft>4002</onleft>
							<onright>4001</onright>
						</control>
						<control type="button" id="4007">
							<description>Cancel</description>
							<top>180</top>
							<width>300</width>
							<height>100</height>
							<label>[CAPITALIZE]$ADDON[script.mtvguide 30606][/CAPITALIZE]</label>
							<font>font25_title</font>
							<textoffsetx>30</textoffsetx>
							<onclick/>
							<wrapmultiline>false</wrapmultiline>
							<align>center</align>
							<texturefocus border="40" colordiffuse="button_focus">../../skin.estuary.modv2/media/dialogs/dialogbutton-fo.png</texturefocus>
							<texturenofocus border="40">../../skin.estuary.modv2/media/dialogs/dialogbutton-nofo.png</texturenofocus>
							<textcolor>FFF0F0F0</textcolor>
							<focusedcolor>FFF0F0F0</focusedcolor>
							<disabledcolor>40FFFFFF</disabledcolor>
							<onup>4006</onup>
							<ondown>4005</ondown>
							<onleft>4002</onleft>
							<onright>4001</onright>
						</control>
					</control>
			</control>
			<control type="group" id="8000">
				<top>0</top>
				<width>1920</width>
				<height>1080</height>
				<visible>String.IsEqual(Control.GetLabel(100),playlist)</visible>
				<control type="textbox">
					<left>429</left>
					<top>100</top>
					<width>1060</width>
					<height>150</height>
					<font>font13</font>
					<textcolor>FFF0F0F0</textcolor>
					<shadowcolor>22000000</shadowcolor>
					<align>center</align>
					<aligny>center</aligny>
					<label>$ADDON[script.mtvguide 30612]</label>
				</control>
				
				<control type="list" id="8002">
					<left>429</left>
					<top>250</top>
					<width>1060</width>
					<height>570</height>
					<viewtype label="list">list</viewtype>
					<orientation>vertical</orientation>
					<onleft>108</onleft>
					<onright>8005</onright>
					<itemlayout width="1060" height="70">
						<control type="image">
							<posx>0</posx>
							<posy>0</posy>
							<width>1060</width>
							<height>70</height>
							<texture colordiffuse="1F000000">../../skin.estuary.modv2/media/osd/white.png</texture>
						</control>
						<control type="label">
							<posx>56</posx>
							<posy>0</posy>
							<width>1060</width>
							<height>70</height>
							<aligny>center</aligny>
							<font>font13</font>
							<textcolor>FFF0F0F0</textcolor>
							<shadowcolor>22000000</shadowcolor>
							<label>[UPPERCASE]$INFO[ListItem.Label][/UPPERCASE]</label>
						</control>
					</itemlayout>
					<focusedlayout width="1060" height="70">
						<control type="image">
							<posx>0</posx>
							<posy>0</posy>
							<width>1060</width>
							<height>70</height>
							<texture colordiffuse="1F000000">../../skin.estuary.modv2/media/osd/white.png</texture>
						</control>
						<control type="image">
							<posx>0</posx>
							<posy>0</posy>
							<width>1060</width>
							<height>70</height>
							<texture colordiffuse="button_focus">../../skin.estuary.modv2/media/osd/white.png</texture>
						</control>
						<control type="label">
							<posx>56</posx>
							<posy>0</posy>
							<width>1060</width>
							<height>70</height>
							<aligny>center</aligny>
							<font>font13</font>
							<textcolor>FFF0F0F0</textcolor>
							<shadowcolor>22000000</shadowcolor>
							<label>[UPPERCASE]$INFO[ListItem.Label][/UPPERCASE]</label>
						</control>
						<control type="image">
							<posx>16</posx>
							<posy>25</posy>
							<width>20</width>
							<height>20</height>
							<texture>tvguide-bullet.png</texture>
						</control>
					</focusedlayout>
				</control>
				
				<control type="group">
					<left>1510</left>
					<top>92</top>
					<control type="button" id="8005">
						<description>Preview</description>
						<top>0</top>
						<width>300</width>
						<height>100</height>
						<label>[CAPITALIZE]$ADDON[script.mtvguide 30604][/CAPITALIZE]</label>
						<font>font25_title</font>
						<textoffsetx>30</textoffsetx>
						<onclick/>
						<wrapmultiline>false</wrapmultiline>
						<align>center</align>
						<texturefocus border="40" colordiffuse="button_focus">../../skin.estuary.modv2/media/dialogs/dialogbutton-fo.png</texturefocus>
						<texturenofocus border="40">../../skin.estuary.modv2/media/dialogs/dialogbutton-nofo.png</texturenofocus>
						<textcolor>FFF0F0F0</textcolor>
						<focusedcolor>FFF0F0F0</focusedcolor>
						<disabledcolor>40FFFFFF</disabledcolor>
						<onup>8007</onup>
						<ondown>8006</ondown>
						<onleft>8002</onleft>
						<onright>108</onright>
					</control>
					<control type="button" id="8006">
						<description>Save</description>
						<top>90</top>
						<width>300</width>
						<height>100</height>
						<label>[CAPITALIZE]$ADDON[script.mtvguide 30502][/CAPITALIZE]</label>
						<font>font25_title</font>
						<textoffsetx>30</textoffsetx>
						<onclick/>
						<wrapmultiline>false</wrapmultiline>
						<align>center</align>
						<texturefocus border="40" colordiffuse="button_focus">../../skin.estuary.modv2/media/dialogs/dialogbutton-fo.png</texturefocus>
						<texturenofocus border="40">../../skin.estuary.modv2/media/dialogs/dialogbutton-nofo.png</texturenofocus>
						<textcolor>FFF0F0F0</textcolor>
						<focusedcolor>FFF0F0F0</focusedcolor>
						<disabledcolor>40FFFFFF</disabledcolor>
						<onup>8005</onup>
						<ondown>8007</ondown>
						<onleft>8002</onleft>
						<onright>108</onright>
					</control>
					<control type="button" id="8007">
						<description>Cancel</description>
						<top>180</top>
						<width>300</width>
						<height>100</height>
						<label>[CAPITALIZE]$ADDON[script.mtvguide 30606][/CAPITALIZE]</label>
						<font>font25_title</font>
						<textoffsetx>30</textoffsetx>
						<onclick/>
						<wrapmultiline>false</wrapmultiline>
						<align>center</align>
						<texturefocus border="40" colordiffuse="button_focus">../../skin.estuary.modv2/media/dialogs/dialogbutton-fo.png</texturefocus>
						<texturenofocus border="40">../../skin.estuary.modv2/media/dialogs/dialogbutton-nofo.png</texturenofocus>
						<textcolor>FFF0F0F0</textcolor>
						<focusedcolor>FFF0F0F0</focusedcolor>
						<disabledcolor>40FFFFFF</disabledcolor>
						<onup>8006</onup>
						<ondown>8005</ondown>
						<onleft>8002</onleft>
						<onright>108</onright>
					</control>
				</control>
			</control>
		</control>
	</controls>
</window>