<?xml version="1.0" encoding="utf-8"?>
<window type="dialog">
	<allowoverlay>no</allowoverlay>
	<defaultcontrol always="true">301</defaultcontrol>
	<zorder>9</zorder>
	<coordinates>
		<system>1</system><posx>0</posx><posy>0</posy>
	</coordinates>
	<animation effect="fade" start="0" end="100" time="250">WindowOpen</animation>
	<animation effect="fade" start="100" end="0" time="250">WindowClose</animation>
	<controls>
		<control type="label" id="6001"><description>visibility marker for selection box</description></control>

		<control type="image">
			<description>Background image</description>
			<left>363</left>
			<top>93</top>
			<width>1194</width>
			<height>894</height>
			<texture border="14">dialogs/dialogback.png</texture>
		</control>
		<control type="image">
			<description>Dialog Header image</description>
			<left>360</left>
			<top>114</top>
			<width>1200</width>
			<height>60</height>
			<texture>dialogs/dialogheader.png</texture>
		</control>
		<control type="label">
			<description>Header label</description>
			<left>420</left>
			<top>120</top>
			<width>1080</width>
			<height>45</height>
			<font>font13_title</font>
			<label>$ADDON[script.mtvguide 70006]</label>
			<align>center</align>
			<aligny>center</aligny>
			<textcolor>FFEB9E17</textcolor>
			<shadowcolor>black</shadowcolor>
		</control>
		<control type="button" id="1000">
			<description>Close Window button</description>
			<posx>1425</posx>
			<posy>112</posy>
			<width>96</width>
			<height>48</height>
			<onclick>Dialog.Close(VideoOSD,true)</onclick>
			<onclick>Back</onclick>
			<texturefocus>DialogCloseButton-focus.png</texturefocus>
			<texturenofocus>DialogCloseButton.png</texturenofocus>
			<animation effect="fade" time="200">VisibleChange</animation>
			<visible>true</visible>
		</control>
		
		<control type="button" id="303">
			<description>Reset</description>
			<posx>1105</posx>
			<posy>872</posy>
			<width>340</width>
			<height>100</height>
			<align>center</align>
			<aligny>center</aligny>
			<font>font12_title</font>
			<textcolor>FFF1F1F1</textcolor>
			<label>$ADDON[script.mtvguide 70007]</label>
			<onleft>302</onleft>
			<onright>301</onright>
			<onup>402</onup>
			<ondown>401</ondown>
			<texturefocus border="40">dialogs/dialogbutton-fo.png</texturefocus>
			<texturenofocus border="40">dialogs/dialogbutton-nofo.png</texturenofocus>
		</control>
		
		<control type="button" id="302">
			<description>Cancel</description>
			<posx>790</posx>
			<posy>872</posy>
			<width>340</width>
			<height>100</height>
			<align>center</align>
			<aligny>center</aligny>
			<font>font12_title</font>
			<textcolor>FFF1F1F1</textcolor>
			<label>$ADDON[script.mtvguide 30503]</label>
			<onleft>301</onleft>
			<onright>303</onright>
			<onup>402</onup>
			<ondown>401</ondown>
			<texturefocus border="40">dialogs/dialogbutton-fo.png</texturefocus>
			<texturenofocus border="40">dialogs/dialogbutton-nofo.png</texturenofocus>
		</control>
		
		<control type="button" id="301">
			<description>OK</description>
			<posx>475</posx>
			<posy>872</posy>
			<width>340</width>
			<height>100</height>
			<align>center</align>
			<aligny>center</aligny>
			<font>font12_title</font>
			<textcolor>FFF1F1F1</textcolor>
			<label>$ADDON[script.mtvguide 31004]</label>
			<onleft>303</onleft>
			<onright>302</onright>
			<onup>402</onup>
			<ondown>401</ondown>
			<texturefocus border="40">dialogs/dialogbutton-fo.png</texturefocus>
			<texturenofocus border="40">dialogs/dialogbutton-nofo.png</texturenofocus>
		</control>
		
		<control type="button" id="9099">
			<description>Close Window button</description>
			<posx>765</posx>
			<posy>30</posy>
			<width>96</width>
			<height>48</height>
			<texturefocus>DialogCloseButton-focus.png</texturefocus>
			<texturenofocus>DialogCloseButton.png</texturenofocus>
			<onup>9008</onup>
			<ondown>9001</ondown>
			<animation effect="fade" time="200">VisibleChange</animation>
			<visible>hidden</visible>
		</control>
		
		<control type="label">
			<description>label</description>
			<posx>434</posx>
			<posy>210</posy>
			<width>1080</width>
			<height>60</height>
			<aligny>center</aligny>
			<font>font13</font>
			<textcolor>FFb4b4b4</textcolor>
			<label>$ADDON[script.mtvguide 70000]</label>
		</control>
		
		<control type="button" id="201">
			<description>label</description>
			<posx>420</posx>
			<posy>210</posy>
			<width>1080</width>
			<height>60</height>
			<textoffsetx>15</textoffsetx>
			<align>right</align>
			<aligny>center</aligny>
			<font>font13</font>
			<textcolor>FFb4b4b4</textcolor>
			<shadowcolor>black</shadowcolor>
			<onup>9099</onup>
			<ondown>9002</ondown>
			<texturefocus border="5">dialogs/button-focus2.png</texturefocus>
			<texturenofocus border="5">dialogs/button-nofocus.png</texturenofocus>
		</control>
		
		<control type="label">
			<posx>434</posx>
			<posy>280</posy>
			<width>1080</width>
			<height>60</height>
			<aligny>center</aligny>
			<font>font13</font>
			<textcolor>FFb4b4b4</textcolor>
			<label>$ADDON[script.mtvguide 70001]</label>
		</control>
		
		<control type="button" id="202">
			<description>label</description>
			<posx>420</posx>
			<posy>280</posy>
			<width>1080</width>
			<height>60</height>
			<textoffsetx>15</textoffsetx>
			<align>right</align>
			<aligny>center</aligny>
			<font>font13</font>
			<textcolor>FFb4b4b4</textcolor>
			<shadowcolor>black</shadowcolor>
			<onup>9099</onup>
			<ondown>9002</ondown>
			<texturefocus border="5">dialogs/button-focus2.png</texturefocus>
			<texturenofocus border="5">dialogs/button-nofocus.png</texturenofocus>
		</control>
		
		<control type="label">
			<posx>434</posx>
			<posy>350</posy>
			<width>1080</width>
			<height>60</height>
			<aligny>center</aligny>
			<font>font13</font>
			<textcolor>FFb4b4b4</textcolor>
			<label>$ADDON[script.mtvguide 70002]</label>
		</control>
		
		<control type="button" id="203">
			<description>label</description>
			<posx>420</posx>
			<posy>350</posy>
			<width>1080</width>
			<height>60</height>
			<textoffsetx>15</textoffsetx>
			<align>right</align>
			<aligny>center</aligny>
			<font>font13</font>
			<textcolor>FFb4b4b4</textcolor>
			<shadowcolor>black</shadowcolor>
			<onup>9099</onup>
			<ondown>9002</ondown>
			<texturefocus border="5">dialogs/button-focus2.png</texturefocus>
			<texturenofocus border="5">dialogs/button-nofocus.png</texturenofocus>
		</control>
		
		<control type="label">
			<posx>434</posx>
			<posy>420</posy>
			<width>1080</width>
			<height>60</height>
			<aligny>center</aligny>
			<font>font13</font>
			<textcolor>FFb4b4b4</textcolor>
			<label>$ADDON[script.mtvguide 70003]</label>
		</control>
		
		<control type="button" id="204">
			<description>label</description>
			<posx>420</posx>
			<posy>420</posy>
			<width>1080</width>
			<height>60</height>
			<textoffsetx>15</textoffsetx>
			<align>right</align>
			<aligny>center</aligny>
			<font>font13</font>
			<textcolor>FFb4b4b4</textcolor>
			<shadowcolor>black</shadowcolor>
			<onup>9099</onup>
			<ondown>9002</ondown>
			<texturefocus border="5">dialogs/button-focus2.png</texturefocus>
			<texturenofocus border="5">dialogs/button-nofocus.png</texturenofocus>
		</control>
		
		<control type="button">
			<posx>420</posx>
			<posy>490</posy>
			<width>1080</width>
			<height>60</height>
			<textoffsetx>15</textoffsetx>
			<align>left</align>
			<aligny>center</aligny>
			<font>font13</font>
			<textcolor>FFb4b4b4</textcolor>
			<shadowcolor>black</shadowcolor>
			<onup>9099</onup>
			<ondown>9002</ondown>
			<texturefocus border="5">dialogs/button-focus2.png</texturefocus>
			<texturenofocus border="5">dialogs/button-nofocus.png</texturenofocus>
			<label>$ADDON[script.mtvguide 70004]</label>
		</control>
		
		<control type="label" id="501">
			<left>172</left>
			<top>490</top>
			<width>1080</width>
			<height>60</height>
			<font>font13</font>
			<align>right</align>
			<aligny>center</aligny>
			<textcolor>FFb4b4b4</textcolor>
			<shadowcolor>black</shadowcolor>
		</control>
		
		<control type="slider" id="401">
			<description>Slider</description>
			<left>1267</left>
			<top>505</top>
			<width>224</width>
			<height>31</height>
			<orientation>horizontal</orientation>
			<texturefocus>-</texturefocus>
			<texturenofocus>-</texturenofocus>
			<sliderwidth>150</sliderwidth>
			<sliderheight>20</sliderheight>
			<texturesliderbar>osd_slider_bg.png</texturesliderbar>
			<textureslidernib>osd_slider_nibNF.png</textureslidernib>
			<textureslidernibfocus>osd_slider_nib.png</textureslidernibfocus>
			<onup>303</onup>
			<ondown>402</ondown>
		</control>
		
		<control type="button">
			<posx>420</posx>
			<posy>560</posy>
			<width>1080</width>
			<height>60</height>
			<textoffsetx>15</textoffsetx>
			<align>left</align>
			<aligny>center</aligny>
			<font>font13</font>
			<textcolor>FFb4b4b4</textcolor>
			<shadowcolor>black</shadowcolor>
			<onup>9099</onup>
			<ondown>9002</ondown>
			<texturefocus border="5">dialogs/button-focus2.png</texturefocus>
			<texturenofocus border="5">dialogs/button-nofocus.png</texturenofocus>
			<label>$ADDON[script.mtvguide 70005]</label>
		</control>
		
		<control type="label" id="502">
			<left>172</left>
			<top>560</top>
			<width>1080</width>
			<height>60</height>
			<font>font13</font>
			<align>right</align>
			<aligny>center</aligny>
			<textcolor>FFb4b4b4</textcolor>
			<shadowcolor>black</shadowcolor>
		</control>
		
		<control type="slider" id="402">
			<description>Slider</description>
			<left>1267</left>
			<top>575</top>
			<width>224</width>
			<height>31</height>
			<orientation>horizontal</orientation>
			<texturefocus>-</texturefocus>
			<texturenofocus>-</texturenofocus>
			<sliderwidth>150</sliderwidth>
			<sliderheight>20</sliderheight>
			<texturesliderbar>osd_slider_bg.png</texturesliderbar>
			<textureslidernib>osd_slider_nibNF.png</textureslidernib>
			<textureslidernibfocus>osd_slider_nib.png</textureslidernibfocus>
			<onup>401</onup>
			<ondown>301</ondown>
		</control>
		
		<control type="button" id="1000">
			<description>Close Window button</description>
			<posx>1245</posx>
			<posy>105</posy>
			<width>96</width>
			<height>48</height>
			<onclick>Dialog.Close(all,true)</onclick>
			<onclick>FullScreen</onclick>
			<texturefocus>DialogCloseButton-focus.png</texturefocus>
			<texturenofocus>DialogCloseButton.png</texturenofocus>
			<animation effect="fade" time="200">VisibleChange</animation>
			<visible>hidden</visible>
		</control>
	</controls>
</window>