<?xml version="1.0" encoding="utf-8"?>
<window type="dialog">
	<allowoverlay>no</allowoverlay>
	<defaultcontrol always="true">301</defaultcontrol>
	<zorder>9</zorder>
	<coordinates>
		<system>1</system><posx>0</posx><posy>0</posy>
	</coordinates>
	<animation effect="fade" start="0" end="100" time="250">WindowOpen</animation>
	<animation effect="fade" start="100" end="0" time="250">WindowClose</animation>
	<controls>
		<control type="label" id="6001"><description>visibility marker for selection box</description></control>

		<control type="image">
			<description>Background image</description>
			<left>363</left>
			<top>93</top>
			<width>1194</width>
			<height>894</height>
			<texture border="14">dialogs/dialogback.png</texture>
		</control>
		<control type="image">
			<description>Dialog Header image</description>
			<left>360</left>
			<top>114</top>
			<width>1200</width>
			<height>60</height>
			<texture>dialogs/dialogheader.png</texture>
		</control>
		<control type="label">
			<description>Header label</description>
			<left>420</left>
			<top>120</top>
			<width>1080</width>
			<height>45</height>
			<font>font13_title</font>
			<label>$ADDON[script.mtvguide 70006]</label>
			<align>center</align>
			<aligny>center</aligny>
			<textcolor>FFEB9E17</textcolor>
			<shadowcolor>black</shadowcolor>
		</control>
		<control type="button" id="1000">
			<description>Close Window button</description>
			<posx>1425</posx>
			<posy>112</posy>
			<width>96</width>
			<height>48</height>
			<onclick>Dialog.Close(VideoOSD,true)</onclick>
			<onclick>Back</onclick>
			<texturefocus>DialogCloseButton-focus.png</texturefocus>
			<texturenofocus>DialogCloseButton.png</texturenofocus>
			<animation effect="fade" time="200">VisibleChange</animation>
			<visible>true</visible>
		</control>
		
		<control type="button" id="303">
			<description>Reset</description>
			<posx>1105</posx>
			<posy>872</posy>
			<width>340</width>
			<height>100</height>
			<align>center</align>
			<aligny>center</aligny>
			<font>font12_title</font>
			<textcolor>FFF1F1F1</textcolor>
			<label>$ADDON[script.mtvguide 70007]</label>
			<onleft>302</onleft>
			<onright>301</onright>
			<onup>404</onup>
			<ondown>202</ondown>
			<texturefocus border="40">dialogs/dialogbutton-fo.png</texturefocus>
			<texturenofocus border="40">dialogs/dialogbutton-nofo.png</texturenofocus>
		</control>
		
		<control type="button" id="302">
			<description>Cancel</description>
			<posx>790</posx>
			<posy>872</posy>
			<width>340</width>
			<height>100</height>
			<align>center</align>
			<aligny>center</aligny>
			<font>font12_title</font>
			<textcolor>FFF1F1F1</textcolor>
			<label>$ADDON[script.mtvguide 30503]</label>
			<onleft>301</onleft>
			<onright>303</onright>
			<onup>404</onup>
			<ondown>202</ondown>
			<texturefocus border="40">dialogs/dialogbutton-fo.png</texturefocus>
			<texturenofocus border="40">dialogs/dialogbutton-nofo.png</texturenofocus>
		</control>
		
		<control type="button" id="301">
			<description>OK</description>
			<posx>475</posx>
			<posy>872</posy>
			<width>340</width>
			<height>100</height>
			<align>center</align>
			<aligny>center</aligny>
			<font>font12_title</font>
			<textcolor>FFF1F1F1</textcolor>
			<label>$ADDON[script.mtvguide 31004]</label>
			<onleft>303</onleft>
			<onright>302</onright>
			<onup>404</onup>
			<ondown>202</ondown>
			<texturefocus border="40">dialogs/dialogbutton-fo.png</texturefocus>
			<texturenofocus border="40">dialogs/dialogbutton-nofo.png</texturenofocus>
		</control>
		
		<control type="group">
			<control type="label">
				<posx>434</posx>
				<posy>280</posy>
				<width>1080</width>
				<height>60</height>
				<aligny>center</aligny>
				<font>font13</font>
				<textcolor>FFb4b4b4</textcolor>
				<label>$ADDON[script.mtvguide 70001]</label>
			</control>
			
			<control type="label" id="201">
				<description>Value</description>
				<right>420</right>
				<posy>280</posy>
				<width>1080</width>
				<height>60</height>
				<textoffsetx>15</textoffsetx>
				<align>right</align>
				<aligny>center</aligny>
				<font>font13</font>
				<textcolor>FFb4b4b4</textcolor>
				<shadowcolor>black</shadowcolor>
			</control>
			
			<control type="image">
				<posx>420</posx>
				<posy>280</posy>
				<width>1080</width>
				<height>60</height>
				<texture border="5">dialogs/button-nofocus.png</texture>
			</control>
			
			<control type="edit" id="202">					
				<description>Value</description>
				<posx>420</posx>
				<posy>210</posy>
				<width>1080</width>
				<height>60</height>
				<textoffsetx>15</textoffsetx>
				<align>right</align>
				<aligny>center</aligny>
				<font>font13</font>
				<textcolor>FFb4b4b4</textcolor>
				<shadowcolor>black</shadowcolor>
				<texturefocus border="5">dialogs/button-focus2.png</texturefocus>
				<texturenofocus border="5">dialogs/button-nofocus.png</texturenofocus>
				<pulseonselect>yes</pulseonselect>
				<onup>301</onup>
				<ondown>401</ondown>
				<onright>301</onright>
			</control>
			
			<control type="label">
				<description>Label</description>
				<posx>434</posx>
				<posy>350</posy>
				<width>1080</width>
				<height>60</height>
				<aligny>center</aligny>
				<font>font13</font>
				<textcolor>FFb4b4b4</textcolor>
				<label>$ADDON[script.mtvguide 70003]</label>
			</control>
			
			<control type="label" id="204">
				<description>Value</description>
				<right>420</right>
				<posy>350</posy>
				<width>1080</width>
				<height>60</height>
				<textoffsetx>15</textoffsetx>
				<align>right</align>
				<aligny>center</aligny>
				<font>font13</font>
				<textcolor>FFb4b4b4</textcolor>
				<shadowcolor>black</shadowcolor>
				<label></label>
			</control>
			
			<control type="image">
				<posx>420</posx>
				<posy>350</posy>
				<width>1080</width>
				<height>60</height>
				<texture border="5">dialogs/button-nofocus.png</texture>
			</control>
			
			<control type="edit" id="401">
				<description>Value</description>
				<posx>420</posx>
				<posy>440</posy>
				<width>1080</width>
				<height>60</height>
				<textoffsetx>15</textoffsetx>
				<align>right</align>
				<aligny>center</aligny>
				<font>font13</font>
				<textcolor>FFb4b4b4</textcolor>
				<shadowcolor>black</shadowcolor>
				<texturefocus border="5">dialogs/button-focus2.png</texturefocus>
				<texturenofocus border="5">dialogs/button-nofocus.png</texturenofocus>
				<pulseonselect>yes</pulseonselect>
				<onup>202</onup>
				<ondown>403</ondown>
				<onright>301</onright>
			</control>
			
			<control type="edit" id="403">
				<description>Value</description>
				<posx>420</posx>
				<posy>510</posy>
				<width>1080</width>
				<height>60</height>
				<textoffsetx>15</textoffsetx>
				<align>right</align>
				<aligny>center</aligny>
				<font>font13</font>
				<textcolor>FFb4b4b4</textcolor>
				<shadowcolor>black</shadowcolor>
				<texturefocus border="5">dialogs/button-focus2.png</texturefocus>
				<texturenofocus border="5">dialogs/button-nofocus.png</texturenofocus>
				<texturenofocus></texturenofocus>
				<pulseonselect>yes</pulseonselect>
				<onup>401</onup>
				<ondown>402</ondown>
				<onright>301</onright>
			</control>
			
			<control type="edit" id="402">
				<description>Value</description>
				<posx>420</posx>
				<posy>600</posy>
				<width>1080</width>
				<height>60</height>
				<textoffsetx>15</textoffsetx>
				<align>right</align>
				<aligny>center</aligny>
				<font>font13</font>
				<textcolor>FFb4b4b4</textcolor>
				<shadowcolor>black</shadowcolor>
				<texturefocus border="5">dialogs/button-focus2.png</texturefocus>
				<texturenofocus border="5">dialogs/button-nofocus.png</texturenofocus>
				<texturenofocus></texturenofocus>
				<pulseonselect>yes</pulseonselect>
				<onup>403</onup>
				<ondown>404</ondown>
				<onright>301</onright>
			</control>
			
			<control type="edit" id="404">
				<description>Value</description>
				<posx>420</posx>
				<posy>670</posy>
				<width>1080</width>
				<height>60</height>
				<textoffsetx>15</textoffsetx>
				<align>right</align>
				<aligny>center</aligny>
				<font>font13</font>
				<textcolor>FFb4b4b4</textcolor>
				<shadowcolor>black</shadowcolor>
				<texturefocus border="5">dialogs/button-focus2.png</texturefocus>
				<texturenofocus border="5">dialogs/button-nofocus.png</texturenofocus>
				<texturenofocus></texturenofocus>
				<pulseonselect>yes</pulseonselect>
				<onup>402</onup>
				<ondown>301</ondown>
				<onright>301</onright>
			</control>
			
			<control type="image">
				<description>Separator Image</description>
				<left>430</left>
				<posy>424</posy>
				<width>1058</width>
				<height>3</height>
				<texture colordiffuse="AAAAAAAA" border="3">../../skin.default/media/dialogs/separator-grey.png</texture>
			</control>
			
			<control type="image">
				<description>Separator Image</description>
				<left>430</left>
				<posy>584</posy>
				<width>1058</width>
				<height>3</height>
				<texture colordiffuse="AAAAAAAA" border="3">../../skin.default/media/dialogs/separator-grey.png</texture>
			</control>
		</control>
		
		<control type="button" id="1000">
			<description>Close Window button</description>
			<posx>1245</posx>
			<posy>105</posy>
			<width>96</width>
			<height>48</height>
			<onclick>Dialog.Close(all,true)</onclick>
			<onclick>FullScreen</onclick>
			<texturefocus>DialogCloseButton-focus.png</texturefocus>
			<texturenofocus>DialogCloseButton.png</texturenofocus>
			<animation effect="fade" time="200">VisibleChange</animation>
			<visible>hidden</visible>
		</control>
	</controls>
</window>