<window>
	<include>dialogeffect</include>
	<coordinates>
		<system>1</system><posx>0</posx><posy>0</posy>
	</coordinates>
	<controls>
		<control type="button" id="1000">
			<description>Close Window button</description>
			<posx>84r</posx>
			<posy>0</posy>
			<width>96</width>
			<height>48</height>
			<onclick>Dialog.Close(VideoOSD,true)</onclick>
			<onclick>FullScreen</onclick>
			<texturefocus>DialogCloseButton-focus.png</texturefocus>
			<texturenofocus>DialogCloseButton.png</texturenofocus>
			<onleft>1000</onleft>
			<onright>1000</onright>
			<onup>101</onup>
			<ondown>101</ondown>
			<animation effect="fade" time="200">VisibleChange</animation>
			<visible>true</visible>
		</control>

		<control type="group" id="100">
			<posx>0</posx>
			<posy>0</posy>
			<animation effect="fade" time="1000">VisibleChange</animation>
			<visible>true</visible>

			<control type="image">
				<description>bg2</description>
				<posx>0</posx>
				<posy>855</posy>
				<width>1920</width>
				<height>225</height>
				<texture>tvguide-glasspane.png</texture>
			</control>
			<control type="image">
				<description>bg</description>
				<posx>0</posx>
				<posy>855</posy>
				<width>1920</width>
				<height>45</height>
				<texture>tvguide-glasspane_mouse.png</texture>
			</control>
			
			<control type="label" id="4920">
				<visible>false</visible>
			</control>
			
			<control type="label" id="4950">
				<visible>hidden</visible>
			</control>
			
			<control type="label" id="4951">
				<visible>hidden</visible>
			</control>
			
			<control type="label" id="4919">
				<visible>hidden</visible>
			</control>
			
			<control type="label" id="4925">
				<visible>hidden</visible>
			</control>
			
			<control type="label" id="4962">
				<visible>hidden</visible>
			</control>
			
			<control type="label">
				<description>Program title</description>
				<posx>517</posx>
				<posy>855</posy>
				<width>1050</width>
				<height>45</height>
				<textcolor>ffffffff</textcolor>
				<font>font13</font>
				<aligny>center</aligny>
				<label>$INFO[Control.GetLabel(4925)]. $INFO[Control.GetLabel(4920)]</label>
			</control>
			
			<!--<control type="label">
				<description>Program channel</description>
				<posx>517</posx>
				<posy>901</posy>
				<width>1050</width>
				<height>45</height>
				<label>$INFO[Control.GetLabel(4919)]</label>
				<textcolor>ffffffff</textcolor>
				<font>font13_title</font>
				<aligny>center</aligny>
			</control>-->
			<control type="label" id="4921">
				<description>Program time</description>
				<posx>1710</posx>
				<posy>855</posy>
				<width>300</width>
				<height>45</height>
				<textcolor>ffffffff</textcolor>
				<font>font13</font>
				<align>right</align>
				<aligny>center</aligny>
			</control>
			<control type="textbox" id="4922">
				<description>Program description</description>
				<posx>517</posx>
				<posy>907</posy>
				<width>1365</width>
				<height>156</height>
				<textcolor>ffffffff</textcolor>
				<font>font12</font>
				<align>justify</align>
				<wrapmultiline>true</wrapmultiline>
				<autoscroll time="3500" delay="4500" repeat="10000">true</autoscroll>
			</control>
			<control type="image" id="4924">
				<description>Channel logo</description>
				<posx>87</posx>
				<posy>915</posy>
				<width>315</width>
				<height>75</height>
				<aspectratio>keep</aspectratio>
				<visible>true</visible>
			</control>
			<control type="slider" id="4998">
				<visible>hidden</visible>
			</control>
			<control type="progress" id="4999">
				<posx>30</posx>
				<posy>867</posy>
				<width>450</width>
				<height>22</height>
			</control>
			<control type="label" id="6666">
				<description>Program time</description>
				<posx>1762</posx>
				<posy>855</posy>
				<width>150</width>
				<height>45</height>
				<textcolor>ffffffff</textcolor>
				<font>font13_title</font>
				<align>left</align>
				<aligny>center</aligny>
				<label>$INFO[System.Time]</label>
			</control>

			<control type="button" id="108">
				<posx>127</posx>
				<posy>1005</posy>
				<width>60</width>
				<height>60</height>
				<texturefocus colordiffuse="">../../skin.xx/media/schedulefo.png</texturefocus>
				<texturenofocus>../../skin.xx/media/schedulefo.png</texturenofocus>
			</control>
			<control type="button" id="107">
				<posx>127</posx>
				<posy>1005</posy>
				<width>60</width>
				<height>60</height>
				<texturefocus colordiffuse="">../../skin.xx/media/schedulefo.png</texturefocus>
				<texturenofocus>../../skin.xx/media/schedulebd.png</texturenofocus>
			</control>
			<control type="button" id="105">
				<posx>127</posx>
				<posy>1005</posy>
				<width>60</width>
				<height>60</height>
				<texturefocus colordiffuse="">../../skin.xx/media/playfo.png</texturefocus>
				<texturenofocus>../../skin.xx/media/playbd.png</texturenofocus>
			</control>
			<control type="button" id="101">
				<posx>127</posx>
				<posy>1005</posy>
				<width>60</width>
				<height>60</height>
				<texturefocus colordiffuse="">../../skin.xx/media/stopfo.png</texturefocus>
				<texturenofocus>../../skin.xx/media/stopbd.png</texturenofocus>
				<onup>1000</onup>
				<ondown>1000</ondown>
			</control>
			<control type="button" id="102">
				<posx>187</posx>
				<posy>1005</posy>
				<width>60</width>
				<height>60</height>
				<texturefocus colordiffuse="">../../skin.xx/media/infofo.png</texturefocus>
				<texturenofocus>../../skin.xx/media/infobd.png</texturenofocus>
				<onup>1000</onup>
				<ondown>1000</ondown>
			</control>
			<control type="button" id="106">
				<posx>247</posx>
				<posy>1005</posy>
				<width>60</width>
				<height>60</height>
				<texturefocus colordiffuse="">../../skin.xx/media/setupfo.png</texturefocus>
				<texturenofocus>../../skin.xx/media/setupbd.png</texturenofocus>
				<onup>1000</onup>
				<ondown>1000</ondown>
			</control>
			<control type="button" id="103">
				<posx>7</posx>
				<posy>1005</posy>
				<width>60</width>
				<height>60</height>
				<texturefocus colordiffuse="">../../skin.xx/media/minusfo.png</texturefocus>
				<texturenofocus>../../skin.xx/media/minusbd.png</texturenofocus>
				<onup>1000</onup>
				<ondown>1000</ondown>
			</control>
			<control type="button" id="104">
				<posx>67</posx>
				<posy>1005</posy>
				<width>60</width>
				<height>60</height>
				<texturefocus colordiffuse="">../../skin.xx/media/plusfo.png</texturefocus>
				<texturenofocus>../../skin.xx/media/plusbd.png</texturenofocus>
				<onup>1000</onup>
				<ondown>1000</ondown>
			</control>
			<control type="button" id="109">
				<visible>hidden</visible>
			</control>
			<control type="button" id="110">
				<visible>hidden</visible>
			</control>
			<control type="button" id="114">
				<visible>hidden</visible>
			</control>
			<control type="button" id="118">
				<visible>hidden</visible>
			</control>
			<control type="button" id="111">
				<posx>427</posx>
				<posy>1005</posy>
				<width>60</width>
				<height>60</height>
				<texturefocus colordiffuse="">../../skin.xx/media/subsfo.png</texturefocus>
				<texturenofocus>../../skin.xx/media/subsbd.png</texturenofocus>
				<onup>1000</onup>
				<ondown>1000</ondown>
			</control>
			<control type="button" id="112">
				<posx>367</posx>
				<posy>1005</posy>
				<width>60</width>
				<height>60</height>
				<texturefocus colordiffuse="">../../skin.xx/media/langfo.png</texturefocus>
				<texturenofocus>../../skin.xx/media/langbd.png</texturenofocus>
				<onup>1000</onup>
				<ondown>1000</ondown>
			</control>
			<control type="button" id="113">
				<posx>307</posx>
				<posy>1005</posy>
				<width>60</width>
				<height>60</height>
				<texturefocus colordiffuse="">../../skin.xx/media/numbfo.png</texturefocus>
				<texturenofocus>../../skin.xx/media/numbbd.png</texturenofocus>
				<onup>1000</onup>
				<ondown>1000</ondown>
			</control>
		</control>
		<control type="image">
			<description>Channel number input bg</description>
			<posx>0</posx>
			<posy>37</posy>
			<width>240</width>
			<height>135</height>
			<texture>tvguide-glasspane.png</texture>
			<visible>!String.IsEqual(Control.GetLabel(9999),)</visible>
		</control>
		<control type="label" id="9999">
			<description>Channel number input</description>
			<posx>15</posx>
			<posy>37</posy>
			<width>210</width>
			<height>135</height>
			<textcolor>fff0efef</textcolor>
			<font>font_MainMenu</font>
			<align>center</align>
			<aligny>center</aligny>
		</control>
	</controls>
</window>
