<?xml version="1.0" encoding="utf-8"?>
<window type="dialog">
    <allowoverlay>no</allowoverlay>
    <defaultcontrol always="false">1000</defaultcontrol>
    <coordinates>
        <system>1</system>
        <posx>0</posx>
        <posy>0</posy>
    </coordinates>
    <controls>

		<!-- Background -->
		<control type="image" id="4600">
			<posx>0</posx>
			<posy>0</posy>
			<width>1920</width>
			<height>1080</height>
			<texture>../../skin.xx/media/mtvguide-bg.png</texture>
			<aspectratio>scale</aspectratio>
			<!--<colordiffuse>FF000000</colordiffuse>-->
		</control>
		
		<!-- Video Background -->
		<control type="videowindow">
			<posx>0</posx>
			<posy>0</posy>
			<width>1920</width>
			<height>1080</height>
			<animation type="Conditional" condition="!Control.IsVisible(5000)">
				<effect type="zoom" end="20" center="40,25" time="500"/>
			</animation>
			<visible>Player.HasVideo</visible>
		</control>
		
		<control type="image">
			<top>93</top>
			<left>85</left>
			<width>1750</width>
			<height>892</height>
			<texture border="22">dialogs/dialog-bg-wall.png</texture>
			<animation type="WindowOpen">
				<effect type="fade" start="0" end="100" time="200" />
			</animation>
			<animation type="WindowClose">
				<effect type="fade" end="0" start="100" time="200" />
			</animation>
		</control>
		
		<control type="group">
			<posx>0</posx>
			<posy>60</posy>
			<width>1920</width>
			<height>1080</height>
			<visible>hidden</visible>
		
			<control type="button" id="1">
				<description>Home</description>
				<top>938</top>
				<left>1822</left>
				<width>68</width>
				<height>67</height>
				<visible>true</visible>
				<colordiffuse>FFF1F1F1</colordiffuse>
				<texturefocus border="5">dialogs/floor_buttonfo.png</texturefocus>
				<texturenofocus border="5">dialogs/floor_button.png</texturenofocus>
				<label></label>
				<wrapmultiline>false</wrapmultiline>
				<font>font13</font>
				<textcolor>FFF1F1F1</textcolor>
				<focusedcolor>FFF1F1F1</focusedcolor>
				<disabledcolor>80FFFFFF</disabledcolor>
				<invalidcolor>FFF1F1F1</invalidcolor>
				<align>left</align>
				<aligny>center</aligny>
				<textoffsetx>64</textoffsetx>
				<textoffsety>12</textoffsety>
				<textwidth>300</textwidth>
				<onclick>Addon.OpenSettings(script.mtvguide)</onclick>
				<onfocus>-</onfocus>
				<onunfocus>-</onunfocus>
				<onup>-</onup>
				<ondown>-</ondown>
			</control>
			<control type="image">
				<description>Home</description>
				<top>944</top>
				<left>1829</left>
				<width>54</width>
				<height>54</height>
				<aspectratio>keep</aspectratio>
				<texture>dialogs/icon_home.png</texture>
			</control>
			
			<control type="button" id="4306">
				<description>Back</description>
				<top>938</top>
				<left>1740</left>
				<width>68</width>
				<height>67</height>
				<visible>true</visible>
				<colordiffuse>FFF1F1F1</colordiffuse>
				<texturefocus border="5">dialogs/floor_buttonfo.png</texturefocus>
				<texturenofocus border="5">dialogs/floor_button.png</texturenofocus>
				<label></label>
				<wrapmultiline>false</wrapmultiline>
				<font>font13</font>
				<textcolor>FFF1F1F1</textcolor>
				<focusedcolor>FFF1F1F1</focusedcolor>
				<disabledcolor>80FFFFFF</disabledcolor>
				<invalidcolor>FFF1F1F1</invalidcolor>
				<align>left</align>
				<aligny>center</aligny>
				<textoffsetx>64</textoffsetx>
				<textoffsety>26</textoffsety>
				<textwidth>300</textwidth>
				<onclick>Action(Back)</onclick>
				<onfocus>-</onfocus>
				<onunfocus>-</onunfocus>
				<onup>-</onup>
				<ondown>-</ondown>
			</control>
			<control type="image">
				<description>Back</description>
				<top>944</top>
				<left>1747</left>
				<width>54</width>
				<height>54</height>
				<aspectratio>keep</aspectratio>
				<texture>dialogs/icon_back.png</texture>
			</control>
		</control>
		
		<!-- Menu -->		
		<control type="button">
			<left>-10</left>
			<top>390</top>
			<width>69</width>
			<height>192</height>
			<texturefocus>dialogs/hassub.png</texturefocus>
			<texturenofocus>dialogs/hassub.png</texturenofocus>
			<animation effect="fade" start="100" end="0" time="0" condition="Window.IsActive(script-tvguide-menu.xml)">conditional</animation>
			<onclick>Action(ContextMenu)</onclick>
			<onfocus>-</onfocus>
			<onunfocus>-</onunfocus>
			<onup>-</onup>
			<ondown>-</ondown>
			<visible>!Control.IsVisible(5000)</visible>
		</control>
		
		<control type="image">
			<left>-416</left>
			<top>0</top>
			<width>426</width>
			<height>1080</height>
			<texture border="0,0,10,0">dialogs/mediabladesub.png</texture>
			<animation effect="fade" start="100" end="0" time="0" condition="Window.IsActive(script-tvguide-menu.xml)">conditional</animation>
			<visible>!Control.IsVisible(5000)</visible>
		</control>

        <control type="label" id="1001">
            <description>Title</description>
            <left>1145</left>
            <posy>112</posy>
            <width>450</width>
            <height>30</height>
            <font>font12_title</font>
            <textcolor>orange</textcolor>
            <align>center</align>
            <aligny>center</aligny>
            <label>Title</label>
            <scroll>true</scroll>
			<animation effect="fade" start="0" end="100" time="250">WindowOpen</animation>
			<animation effect="fade" start="100" end="0" time="250">WindowClose</animation>
        </control>

        <!-- Date and time row -->
				<control type="group">
					<posx>0</posx>
					<posy>0</posy>
					<width>1920</width>
					<height>1080</height>
				
				<control type="label">
					<description>Time</description>
					<left>1690</left>
					<top>15</top>
					<width>200</width>
					<height>30</height>
					<align>right</align>
					<aligny>center</aligny>
					<font>font28_title</font>
					<textcolor>FFF1F1F1</textcolor>
					<shadowcolor>black</shadowcolor>
					<label>$INFO[System.Time]</label>
					<animation effect="slide" start="0,0" end="-40,0" time="75" condition="Player.Muted">conditional</animation>
				</control>
					
				<control type="label">
					<description>Date label</description>
					<right>30</right>
					<top>53</top>
					<width>450</width>
					<height>23</height>
					<align>right</align>
					<aligny>center</aligny>
					<font>font10</font>
					<textcolor>white</textcolor>
					<shadowcolor>black</shadowcolor>
					<label>$INFO[System.Date]</label>
					<animation effect="slide" start="0,0" end="-40,0" time="75" condition="Player.Muted">conditional</animation>
				</control>
				</control>

        <control type="group">
            <description>Program List</description>
            <visible>true</visible>
			<animation effect="fade" start="0" end="100" time="250">WindowOpen</animation>
			<animation effect="fade" start="100" end="0" time="250">WindowClose</animation>
            <control type="group">
                <left>80</left>
                <posy>102</posy>
                <control type="label">
                    <description>Channel label</description>
                    <left>225</left>
                    <top>0</top>
                    <width>270</width>
                    <height>49</height>
					<textcolor>FFF1F1F1</textcolor>
					<shadowcolor>black</shadowcolor>
					<font>font12</font>
                    <align>left</align>
                    <aligny>center</aligny>
                    <label>19148</label>
                </control>
                <control type="label">
                    <description>Time label</description>
                    <left>525</left>
                    <top>0</top>
                    <width>300</width>
                    <height>49</height>
					<textcolor>FFF1F1F1</textcolor>
					<shadowcolor>black</shadowcolor>
					<font>font12</font>
                    <align>left</align>
                    <aligny>center</aligny>
                    <label>$ADDON[script.mtvguide 30313]</label>
                </control>
                <control type="label">
                    <description>Length</description>
                    <left>720</left>
                    <top>0</top>
                    <width>150</width>
                    <height>49</height>
					<textcolor>FFF1F1F1</textcolor>
					<shadowcolor>black</shadowcolor>
					<font>font12</font>
                    <align>right</align>
                    <aligny>center</aligny>
                    <label>$ADDON[script.mtvguide 30314]</label>
                </control>
                <control type="label">
                    <description>Title</description>
                    <left>1050</left>
                    <top>0</top>
                    <width>825</width>
                    <height>49</height>
					<textcolor>FFF1F1F1</textcolor>
					<shadowcolor>black</shadowcolor>
					<font>font12</font>
                    <align>left</align>
                    <aligny>center</aligny>
                    <label>369</label>
                </control>

                <control type="wraplist" id="1000">
                    <viewtype label="19030">list</viewtype>
                    <left>0</left>
                    <top>52</top>
                    <width>1920</width>
                    <height>820</height>
                    <onup>1000</onup>
                    <ondown>1000</ondown>
                    <onleft>-</onleft>
                    <onright>-</onright>
                    <pagecontrol>-</pagecontrol>
                    <itemlayout height="59">
                        <control type="image">
                            <left>35</left>
                            <top>10</top>
                            <width>150</width>
                            <height>56</height>
                            <info>ListItem.Icon</info>
                            <aspectratio>keep</aspectratio>
                        </control>
                        <control type="label">
                            <left>225</left>
                            <top>0</top>
                            <width>300</width>
                            <height>60</height>
                            <font>font13</font>
                            <textcolor>grey</textcolor>
							<shadowcolor>black</shadowcolor>
                            <align>left</align>
                            <aligny>center</aligny>
                            <info>ListItem.Property(ChannelName)</info>
                        </control>
                        <control type="label">
                            <left>525</left>
                            <top>0</top>
                            <width>300</width>
                            <height>60</height>
                            <font>font13</font>
                            <textcolor>dimgrey</textcolor>
							<shadowcolor>black</shadowcolor>
                            <align>left</align>
                            <aligny>center</aligny>
                            <info>ListItem.Property(StartTime)</info>
                        </control>
                        <control type="label">
                            <left>745</left>
                            <top>0</top>
                            <width>150</width>
                            <height>60</height>
                            <font>font13</font>
                            <textcolor>grey</textcolor>
							<shadowcolor>black</shadowcolor>
                            <align>right</align>
                            <aligny>center</aligny>
                            <info>ListItem.Property(Duration)</info>
                        </control>
                        <control type="progress">
                            <left>915</left>
                            <top>30</top>
                            <width>120</width>
                            <height>6</height>
                            <lefttexture />
                            <righttexture />
                            <texturebg>list\tvg-progress-bg.png</texturebg>
                            <midtexture>list\tvg-progress-mid.png</midtexture>
                            <info>ListItem.Property(Completed)</info>
                            <visible>ListItem.Property(Completed)</visible>
                        </control>
                        <control type="label">
                            <left>910</left>
                            <top>0</top>
                            <width>130</width>
                            <height>60</height>
                            <font>font12</font>
                            <textcolor>dimgrey</textcolor>
							<shadowcolor>black</shadowcolor>
                            <align>left</align>
                            <aligny>center</aligny>
                            <info>ListItem.Property(When)</info>
                        </control>
                        <control type="label">
                            <description>Program Title</description>
                            <left>1050</left>
                            <top>0</top>
                            <width>825</width>
                            <height>60</height>
                            <font>font13</font>
                            <textcolor>grey</textcolor>
							<shadowcolor>black</shadowcolor>
                            <align>left</align>
                            <aligny>center</aligny>
                            <info>ListItem.Label</info>
                        </control>
                    </itemlayout>
                    <focusedlayout height="160">
                        <control type="image">
                            <left>0</left>
                            <top>0</top>
                            <width>1920</width>
                            <height>150</height>
                            <texture>tvg-program-focus.png</texture>
                            <visible>hidden</visible>
                        </control>
                        <control type="image">
                            <left>12</left>
                            <top>0</top>
                            <width>1736</width>
                            <height>170</height>
                            <texture>list/tvg-back-trans.png</texture>
                            <visible>true</visible>
                        </control>
						<control type="image">
                            <left>12</left>
                            <top>0</top>
                            <width>1736</width>
                            <height>170</height>
                            <texture border="5">dialogs/button-focus2.png</texture>
                            <visible>true</visible>
                        </control>
                        <control type="image">
                            <left>20</left>
                            <top>30</top>
                            <width>187</width>
                            <height>70</height>
                            <info>ListItem.Icon</info>
                            <aspectratio>keep</aspectratio>
                        </control>
                        <control type="label">
                            <left>225</left>
                            <top>0</top>
                            <width>300</width>
                            <height>60</height>
                            <font>font13</font>
                            <textcolor>FFF1F1F1</textcolor>
							<shadowcolor>black</shadowcolor>
                            <align>left</align>
                            <aligny>center</aligny>
                            <info>ListItem.Property(ChannelName)</info>
                        </control>
                        <control type="label">
                            <left>525</left>
                            <top>0</top>
                            <width>300</width>
                            <height>60</height>
                            <font>font13</font>
                            <textcolor>FFF1F1F1</textcolor>
							<shadowcolor>black</shadowcolor>
                            <align>left</align>
                            <aligny>center</aligny>
                            <info>ListItem.Property(StartTime)</info>
                        </control>
                        <control type="label">
                            <left>745</left>
                            <top>0</top>
                            <width>150</width>
                            <height>60</height>
                            <font>font13</font>
                            <textcolor>FFF1F1F1</textcolor>
							<shadowcolor>black</shadowcolor>
                            <align>right</align>
                            <aligny>center</aligny>
                            <info>ListItem.Property(Duration)</info>
                        </control>
                        <control type="progress">
                            <left>915</left>
                            <top>30</top>
                            <width>120</width>
                            <height>6</height>
                            <lefttexture />
                            <righttexture />
                            <texturebg>list\tvg-progress-bg.png</texturebg>
                            <midtexture>list\tvg-progress-mid.png</midtexture>
                            <info>ListItem.Property(Completed)</info>
                            <visible>ListItem.Property(Completed)</visible>
                        </control>
                        <control type="label">
                            <left>910</left>
                            <top>0</top>
                            <width>130</width>
                            <height>60</height>
                            <font>font12</font>
                            <textcolor>dimgrey</textcolor>
							<shadowcolor>black</shadowcolor>
                            <align>left</align>
                            <aligny>center</aligny>
                            <info>ListItem.Property(When)</info>
                        </control>
                        <control type="image">
                            <left>1510</left>
                            <top>20</top>
                            <width>224</width>
                            <height>126</height>
                            <info>ListItem.Property(ProgramImage)</info>
                            <aspectratio>scale</aspectratio>
                        </control>
                        <control type="label">
                            <description>Program Title</description>
                            <left>1050</left>
                            <top>0</top>
                            <width>450</width>
                            <height>60</height>
                            <font>font13</font>
                            <textcolor>FFF1F1F1</textcolor>
							<shadowcolor>black</shadowcolor>
                            <align>left</align>
                            <aligny>center</aligny>
                            <info>ListItem.Label</info>
                        </control>
                        <control type="textbox">
                            <description>Plot Value for TVShow</description>
                            <left>225</left>
                            <top>55</top>
                            <width>1190</width>
                            <height>97</height>
                            <font>font12</font>
                            <textcolor>FFF1F1F1</textcolor>
							<shadowcolor>black</shadowcolor>
                            <align>left</align>
                            <wrapmultiline>true</wrapmultiline>
                            <autoscroll time="3600" delay="6000" repeat="6000">true</autoscroll>
                            <pagecontrol>-</pagecontrol>
                            <info>ListItem.Property(Plot)</info>
                        </control>

                    </focusedlayout>
                </control>
            </control>
        </control>
    </controls>
</window>