<?xml version="1.0" encoding="utf-8"?>
<window type="dialog">
	<allowoverlay>no</allowoverlay>
	<aspectratio>scale</aspectratio>
	<defaultcontrol always="false">4012</defaultcontrol>
	<coordinates>
		<system>1</system><posx>0</posx><posy>0</posy>
	</coordinates>
	<controls>
	
	<control type="group">
		<width>1920</width>
		<height>1080</height>
		<animation type="WindowOpen" reversible="false">
			<effect type="zoom" start="150" end="100" center="960,540" time="300" tween="cubic" easing="out" />
			<effect type="fade" end="100" time="150" />
		</animation>
		<animation type="WindowClose" reversible="false">
			<effect type="fade" start="100" end="0" time="100" delay="100" />
			<effect type="zoom" start="100" end="130" center="960,540" time="200" tween="cubic" easing="in" />
		</animation>
		
		<control type="button" id="4976">
			<description>Background</description>
			<posx>432</posx>
			<posy>0</posy>
			<width>1488</width>
			<height>100%</height>
			<texturefocus></texturefocus>
			<texturenofocus></texturenofocus>
		</control>
		
		<control type="button" id="4977">
			<description>Background</description>
            <posx>9999</posx>
            <posy>9999</posy>
			<onfocus>Action(Back)</onfocus>
		</control>

		<control type="image">
			<posx>0</posx>
			<posy>0</posy>
			<width>1920</width>
			<height>1080</height>
			<texture></texture>
		</control>
		
		<control type="image" id="4100">
			<posx>0</posx>
			<posy>0</posy>
			<width>0</width>
			<height>0</height>
			<visible>hidden</visible>
		</control>
		<control type="label" id="4101">
			<posx>0</posx>
			<posy>0</posy>
			<width>0</width>
			<height>0</height>
			<visible>hidden</visible>
		</control>
		
		<control type="button" id="4000">
			<posx>0</posx>
			<posy>0</posy>
			<width>0</width>
			<height>0</height>
			<visible>hidden</visible>
		</control>
		
		<control type="label" id="4102">
			<posx>0</posx>
			<posy>0</posy>
			<width>0</width>
			<height>0</height>
			<visible>hidden</visible>
		</control>
		
		<control type="label" id="4103">
			<posx>0</posx>
			<posy>0</posy>
			<width>0</width>
			<height>0</height>
			<visible>hidden</visible>
		</control>
		
		<control type="button" id="4006"> 
			<posx>0</posx>
			<posy>0</posy>
			<width>0</width>
			<height>0</height>
			<visible>hidden</visible>
		</control>
			</control>
		
		<control type="group">
			<left>-440</left>
			<animation effect="slide" start="0,0" end="440,0" time="400" tween="quadratic" easing="out" >WindowOpen</animation>
			<animation effect="slide" start="440,0" end="0,0" time="400" tween="quadratic" easing="out">WindowClose</animation>
			
		<control type="image">
			<width>432</width>
			<height>1080</height>
			<texture colordiffuse="E6FFFFFF" border="40">dialogs/mediamenu_back.png</texture>
		</control>
	
		<control type="button" id="1000">
			<description>Close Window button</description>
			<left>350</left>
			<width>64</width>
			<height>48</height>
			<label></label>
			<font>CloseButton</font>
			<textcolor>AAFFFFFF</textcolor>
			<focusedcolor>FF6DB9E5</focusedcolor>
			<onclick>Dialog.Close(1128)</onclick>
			<texturefocus />
			<texturenofocus />
			<onleft>2</onleft>
			<onright>13</onright>
			<onup>13</onup>
			<ondown>2</ondown>
			<align>center</align>
			<visible>system.getbool(input.enablemouse)</visible>
		</control>
	
		<control type="image">
			<description>LOGO</description>
			<top>960</top>
			<width>400</width>
			<height>120</height>
			<aspectratio>keep</aspectratio>
			<texture>silvo-logo.png</texture>
		</control>
		
		<control type="group">
			<top>100</top>
			<left>0</left>
			<width>400</width>
			<height>1080</height>
			<animation effect="fade" start="0" end="100" time="200">WindowOpen</animation>
			<animation effect="fade" start="100" end="0" time="200">WindowClose</animation>
			<animation effect="slide" start="0,0" end="440,0" time="400" tween="quadratic" easing="out">WindowOpen</animation>
			<animation effect="slide" start="440,0" end="0,0" time="400" tween="quadratic" easing="out">WindowClose</animation>
			
			<control type="label">
				<top>0</top>
				<width>400</width>
				<height>52</height>
				<textoffsetx>15</textoffsetx>
				<font>font13_title</font>
				<label>31006</label>
				<textcolor>FF6DB9E5</textcolor>
			</control>
			<control type="button" id="4012">
				<top>60</top>
				<textwidth>255</textwidth>
				<width>400</width>
				<height>60</height>
				<font>font13</font>
				<label>$ADDON[script.mtvguide 30984]</label>
				<onup>4013</onup>
				<ondown>7004</ondown>
				<onleft>4977</onleft>
				<onright>4977</onright>
				<textcolor>grey</textcolor>
				<texturefocus border="5" colordiffuse="FF6DB9E5">dialogs/button_fo.png</texturefocus>
				<texturenofocus></texturenofocus>
			</control>
			
			<control type="wraplist" id="7004">
            <description>Categories</description>
			<top>120</top>
            <width>400</width>
            <height>60</height>
            <visible>true</visible>
			<onup>4012</onup>
			<ondown>4015</ondown>
            <viewtype label="3D list">wraplist</viewtype>
            <orientation>horizontal</orientation>

            <itemlayout width="400" height="60">
                <control type="image">
                    <posx>0</posx>
                    <posy>0</posy>
                    <width>400</width>
                    <height>60</height>
                    <visible>true</visible>
                </control>
                <control type="label">
                    <posx>15</posx>
                    <posy>0</posy>
                    <width>400</width>
                    <height>60</height>
                    <font>font13</font>
                    <align>left</align>
                    <aligny>center</aligny>
                    <textcolor>grey</textcolor>
					<label>$ADDON[script.mtvguide 30992]: $INFO[ListItem.Label]</label>
                </control>
            </itemlayout>
            <focusedlayout height="60" width="400">
                <control type="image">
                    <posx>0</posx>
                    <posy>0</posy>
                    <width>400</width>
                    <height>60</height>
					<texture border="1">dialogs/separator2.png</texture>
                    <visible>true</visible>
                </control>
                <control type="image">
                    <posx>0</posx>
                    <posy>0</posy>
                    <width>400</width>
                    <height>60</height>
                    <texture border="4" colordiffuse="FF6DB9E5">dialogs/listselect_fo.png</texture>
                    <visible>Control.HasFocus(7004)</visible>
                </control>
                <control type="label">
                    <posx>15</posx>
                    <posy>0</posy>
                    <width>400</width>
                    <height>60</height>
                    <font>font13</font>
                    <align>left</align>
                    <aligny>center</aligny>
                    <textcolor>grey</textcolor>
                    <label>$ADDON[script.mtvguide 30992]: $INFO[ListItem.Label]</label>
                </control>
                <control type="label">
                    <posx>15</posx>
                    <posy>0</posy>
                    <width>400</width>
                    <height>60</height>
                    <font>font13</font>
                    <align>left</align>
                    <aligny>center</aligny>
                    <textcolor>white</textcolor>
                    <label>$ADDON[script.mtvguide 30992]: $INFO[ListItem.Label]</label>
                    <visible>Control.HasFocus(7004)</visible>
                </control>
            </focusedlayout>
		</control>
	</control>
		
		<control type="group">
			<left>0</left>
			<top>515</top>
			<width>400</width>
			<height>1080</height>
			<animation effect="fade" start="0" end="100" time="200">WindowOpen</animation>
			<animation effect="fade" start="100" end="0" time="200">WindowClose</animation>
			<animation effect="slide" start="0,0" end="440,0" time="400" tween="quadratic" easing="out">WindowOpen</animation>
			<animation effect="slide" start="440,0" end="0,0" time="400" tween="quadratic" easing="out">WindowClose</animation>
			<control type="label">
				<top>0</top>
				<width>400</width>
				<height>52</height>
				<textoffsetx>15</textoffsetx>
				<font>font13_title</font>
				<label>$ADDON[script.mtvguide 90001]</label>
				<textcolor>FF6DB9E5</textcolor>
			</control>
			<control type="button" id="4013">
				<top>60</top>
				<width>400</width>
				<height>60</height>
				<textwidth>255</textwidth>
				<onup>4016</onup>
				<ondown>4012</ondown>
				<onleft>4977</onleft>
				<onright>4977</onright>
				<font>font13</font>
				<textcolor>grey</textcolor>
				<label>$ADDON[script.mtvguide 90002]</label>
				<texturefocus border="5" colordiffuse="FF6DB9E5">dialogs/button_fo.png</texturefocus>
				<texturenofocus></texturenofocus>
			</control>
		</control>
		<control type="group">
			<left>0</left>
			<top>300</top>
			<width>400</width>
			<height>1080</height>
			<animation effect="fade" start="0" end="100" time="200">WindowOpen</animation>
			<animation effect="fade" start="100" end="0" time="200">WindowClose</animation>
			<animation effect="slide" start="0,0" end="440,0" time="400" tween="quadratic" easing="out">WindowOpen</animation>
			<animation effect="slide" start="440,0" end="0,0" time="400" tween="quadratic" easing="out">WindowClose</animation>
			<control type="label">
				<top>0</top>
				<width>400</width>
				<height>52</height>
				<textoffsetx>15</textoffsetx>
				<font>font13_title</font>
				<label>$ADDON[script.mtvguide 70117]</label>
				<textcolor>FF6DB9E5</textcolor>
			</control>
			<control type="button" id="4015">
				<top>60</top>
				<width>400</width>
				<height>60</height>
				<textwidth>255</textwidth>
				<onup>7004</onup>
				<ondown>4016</ondown>
				<onleft>4977</onleft>
				<onright>4977</onright>
				<font>font13</font>
				<textcolor>grey</textcolor>
				<label>$ADDON[script.mtvguide 70116]</label>
				<texturefocus border="5" colordiffuse="FF6DB9E5">dialogs/button_fo.png</texturefocus>
				<texturenofocus></texturenofocus>
			</control>
			<control type="image">
				<posx>0</posx>
				<posy>65</posy>
				<width>400</width>
				<height>60</height>
				<texture border="1">dialogs/separator2.png</texture>
				<visible>true</visible>
			</control>
			<control type="button" id="4016">
				<top>120</top>
				<width>400</width>
				<height>60</height>
				<textwidth>255</textwidth>
				<onup>4015</onup>
				<ondown>4013</ondown>
				<onleft>4977</onleft>
				<onright>4977</onright>
				<font>font13</font>
				<textcolor>grey</textcolor>
				<label>$ADDON[script.mtvguide 70125]</label>
				<texturefocus border="5" colordiffuse="FF6DB9E5">dialogs/button_fo.png</texturefocus>
				<texturenofocus></texturenofocus>
			</control>
			<control type="image">
				<posx>0</posx>
				<posy>130</posy>
				<width>400</width>
				<height>60</height>
				<texture border="1">dialogs/separator2.png</texture>
				<visible>true</visible>
			</control>
		</control>
	</control>
	</controls>
</window>
