<?xml version="1.0" encoding="utf-8"?>
<window type="dialog">
	<allowoverlay>no</allowoverlay>
	<defaultcontrol always="true">301</defaultcontrol>
	<zorder>9</zorder>
	<coordinates>
		<system>1</system><posx>0</posx><posy>0</posy>
	</coordinates>
		<animation type="WindowOpen" reversible="false">
			<effect type="zoom" start="80" end="100" center="960,540" delay="160" tween="back" time="240" />
			<effect type="fade" delay="160" end="100" time="240" />
		</animation>
		<animation type="WindowClose" reversible="false">
			<effect type="zoom" start="100" end="80" center="960,540" easing="in" tween="back" time="240" />
			<effect type="fade" start="100" end="0" time="240" />
		</animation>
	<controls>
		<control type="label" id="6001"><description>visibility marker for selection box</description></control>
		<control type="image">
			<description>Background</description>
			<posx>0</posx>
			<posy>0</posy>
			<width>1280</width>
			<height>720</height>
			<texture></texture>
		</control>
		
		<control type="image">
			<description>Background image</description>
			<left>122</left>
			<top>254</top>
			<width>1674</width>
			<height>660</height>
			<texture border="40">dialogs/bg.png</texture>
		</control>
		<control type="image">
			<left>152</left>
			<top>340</top>
			<width>312</width>
			<height>542</height>
			<texture border="5">dialogs/inner.png</texture>
		</control>
		<control type="image">
			<left>478</left>
			<top>340</top>
			<width>962</width>
			<height>542</height>
			<texture border="5">dialogs/inner.png</texture>
		</control>
		<control type="image">
			<left>1454</left>
			<top>340</top>
			<width>312</width>
			<height>542</height>
			<texture border="5">dialogs/inner.png</texture>
		</control>
		
		<control type="button">
			<posx>152</posx>
			<posy>340</posy>
			<width>312</width>
			<height>64</height>
			<align>right</align>
			<aligny>center</aligny>
			<font>font14</font>
			<focusedcolor>white</focusedcolor>
			<nofocusedcolor>FF999999</nofocusedcolor>
			<label>$ADDON[script.mtvguide 70006]</label>
			<texturefocus colordiffuse="FF6DB9E5" border="5">dialogs/button_fo.png</texturefocus>
			<texturenofocus></texturenofocus>
		</control>
		<control type="image">
			<left>152</left>
			<top>342</top>
			<width>310</width>
			<height>60</height>
			<texture border="1">dialogs/separator2.png</texture>
		</control>
		<control type="label">
			<description>header label</description>
			<left>152</left>
			<top>286</top>
			<width>1614</width>
			<height>40</height>
			<textoffsetx>15</textoffsetx>
			<label>$ADDON[script.mtvguide 70006] - m-TVGuide [COLOR gold][B]EPG[/B][/COLOR]</label>
			<align>center</align>
			<aligny>center</aligny>
			<textcolor>FF606060</textcolor>
			<font>font15_title</font>
		</control>
		
		<control type="button" id="301">
			<description>Save</description>
			<posx>1455</posx>
			<posy>340</posy>
			<width>312</width>
			<height>64</height>
			<align>left</align>
			<aligny>center</aligny>
			<font>font14</font>
			<focusedcolor>white</focusedcolor>
			<nofocusedcolor>FF999999</nofocusedcolor>
			<label>$ADDON[script.mtvguide 31004]</label>
			<texturefocus colordiffuse="FF6DB9E5" border="5">dialogs/button_fo.png</texturefocus>
			<texturenofocus></texturenofocus>
			<onleft>401</onleft>
			<onup>402</onup>
			<ondown>302</ondown>
		</control>
		
		<control type="image">
			<left>1455</left>
			<top>342</top>
			<width>310</width>
			<height>60</height>
			<texture border="1">dialogs/separator2.png</texture>
		</control>
		
		<control type="button" id="302">
			<description>Cancel</description>
			<posx>1455</posx>
			<posy>400</posy>
			<width>312</width>
			<height>64</height>
			<align>left</align>
			<aligny>center</aligny>
			<font>font14</font>
			<focusedcolor>white</focusedcolor>
			<nofocusedcolor>FF999999</nofocusedcolor>
			<label>$ADDON[script.mtvguide 30503]</label>
			<texturefocus colordiffuse="FF6DB9E5" border="5">dialogs/button_fo.png</texturefocus>
			<texturenofocus></texturenofocus>
			<onleft>401</onleft>
			<onup>301</onup>
			<ondown>303</ondown>
		</control>
		
		<control type="image">
			<left>1455</left>
			<top>402</top>
			<width>310</width>
			<height>60</height>
			<texture border="1">dialogs/separator2.png</texture>
		</control>
		
		<control type="button" id="303">
			<description>Reset</description>
			<posx>1455</posx>
			<posy>460</posy>
			<width>312</width>
			<height>64</height>
			<align>left</align>
			<aligny>center</aligny>
			<font>font14</font>
			<focusedcolor>white</focusedcolor>
			<nofocusedcolor>FF999999</nofocusedcolor>
			<label>[LOWERCASE][CAPITALIZE]$ADDON[script.mtvguide 70007][/CAPITALIZE][/LOWERCASE]</label>
			<texturefocus colordiffuse="FF6DB9E5" border="5">dialogs/button_fo.png</texturefocus>
			<texturenofocus></texturenofocus>
			<onleft>401</onleft>
			<onup>302</onup>
			<ondown>401</ondown>
		</control>
		
		<control type="image">
			<left>1455</left>
			<top>462</top>
			<width>310</width>
			<height>60</height>
			<texture border="1">dialogs/separator2.png</texture>
		</control>
		
		<control type="label">
			<posx>495</posx>
			<posy>340</posy>
			<width>960</width>
			<height>64</height>
			<align>left</align>
			<aligny>center</aligny>
			<font>font14</font>
			<textcolor>FF999999</textcolor>
			<label>$ADDON[script.mtvguide 70001]</label>
		</control>
		
		<control type="label" id="202">
			<posx>1425</posx>
			<posy>340</posy>
			<width>960</width>
			<height>64</height>
			<align>right</align>
			<aligny>center</aligny>
			<font>font14</font>
			<textcolor>FF6DB9E5</textcolor>
			<texturenofocus></texturenofocus>
		</control>
		<control type="image">
			<posx>480</posx>
			<posy>342</posy>
			<width>960</width>
			<height>60</height>
			<texture border="1">dialogs/separator2.png</texture>
		</control>
		
		<control type="label">
			<posx>495</posx>
			<posy>460</posy>
			<width>960</width>
			<height>64</height>
			<align>left</align>
			<aligny>center</aligny>
			<font>font14</font>
			<textcolor>FF999999</textcolor>
			<label>$ADDON[script.mtvguide 70003]</label>
		</control>
		
		<control type="image">
			<posx>480</posx>
			<posy>402</posy>
			<width>960</width>
			<height>60</height>
			<texture border="1">dialogs/separator2.png</texture>
		</control>
		
		<control type="label" id="204">
			<posx>1425</posx>
			<posy>460</posy>
			<width>280</width>
			<height>64</height>
			<align>right</align>
			<aligny>center</aligny>
			<font>font14</font>
			<textcolor>FF6DB9E5</textcolor>
		</control>
		
		<control type="label">
			<posx>495</posx>
			<posy>400</posy>
			<width>960</width>
			<height>64</height>
			<align>left</align>
			<aligny>center</aligny>
			<font>font14</font>
			<textcolor>FF999999</textcolor>
			<label>$ADDON[script.mtvguide 70000]</label>
		</control>
		<control type="image">
			<posx>480</posx>
			<posy>460</posy>
			<width>960</width>
			<height>60</height>
			<texture border="1">dialogs/separator2.png</texture>
		</control>
		
		<control type="label" id="201">
			<posx>1425</posx>
			<posy>400</posy>
			<width>280</width>
			<height>64</height>
			<align>right</align>
			<aligny>center</aligny>
			<font>font14</font>
			<textcolor>FF999999</textcolor>
		</control>
		
		<control type="label">
			<posx>495</posx>
			<posy>520</posy>
			<width>960</width>
			<height>64</height>
			<align>left</align>
			<aligny>center</aligny>
			<font>font14</font>
			<textcolor>FF999999</textcolor>
			<label>$ADDON[script.mtvguide 70002]</label>
		</control>
		<control type="image">
			<posx>480</posx>
			<posy>522</posy>
			<width>960</width>
			<height>60</height>
			<texture border="1">dialogs/separator2.png</texture>
		</control>
		
		<control type="label" id="203">
			<posx>1425</posx>
			<posy>520</posy>
			<width>280</width>
			<height>64</height>
			<align>right</align>
			<aligny>center</aligny>
			<font>font14</font>
			<textcolor>FF6DB9E5</textcolor>
		</control>
		
		<control type="image">
			<posx>480</posx>
			<posy>582</posy>
			<width>960</width>
			<height>60</height>
			<texture border="1">dialogs/separator2.png</texture>
		</control>
		
		<control type="label" id="501">
			<posx>1265</posx>
			<posy>580</posy>
			<width>280</width>
			<height>64</height>
			<align>right</align>
			<aligny>center</aligny>
			<font>font14</font>
			<textcolor>FF999999</textcolor>
		</control>
		
		<control type="button">
			<posx>480</posx>
			<posy>580</posy>
			<width>960</width>
			<height>64</height>
			<align>left</align>
			<aligny>center</aligny>
			<font>font14</font>
			<focusedcolor>white</focusedcolor>
			<nofocusedcolor>FF999999</nofocusedcolor>
			<texturefocus colordiffuse="FF6DB9E5" border="5">dialogs/button_fo.png</texturefocus>
			<texturenofocus></texturenofocus>
			<label>$ADDON[script.mtvguide 70004]</label>
		</control>
		<control type="image">
			<posx>480</posx>
			<posy>642</posy>
			<width>960</width>
			<height>60</height>
			<texture border="1">dialogs/separator2.png</texture>
		</control>
		
		<control type="slider" id="401">
			  <description>Slider</description>
			  <left>1275</left>
			  <top>602</top>
			  <width>150</width>
			  <height>20</height>
			  <textoffsetx>15</textoffsetx>
			  <aligny>center</aligny>
			  <texturefocus border="1">dialogs/listselect_fo.png</texturefocus>
			  <texturenofocus border="1">dialogs/separator2.png</texturenofocus>
			  <sliderwidth>150</sliderwidth>
			  <sliderheight>20</sliderheight>
			  <texturesliderbar>dialogs/osd_slider_bg.png</texturesliderbar>
			  <textureslidernib>dialogs/osd_slider_nibNF.png</textureslidernib>
			  <textureslidernibfocus>dialogs/osd_slider_nib.png</textureslidernibfocus>
			  <info></info>
			  <action></action>
			  <controloffsetx>0</controloffsetx>
			  <controloffsety>0</controloffsety>
			  <pulseonselect></pulseonselect>
			  <orientation>horizontal</orientation>
			  <onup>303</onup>
			  <ondown>402</ondown>
		</control>
		
		<control type="label" id="502">
			<posx>1265</posx>
			<posy>640</posy>
			<width>280</width>
			<height>64</height>
			<align>right</align>
			<aligny>center</aligny>
			<font>font14</font>
			<textcolor>FF999999</textcolor>
		</control>
		
		<control type="button">
			<posx>480</posx>
			<posy>640</posy>
			<width>960</width>
			<height>64</height>
			<align>left</align>
			<aligny>center</aligny>
			<font>font14</font>
			<focusedcolor>white</focusedcolor>
			<nofocusedcolor>FF999999</nofocusedcolor>
			<texturefocus colordiffuse="FF6DB9E5" border="5">dialogs/button_fo.png</texturefocus>
			<texturenofocus></texturenofocus>
			<label>$ADDON[script.mtvguide 70005]</label>
		</control>
		<control type="image">
			<posx>480</posx>
			<posy>642</posy>
			<width>960</width>
			<height>60</height>
			<texture border="1">dialogs/separator2.png</texture>
		</control>
		
		<control type="slider" id="402">
			  <description>Slider</description>
			  <left>1275</left>
			  <top>662</top>
			  <width>150</width>
			  <height>20</height>
			  <textoffsetx>15</textoffsetx>
			  <aligny>center</aligny>
			  <texturefocus border="1">dialogs/listselect_fo.png</texturefocus>
			  <texturenofocus border="1">dialogs/separator2.png</texturenofocus>
			  <sliderwidth>150</sliderwidth>
			  <sliderheight>20</sliderheight>
			  <texturesliderbar>dialogs/osd_slider_bg.png</texturesliderbar>
			  <textureslidernib>dialogs/osd_slider_nibNF.png</textureslidernib>
			  <textureslidernibfocus>dialogs/osd_slider_nib.png</textureslidernibfocus>
			  <info></info>
			  <action></action>
			  <controloffsetx>0</controloffsetx>
			  <controloffsety>0</controloffsety>
			  <pulseonselect></pulseonselect>
			  <orientation>horizontal</orientation>
			  <onup>401</onup>
			  <ondown>301</ondown>
		</control>
		
		<control type="image">
			<description>Separator Image</description>
			<left>313</left>
			<posy>434</posy>
			<width>706</width>
			<height>2</height>
			<texture colordiffuse="AAAAAAAA" border="2">dialogs/separator-grey.png</texture>
		</control>
		
		<control type="button" id="1000">
			<description>Close Window button</description>
			<posx>1245</posx>
			<posy>105</posy>
			<width>96</width>
			<height>48</height>
			<onclick>Dialog.Close(all,true)</onclick>
			<onclick>FullScreen</onclick>
			<texturefocus>DialogCloseButton-focus.png</texturefocus>
			<texturenofocus>DialogCloseButton.png</texturenofocus>
			<animation effect="fade" time="200">VisibleChange</animation>
			<visible>hidden</visible>
		</control>
	</controls>
</window>