<?xml version="1.0" encoding="utf-8"?>
<window type="dialog">
	<allowoverlay>no</allowoverlay>
	<aspectratio>strech</aspectratio>
	<defaultcontrol always="true">301</defaultcontrol>
	<zorder>9</zorder>
	<coordinates>
		<system>1</system><posx>0</posx><posy>0</posy>
	</coordinates>
		<animation type="WindowOpen" reversible="false">
			<effect type="zoom" start="80" end="100" center="960,540" delay="160" tween="back" time="240" />
			<effect type="fade" delay="160" end="100" time="240" />
		</animation>
		<animation type="WindowClose" reversible="false">
			<effect type="zoom" start="100" end="80" center="960,540" easing="in" tween="back" time="240" />
			<effect type="fade" start="100" end="0" time="240" />
		</animation>
	<controls>
		<control type="label" id="6001"><description>visibility marker for selection box</description></control>

			<control type="image">
				<description>Background shadow</description>
				<posx>0</posx>
				<posy>0</posy>
				<width>1920</width>
				<height>1080</height>
				<texture colordiffuse="9F000000">../../skin.estouchy/media/osd/white.png</texture>
				<animation type="WindowOpen" reversible="false">
					<effect type="zoom" start="100" end="100" center="960,540" delay="160" tween="back" time="240" />
					<effect type="fade" delay="160" end="100" time="240" />
				</animation>
				<animation type="WindowClose" reversible="false">
					<effect type="zoom" start="100" end="100" center="960,540" easing="in" tween="back" time="240" />
					<effect type="fade" start="100" end="0" time="240" />
				</animation>
			</control>
		<control type="image">
			<description>Top bar</description>
			<posx>398</posx>
			<posy>90</posy>
			<width>1125</width>
			<height>68</height>
			<texture>../../skin.estouchy/media/dialogs/topbar.png</texture>
		</control>
		<control type="image">
			<description>Background image</description>
			<posx>398</posx>
			<posy>158</posy>
			<width>1125</width>
			<height>834</height>
			<texture>../../skin.estouchy/media/dialogs/bg.png</texture>
		</control>
		<control type="image">
			<description>Background image</description>
			<posx>398</posx>
			<posy>246</posy>
			<width>1125</width>
			<height>624</height>
			<texture colordiffuse="2F000000">../../skin.estouchy/media/osd/white.png</texture>
		</control>
		<control type="image">
			<description>Panel image</description>
			<posx>398</posx>
			<posy>848</posy>
			<width>1125</width>
			<height>4</height>
			<texture colordiffuse="FF848484">../../skin.estouchy/media/dialogs/panel.png</texture>
		</control>
		<control type="label">
			<posx>420</posx>
			<posy>105</posy>
			<width>960</width>
			<font>font24_title</font>
			<textcolor>FFF0F0F0</textcolor>
			<shadowcolor>22000000</shadowcolor>
			<label>$ADDON[script.mtvguide 70006] - m-TVGuide [COLOR gold][B]EPG[/B][/COLOR]</label>
		</control>
		<control type="image">
			<description>List</description>
			<posx>398</posx>
			<posy>244</posy>
			<width>1125</width>
			<height>80</height>
			<texture border="40,0,40,5">../../skin.estouchy/media/dialogs/list.png</texture>
		</control>
		<control type="image">
			<description>List</description>
			<posx>398</posx>
			<posy>324</posy>
			<width>1125</width>
			<height>80</height>
			<texture border="40,0,40,5">../../skin.estouchy/media/dialogs/list.png</texture>
		</control>
		<control type="image">
			<description>List</description>
			<posx>398</posx>
			<posy>404</posy>
			<width>1125</width>
			<height>80</height>
			<texture border="40,0,40,5">../../skin.estouchy/media/dialogs/list.png</texture>
		</control>
		<control type="image">
			<description>List</description>
			<posx>398</posx>
			<posy>484</posy>
			<width>1125</width>
			<height>80</height>
			<texture border="40,0,40,5">../../skin.estouchy/media/dialogs/list.png</texture>
		</control>
				<control type="image">
			<description>List</description>
			<posx>398</posx>
			<posy>564</posy>
			<width>1125</width>
			<height>80</height>
			<texture border="40,0,40,5">../../skin.estouchy/media/dialogs/list.png</texture>
		</control>
				<control type="image">
			<description>List</description>
			<posx>398</posx>
			<posy>644</posy>
			<width>1125</width>
			<height>80</height>
			<texture border="40,0,40,5">../../skin.estouchy/media/dialogs/list.png</texture>
		</control>

		<control type="button" id="1000">
			<description>Close Window button</description>
			<posx>1450</posx>
			<posy>92</posy>
			<width>64</width>
			<height>64</height>
			<onclick>Dialog.Close(all,true)</onclick>
			<onclick>FullScreen</onclick>
			<texturefocus>dialogs/close.png</texturefocus>
			<texturenofocus>dialogs/close.png</texturenofocus>
			<animation effect="fade" time="200">VisibleChange</animation>
			<visible>true</visible>
		</control>
		
		<control type="button" id="301">
			<description>Save</description>
			<posx>617</posx>
			<posy>910</posy>
			<width>225</width>
			<height>70</height>
			<align>center</align>
			<aligny>center</aligny>
			<font>font18_title</font>
			<textcolor>FFF0F0F0</textcolor>
			<shadowcolor>22000000</shadowcolor>
			<focusedcolor>white</focusedcolor>
			<label>[CAPITALIZE]$ADDON[script.mtvguide 31004][/CAPITALIZE]</label>
			<texturefocus border="15" colordiffuse="FF12A0C7">../../skin.estouchy/media/dialogs/dialogbutton-focus.png</texturefocus>
			<texturenofocus border="15" colordiffuse="5F000000">../../skin.estouchy/media/dialogs/dialogbutton-nofocus.png</texturenofocus>
			<onleft>303</onleft>
			<onright>302</onright>
			<onup>404</onup>
			<ondown>202</ondown>
		</control>
		
		<control type="button" id="302">
			<description>Cancel</description>
			<posx>847</posx>
			<posy>910</posy>
			<width>225</width>
			<height>70</height>
			<align>center</align>
			<aligny>center</aligny>
			<font>font18_title</font>
			<textcolor>FFF0F0F0</textcolor>
			<shadowcolor>22000000</shadowcolor>
			<focusedcolor>white</focusedcolor>
			<label>[CAPITALIZE]$ADDON[script.mtvguide 30503][/CAPITALIZE]</label>
			<texturefocus border="15" colordiffuse="FF12A0C7">../../skin.estouchy/media/dialogs/dialogbutton-focus.png</texturefocus>
			<texturenofocus border="15" colordiffuse="5F000000">../../skin.estouchy/media/dialogs/dialogbutton-nofocus.png</texturenofocus>
			<onleft>301</onleft>
			<onright>303</onright>
			<onup>404</onup>
			<ondown>202</ondown>
		</control>
		
		<control type="button" id="303">
			<description>Reset</description>
			<posx>1077</posx>
			<posy>910</posy>
			<width>225</width>
			<height>70</height>
			<align>center</align>
			<aligny>center</aligny>
			<font>font18_title</font>
			<textcolor>FFF0F0F0</textcolor>
			<shadowcolor>22000000</shadowcolor>
			<focusedcolor>white</focusedcolor>
			<label>[CAPITALIZE][LOWERCASE]$ADDON[script.mtvguide 31013][/LOWERCASE][/CAPITALIZE]</label>
			<texturefocus border="15" colordiffuse="FF12A0C7">../../skin.estouchy/media/dialogs/dialogbutton-focus.png</texturefocus>
			<texturenofocus border="15" colordiffuse="5F000000">../../skin.estouchy/media/dialogs/dialogbutton-nofocus.png</texturenofocus>
			<onleft>302</onleft>
			<onright>301</onright>
			<onup>404</onup>
			<ondown>202</ondown>
		</control>
		
		<control type="button">
			<posx>465</posx>
			<posy>168</posy>
			<width>225</width>
			<height>70</height>
			<align>center</align>
			<aligny>center</aligny>
			<font>font18_title</font>
			<textcolor>FFF0F0F0</textcolor>
			<shadowcolor>22000000</shadowcolor>
			<focusedcolor>white</focusedcolor>
			<label>[CAPITALIZE]$ADDON[script.mtvguide 30307][/CAPITALIZE]</label>
			<onright>6000</onright>
			<texturefocus border="15" colordiffuse="FF12A0C7">../../skin.estouchy/media/dialogs/dialogbutton-focus.png</texturefocus>
			<texturenofocus border="15" colordiffuse="5F000000">../../skin.estouchy/media/dialogs/dialogbutton-nofocus.png</texturenofocus>
		</control>
		
		<control type="label">
			<description>Label</description>
			<left>420</left>
			<top>265</top>
			<width>1125</width>
			<height>38</height>
			<align>left</align>
			<aligny>center</aligny>
			<font>font28</font>
			<label>$ADDON[script.mtvguide 70001]</label>
		</control>
		
		<control type="label" id="201">
			<description>Value</description>
			<right>415</right>
			<top>265</top>
			<width min="20" max="430">auto</width>
			<height>30</height>
			<align>right</align>
			<aligny>center</aligny>
			<font>font28</font>
			<textcolor>blue</textcolor>
			<label></label>
		</control>
		
		<control type="edit" id="202">
			<description>Value</description>
			<left>400</left>
			<top>325</top>
			<width>1125</width>
			<height>80</height>
			<align>left</align>
			<aligny>center</aligny>
			<font>font28</font>
			<texture colordiffuse="ff1b6b86" border="5">../../skin.estouchy/media/osd/white.png</texture>
			<onup>301</onup>
			<ondown>401</ondown>
		</control>
		
		<control type="label">
			<description>Label</description>
			<left>420</left>
			<top>425</top>
			<width>1140</width>
			<height>30</height>
			<align>left</align>
			<aligny>center</aligny>
			<font>font28</font>
			<label>$ADDON[script.mtvguide 70003]</label>
		</control>
		
		<control type="label" id="204">
			<description>Value</description>
			<right>415</right>
			<top>425</top>
			<width>1140</width>
			<height>30</height>
			<align>right</align>
			<aligny>center</aligny>
			<font>font28</font>
			<textcolor>blue</textcolor>
			<label></label>
		</control>
		
		<control type="edit" id="401">
			<description>edit</description>
			<left>400</left>
			<top>485</top>
			<width>1125</width>
			<height>80</height>
			<align>left</align>
			<aligny>center</aligny>
			<font>font28</font>
			<texture colordiffuse="ff1b6b86" border="5">../../skin.estouchy/media/osd/white.png</texture>
			<onup>202</onup>
			<ondown>403</ondown>
		</control>
		
		<control type="edit" id="403">
			<description>edit</description>
			<left>400</left>
			<top>565</top>
			<width>1125</width>
			<height>80</height>
			<align>left</align>
			<aligny>center</aligny>
			<font>font28</font>
			<texture colordiffuse="ff1b6b86" border="5">../../skin.estouchy/media/osd/white.png</texture>
			<onup>401</onup>
			<ondown>402</ondown>
		</control>
		
		<control type="edit" id="402">
			<description>edit</description>
			<left>400</left>
			<top>645</top>
			<width>1125</width>
			<height>80</height>
			<align>left</align>
			<aligny>center</aligny>
			<font>font28</font>
			<texture colordiffuse="ff1b6b86" border="5">../../skin.estouchy/media/osd/white.png</texture>
			<onup>403</onup>
			<ondown>404</ondown>
		</control>
		
		<control type="edit" id="404">
			<description>edit</description>
			<left>400</left>
			<top>725</top>
			<width>1125</width>
			<height>80</height>
			<align>left</align>
			<aligny>center</aligny>
			<font>font28</font>
			<texture colordiffuse="ff1b6b86" border="5">../../skin.estouchy/media/osd/white.png</texture>
			<onup>402</onup>
			<ondown>301</ondown>
		</control>
	</controls>
</window>