<?xml version="1.0" encoding="utf-8"?>
<window type="dialog">
    <allowoverlay>no</allowoverlay>
    <defaultcontrol always="false">1000</defaultcontrol>
    <coordinates>
        <system>1</system>
        <posx>0</posx>
        <posy>0</posy>
    </coordinates>
    <controls>

		<!-- Background -->
		<control type="image">
			<posx>0</posx>
			<posy>0</posy>
			<width>1920</width>
			<height>1080</height>
			<texture colordiffuse="FF0E597E">../../skin.estouchy/media/tvguide-background.jpg</texture>
			<aspectratio>scale</aspectratio>
			<!--<colordiffuse>black</colordiffuse>-->
		</control>
		
		<control type="image">
			<posx>0</posx>
			<posy>0</posy>
			<width>1920</width>
			<height>1080</height>
			<texture colordiffuse="330BAA8E">../../skin.estouchy/media/tvguide-background-secondary.png</texture>
			<aspectratio>scale</aspectratio>
			<!--<colordiffuse>black</colordiffuse>-->
		</control>
		
		<control type="image">
			<posx>0</posx>
			<posy>0</posy>
			<width>1920</width>
			<height>135</height>
			<texture>../../skin.estouchy/media/dialogs/header.png</texture>
		</control>
			
		<control type="image">
			<posx>0</posx>
			<posy>135r</posy>
			<width>1920</width>
			<height>135</height>
			<texture flipy="true">../../skin.estouchy/media/dialogs/header.png</texture>
		</control>
		
		<control type="image">
			<description>Logo</description>
			<posx>25</posx>
			<posy>2</posy>
			<width>168</width>
			<height>85</height>
			<texture colordiffuse="">../../skin.estouchy/media/dialogs/kodi_logo.png</texture>
			<!--<colordiffuse>77FFFFFF</colordiffuse>-->
		</control>
		
		<control type="image">
			<posx>135</posx>
			<posy>118</posy>
			<width>1721</width>
			<height>36</height>
			<texture>../../skin.estouchy/media/dialogs/osd.png</texture>
			<!--<colordiffuse>black</colordiffuse>-->
		</control>
		
		<!-- Video Background -->
		<control type="videowindow">
			<posx>0</posx>
			<posy>0</posy>
			<width>1920</width>
			<height>1080</height>
			<animation type="Conditional" condition="!Control.IsVisible(5000)">
			</animation>
			<visible>Player.HasVideo</visible>
		</control>
		
		 <control type="label" id="1001">
			<visible>hidden</visible>
		 </control>
		
        <control type="label">
            <description>Title</description>
            <left>1380</left>
            <posy>120</posy>
			<width>270</width>
			<height>49</height>
			<textcolor>orange</textcolor>
			<font>font16</font>
            <label>[B]$INFO[Control.GetLabel(1001)][/B]</label>
            <scroll>true</scroll>
			<animation type="WindowOpen">
				<effect type="fade" start="0" end="100" time="300" tween="sine" easing="out"/>
			</animation>
			<animation type="WindowClose">
				<effect type="fade" start="100" end="0" time="300" tween="sine" easing="out" />
			</animation>
        </control>

        <!-- Date and time row -->
				<control type="group">
					<posx>0</posx>
					<posy>0</posy>
					<width>1920</width>
					<height>1080</height>
				
				<control type="label">
					<description>System Time</description>
					<posx>1903</posx>
					<posy>23</posy>
					<height>70</height>
					<width>400</width>
					<font>font70_title</font>
					<textcolor>FFF0F0F0</textcolor>
					<align>right</align>
					<aligny>center</aligny>
					<itemgap>10</itemgap>
					<label>$INFO[System.Time]</label>
				</control>
					</control>
					
				<control type="label">
					<description>Date</description>
					<posx>1843</posx>
					<posy>120</posy>
					<width>270</width>
					<height>49</height>
					<textcolor>FFF0F0F0</textcolor>
					<font>font16</font>
					<align>right</align>
					<label>[B]$INFO[System.Date(DDD)], $INFO[System.Date(d)]/$INFO[System.Date(m)]-$INFO[System.Date(yyyy)][/B]</label>
					<animation type="WindowOpen">
						<effect type="fade" start="0" end="100" time="300" tween="sine" easing="out"/>
					</animation>
					<animation type="WindowClose">
						<effect type="fade" start="100" end="0" time="300" tween="sine" easing="out" />
					</animation>
				</control>

        <control type="group">
            <description>Program List</description>
            <visible>true</visible>
			<animation type="WindowOpen">
				<effect type="fade" start="0" end="100" time="300" tween="sine" easing="out"/>
			</animation>
			<animation type="WindowClose">
				<effect type="fade" start="100" end="0" time="300" tween="sine" easing="out" />
			</animation>
            <control type="group">
                <left>0</left>
                <top>0</top>
                <control type="label">
                    <description>Channel label</description>
                    <posx>360</posx>
					<posy>120</posy>
					<width>270</width>
					<height>49</height>
					<textcolor>FFF0F0F0</textcolor>
					<font>font16</font>
                    <label>[B]$LOCALIZE[19148][/B]</label>
                </control>
                <control type="label">
                    <description>Time label</description>
                    <left>660</left>
					<posy>120</posy>
					<width>270</width>
					<height>49</height>
					<textcolor>FFF0F0F0</textcolor>
					<font>font16</font>
                    <label>[B]$ADDON[script.mtvguide 30313][/B]</label>
                </control>
                <control type="label">
                    <description>Length</description>
                    <left>925</left>
					<posy>120</posy>
					<width>270</width>
					<height>49</height>
					<textcolor>FFF0F0F0</textcolor>
					<font>font16</font>
                    <label>[B]$ADDON[script.mtvguide 30314][/B]</label>
                </control>
                <control type="label">
                    <description>Title</description>
                    <left>1185</left>
					<posy>120</posy>
					<width>270</width>
					<height>49</height>
					<textcolor>FFF0F0F0</textcolor>
					<font>font16</font>
                    <label>[B]$ADDON[script.mtvguide 369][/B]</label>
                </control>
                <control type="list" id="1000">
                    <viewtype label="19030">list</viewtype>
                    <left>135</left>
                    <posy>154</posy>
                    <width>1920</width>
                    <height>880</height>
                    <onup>1000</onup>
                    <ondown>1000</ondown>
                    <onleft></onleft>
                    <onright></onright>
                    <pagecontrol></pagecontrol>
                    <itemlayout height="71">
						<control type="image">
                            <left>0</left>
                            <top>0</top>
                            <width>1721</width>
                            <height>75</height>
                            <texture>../../skin.estouchy/media/dialogs/button.png</texture>
                        </control>
                        <control type="image">
                            <left>40</left>
                            <top>7</top>
                            <width>150</width>
                            <height>56</height>
                            <info>ListItem.Icon</info>
                            <aspectratio>keep</aspectratio>
                        </control>
                        <control type="label">
                            <left>225</left>
                            <top>0</top>
                            <width>300</width>
                            <height>60</height>
                            <font>font13</font>
                            <textcolor>grey</textcolor>
                            <align>left</align>
                            <aligny>center</aligny>
                            <info>ListItem.Property(ChannelName)</info>
                        </control>
                        <control type="label">
                            <left>525</left>
                            <top>0</top>
                            <width>300</width>
                            <height>60</height>
                            <font>font13</font>
                            <textcolor>dimgrey</textcolor>
                            <align>left</align>
                            <aligny>center</aligny>
                            <info>ListItem.Property(StartTime)</info>
                        </control>
                        <control type="label">
                            <left>745</left>
                            <top>0</top>
                            <width>150</width>
                            <height>60</height>
                            <font>font13</font>
                            <textcolor>grey</textcolor>
                            <align>right</align>
                            <aligny>center</aligny>
                            <info>ListItem.Property(Duration)</info>
                        </control>
                        <control type="progress">
                            <left>915</left>
                            <top>30</top>
                            <width>120</width>
                            <height>6</height>
                            <lefttexture />
                            <righttexture />
                            <texturebg>../../skin.estouchy/media/list/tvg-progress-bg.png</texturebg>
                            <midtexture>../../skin.estouchy/media/list/tvg-progress-mid.png</midtexture>
                            <info>ListItem.Property(Completed)</info>
                            <visible>ListItem.Property(Completed)</visible>
                        </control>
                        <control type="label">
                            <left>910</left>
                            <top>0</top>
                            <width>130</width>
                            <height>60</height>
                            <font>font12</font>
                            <textcolor>dimgrey</textcolor>
                            <align>left</align>
                            <aligny>center</aligny>
                            <info>ListItem.Property(When)</info>
                        </control>
                        <control type="label">
                            <description>Program Title</description>
                            <left>1050</left>
                            <top>0</top>
                            <width>825</width>
                            <height>60</height>
                            <font>font13</font>
                            <textcolor>grey</textcolor>
                            <align>left</align>
                            <aligny>center</aligny>
                            <info>ListItem.Label</info>
                        </control>
                    </itemlayout>
                    <focusedlayout height="171">
                        <control type="image">
                            <left>0</left>
                            <top>0</top>
                            <width>1920</width>
                            <height>150</height>
                            <texture>tvg-program-focus.png</texture>
                            <visible>hidden</visible>
                        </control>
						<control type="image">
                            <left>0</left>
                            <top>0</top>
                            <width>1721</width>
                            <height>170</height>
                            <texture colordiffuse="B5000000">../../skin.estouchy/media/dialogs/button.png</texture>
                        </control>
                        <control type="image">
                            <left>0</left>
                            <top>0</top>
                            <width>1721</width>
                            <height>170</height>
                            <texture colordiffuse="B5000000">../../skin.estouchy/media/list/tvg-back-trans.png</texture>
                            <visible>true</visible>
                        </control>
                        <control type="image">
                            <left>7</left>
                            <top>0</top>
                            <width>208</width>
                            <height>117</height>
                            <info>ListItem.Icon</info>
                            <aspectratio>keep</aspectratio>
                        </control>
                        <control type="label">
                            <left>225</left>
                            <top>0</top>
                            <width>300</width>
                            <height>60</height>
                            <font>font13</font>
                            <textcolor>FFF0F0F0</textcolor>
                            <align>left</align>
                            <aligny>center</aligny>
                            <info>ListItem.Property(ChannelName)</info>
                        </control>
                        <control type="label">
                            <left>525</left>
                            <top>0</top>
                            <width>300</width>
                            <height>60</height>
                            <font>font13</font>
                            <textcolor>FFF0F0F0</textcolor>
                            <align>left</align>
                            <aligny>center</aligny>
                            <info>ListItem.Property(StartTime)</info>
                        </control>
                        <control type="label">
                            <left>745</left>
                            <top>0</top>
                            <width>150</width>
                            <height>60</height>
                            <font>font13</font>
                            <textcolor>FFF0F0F0</textcolor>
                            <align>right</align>
                            <aligny>center</aligny>
                            <info>ListItem.Property(Duration)</info>
                        </control>
                        <control type="progress">
                            <left>915</left>
                            <top>30</top>
                            <width>120</width>
                            <height>6</height>
                            <lefttexture />
                            <righttexture />
                            <texturebg>../../skin.estouchy/media/list/tvg-progress-bg.png</texturebg>
                            <midtexture>../../skin.estouchy/media/list/tvg-progress-mid.png</midtexture>
                            <info>ListItem.Property(Completed)</info>
                            <visible>ListItem.Property(Completed)</visible>
                        </control>
                        <control type="label">
                            <left>910</left>
                            <top>0</top>
                            <width>130</width>
                            <height>60</height>
                            <font>font12</font>
                            <textcolor>dimgrey</textcolor>
                            <align>left</align>
                            <aligny>center</aligny>
                            <info>ListItem.Property(When)</info>
                        </control>
                        <control type="image">
                            <left>1485</left>
                            <top>20</top>
                            <width>224</width>
                            <height>126</height>
                            <info>ListItem.Property(ProgramImage)</info>
                            <aspectratio>scale</aspectratio>
                        </control>
                        <control type="label">
                            <description>Program Title</description>
                            <left>1050</left>
                            <top>0</top>
                            <width>550</width>
                            <height>60</height>
                            <font>font13</font>
                            <textcolor>FFF0F0F0</textcolor>
                            <align>left</align>
                            <aligny>center</aligny>
                            <info>ListItem.Label</info>
                        </control>
                        <control type="textbox">
                            <description>Plot Value for TVShow</description>
                            <left>225</left>
                            <top>50</top>
                            <width>1190</width>
                            <height>105</height>
                            <font>font12</font>
                            <textcolor>FFF0F0F0</textcolor>
                            <align>left</align>
                            <wrapmultiline>true</wrapmultiline>
                            <autoscroll time="3600" delay="6000" repeat="6000">true</autoscroll>
                            <pagecontrol></pagecontrol>
                            <info>ListItem.Property(Plot)</info>
                        </control>
                    </focusedlayout>
                </control>
            </control>
        </control>
		<control type="image">
			<posx>135</posx>
			<posy>118</posy>
			<width>1721</width>
			<height>36</height>
			<texture colordiffuse="22000000">osd/white.png</texture>
			<!--<colordiffuse>black</colordiffuse>-->
		</control>
    </controls>
</window>