<?xml version="1.0" encoding="utf-8"?>
<window type="dialog">
	<allowoverlay>no</allowoverlay>
	<aspectratio>strech</aspectratio>
	<defaultcontrol always="false">4012</defaultcontrol>
	<coordinates>
		<system>1</system><posx>0</posx><posy>0</posy>
	</coordinates>
	<animation effect="fade" time="250">WindowOpen</animation>
	<animation effect="fade" time="250">WindowClose</animation>
	<controls>
	
		<control type="image">
			<posx>1796</posx>
			<posy>943</posy>
			<width>84</width>
			<height>46</height>
			<texture colordiffuse="">../../skin.estouchy/media/dialogs/arrow_up.png</texture>
			<animation effect="fade" time="250">WindowOpen</animation>
			<animation effect="fade" time="250">WindowClose</animation>
		</control>
		
		<control type="button" id="1000">
			<description>Close Window button</description>
			<posx>1148</posx>
			<posy>85</posy>
			<width>64</width>
			<height>64</height>
			<onclick></onclick>
			<onclick>FullScreen</onclick>
			<texturefocus>../../skin.estouchy/media/dialogs/close.png</texturefocus>
			<texturenofocus>../../skin.estouchy/media/dialogs/close.png</texturenofocus>
			<animation effect="fade" time="200">VisibleChange</animation>
			<visible>hidden</visible>
		</control>
		
		<control type="image" id="1">
			<posx>1796</posx>
			<posy>88r</posy>
			<width>88</width>
			<height>88</height>
			<bordersize>12</bordersize>
			<texture colordiffuse="white">../../skin.estouchy/media/dialogs/settings.png</texture>
			<aspectratio>keep</aspectratio>
		</control>
		
		<control type="button" id="4976">
			<description>Options</description>
			<posx>1796</posx>
			<posy>88r</posy>
			<width>88</width>
			<height>88</height>
			<colordiffuse>white</colordiffuse>
			<texturefocus></texturefocus>
			<texturenofocus></texturenofocus>
			<aspectratio>keep</aspectratio>
			<wrapmultiline>false</wrapmultiline>
			<font>font13</font>
			<textcolor>FFF0F0F0</textcolor>
			<focusedcolor>white</focusedcolor>
			<disabledcolor>80FFFFFF</disabledcolor>
			<invalidcolor>white</invalidcolor>
			<align>left</align>
			<aligny>center</aligny>
			<textoffsetx>64</textoffsetx>
			<textwidth>300</textwidth>
			<onclick></onclick>
			<onfocus></onfocus>
			<onunfocus></onunfocus>
			<onup></onup>
			<ondown></ondown>
		</control>
		
		<control type="image" id="4100">
			<visible>hidden</visible>
		</control>
		<control type="label" id="4101">
			<visible>hidden</visible>
		</control>

		<control type="button" id="4000">
			<visible>hidden</visible>
		</control>
		
		<control type="label" id="4102">
			<visible>hidden</visible>
		</control>
		
		<control type="label" id="4103">
			<visible>hidden</visible>
		</control>

		<control type="button" id="4006"> 
			<visible>hidden</visible>
		</control>
		
		<control type="group">
			<animation effect="fade" time="250">WindowOpen</animation>
			<animation effect="fade" time="250">WindowClose</animation>
				
			<control type="image">
				<posx>1515</posx>
				<posy>220</posy>
				<width>394</width>
				<height>720</height>
				<texture colordiffuse="FF242424">../../skin.estouchy/media/osd/white.png</texture>
			</control>
			
				<!-- Favorites -->
			<control type="button" id="4012"> 
				<posx>1515</posx>
				<posy>220</posy>
				<width>394</width>
				<height>90</height>
				<onup>4013</onup>
				<ondown>7004</ondown>
				<align>center</align>
				<aligny>center</aligny>
				<font>font13</font>
				<textcolor>FFFFFFFF</textcolor>
				<focusedcolor>FFFFFFFF</focusedcolor>
				<label>$ADDON[script.mtvguide 30984]</label>
				<texturefocus colordiffuse="ff1b6b86" border="5">../../skin.estouchy/media/osd/white.png</texturefocus>
				<texturenofocus></texturenofocus>
			</control>
			
			<control type="wraplist" id="7004">
				<description>Categories</description>
				<posx>1515</posx>
				<posy>310</posy>
				<width>394</width>
				<height>90</height>
				<visible>true</visible>
				<onup>4012</onup>
				<ondown>4015</ondown>
				<viewtype label="3D list">wraplist</viewtype>
				<orientation>horizontal</orientation>

				<itemlayout width="394" height="90">
					<control type="image">
						<posx>0</posx>
						<posy>0</posy>
						<width>394</width>
						<height>90</height>
						<visible>true</visible>
					</control>
					<control type="label">
						<posx>0</posx>
						<posy>0</posy>
						<width>394</width>
						<height>90</height>
						<font>font13</font>
						<align>center</align>
						<aligny>center</aligny>
						<textcolor>FFFFFFFF</textcolor>
						<selectedcolor>FF12A0C7</selectedcolor>
						<label>$INFO[ListItem.Label]</label>
					</control>
				</itemlayout>
				<focusedlayout height="90" width="394">
					<control type="image">
						<posx>0</posx>
						<posy>0</posy>
						<width>394</width>
						<height>90</height>
						<visible>true</visible>
					</control>
					<control type="image">
						<posx>0</posx>
						<posy>0</posy>
						<width>394</width>
						<height>90</height>
						<texture colordiffuse="FF12A0C7" border="5">osd/white.png</texture>
						<visible>Control.HasFocus(7004)</visible>
					</control>
					<control type="label">
						<posx>0</posx>
						<posy>0</posy>
						<width>394</width>
						<height>90</height>
						<font>font13</font>
						<align>center</align>
						<aligny>center</aligny>
						<textcolor>FFFFFFFF</textcolor>
						<selectedcolor>FF12A0C7</selectedcolor>
						<label>$INFO[ListItem.Label]</label>
					</control>
					<control type="label">
						<posx>0</posx>
						<posy>0</posy>
						<width>394</width>
						<height>90</height>
						<font>font13</font>
						<align>center</align>
						<aligny>center</aligny>
						<textcolor>FFFFFFFF</textcolor>
						<selectedcolor>FF12A0C7</selectedcolor>
						<label>$INFO[ListItem.Label]</label>
						<visible>Control.HasFocus(7004)</visible>
					</control>
					 <control type="image">
						<posx>30</posx>
						<posy>25</posy>
						<width>12</width>
						<height>40</height>
						<texture>tvguide-channel-leftarrow.png</texture>
					</control>
					<control type="image">
						<posx>350</posx>
						<posy>25</posy>
						<width>12</width>
						<height>40</height>
						<texture flipx="true">../../skin.estouchy/media/tvguide-channel-leftarrow.png</texture>
					</control>
				</focusedlayout>
				</control>
			
				<!-- Add channel -->
			<control type="button" id="4015"> 
				<posx>1515</posx>
				<posy>400</posy>
				<width>394</width>
				<height>90</height>
				<onup>7004</onup>
				<ondown>4016</ondown>
				<align>center</align>
				<aligny>center</aligny>
				<font>font13</font>
				<textcolor>FFFFFFFF</textcolor>
				<focusedcolor>FFFFFFFF</focusedcolor>
				<label>$ADDON[script.mtvguide 70116]</label>
				<texturefocus colordiffuse="ff1b6b86" border="5">../../skin.estouchy/media/osd/white.png</texturefocus>
				<texturenofocus></texturenofocus>
			</control>
			
				<!-- Remove channel -->
			<control type="button" id="4016"> 
				<posx>1515</posx>
				<posy>490</posy>
				<width>394</width>
				<height>90</height>
				<onup>4015</onup>
				<ondown>4013</ondown>
				<align>center</align>
				<aligny>center</aligny>
				<font>font13</font>
				<textcolor>FFFFFFFF</textcolor>
				<focusedcolor>FFFFFFFF</focusedcolor>
				<label>$ADDON[script.mtvguide 70125]</label>
				<texturefocus colordiffuse="ff1b6b86" border="5">../../skin.estouchy/media/osd/white.png</texturefocus>
				<texturenofocus></texturenofocus>
			</control>
			
				<!-- Set information -->
			<control type="button" id="4013"> 
				<posx>1515</posx>
				<posy>580</posy>
				<width>394</width>
				<height>90</height>
				<onup>4016</onup>
				<ondown>4012</ondown>
				<align>center</align>
				<aligny>center</aligny>
				<font>font13</font>
				<textcolor>FFFFFFFF</textcolor>
				<focusedcolor>FFFFFFFF</focusedcolor>
				<label>$ADDON[script.mtvguide 90002]</label>
				<texturefocus colordiffuse="ff1b6b86" border="5">../../skin.estouchy/media/osd/white.png</texturefocus>
				<texturenofocus></texturenofocus>
			</control>
		</control>
		
	</controls>
</window>
