<?xml version="1.0" encoding="UTF-8"?>
<window type="dialog">
	<allowoverlay>no</allowoverlay>
	<defaultcontrol always="false">101</defaultcontrol>
	<zorder>1</zorder>
	<aspectratio>scale</aspectratio>
	<coordinates>
		<system>1</system>
		<posx>0</posx>
		<posy>0</posy>
	</coordinates>
	<animation effect="fade" start="0" end="100" time="250">WindowOpen</animation>
	<animation effect="fade" start="100" end="0" time="250">WindowClose</animation>
	<controls>
		<control type="label" id="100">
			<description>tabs visibility marker</description>
			<visible>hidden</visible>
		</control>
		<control type="group">
			<centertop>50%</centertop>
			<height>1080</height>
			<centerleft>50%</centerleft>
			<width>1920</width>
			<visible>!Player.HasVideo</visible>
			
			<control type="image">
				<left>-2000</left>
				<top>-2000</top>
				<width>6000</width>
				<height>6000</height>
				<texture colordiffuse="C2FFFFFF">../../skin.default/media/osd/black.png</texture>
			</control>
			<control type="group">
				<width>1920</width>
				<height>1080</height>
				<control type="image">
					<description>Background image</description>
					<left>363</left>
					<top>93</top>
					<width>1194</width>
					<height>894</height>
					<texture border="14">dialogs/dialogback.png</texture>
				</control>
				<control type="image">
					<description>Dialog Header image</description>
					<left>360</left>
					<top>114</top>
					<width>1200</width>
					<height>60</height>
					<texture>dialogs/dialogheader.png</texture>
				</control>
				<control type="label">
					<description>Header label</description>
					<left>420</left>
					<top>120</top>
					<width>1080</width>
					<height>45</height>
					<font>font13_title</font>
					<label>$ADDON[script.mtvguide 30304]</label>
					<align>center</align>
					<aligny>center</aligny>
					<textcolor>FFEB9E17</textcolor>
					<shadowcolor>black</shadowcolor>
				</control>
				<control type="button" id="1000">
					<description>Close Window button</description>
					<posx>1425</posx>
					<posy>112</posy>
					<width>96</width>
					<height>48</height>
					<onclick>Dialog.Close(VideoOSD,true)</onclick>
					<onclick>Back</onclick>
					<texturefocus>DialogCloseButton-focus.png</texturefocus>
					<texturenofocus>DialogCloseButton.png</texturenofocus>
					<animation effect="fade" time="200">VisibleChange</animation>
					<visible>true</visible>
				</control>
			</control>
			<control type="grouplist">
				<posx>440</posx>
				<posy>168</posy>
				<width>1020</width>
				<height>100</height>
				<orientation>horizontal</orientation>
				
				<control type="button" id="101">
					<description>Default Category Button</description>
					<posx>0</posx>
					<posy>0</posy>
					<width>340</width>
					<height>100</height>
					<align>center</align>
					<aligny>center</aligny>
					<font>font12_title</font>
					<textcolor>FFF1F1F1</textcolor>
					<shadowcolor>black</shadowcolor>
					<label>[CAPITALIZE]$ADDON[script.mtvguide 30601][/CAPITALIZE]</label>
					<onup>1003</onup>
					<ondown>1001</ondown>
					<onright>102</onright>
					<texturefocus colordiffuse="" border="40">dialogs/dialogbutton-fo.png</texturefocus>
					<texturenofocus colordiffuse="" border="40">dialogs/dialogbutton-nofo.png</texturenofocus>
				</control>
				<control type="button" id="102">
					<description>Default Category Button</description>
					<posx>0</posx>
					<posy>0</posy>
					<width>340</width>
					<height>100</height>
					<align>center</align>
					<aligny>center</aligny>
					<font>font12_title</font>
					<textcolor>FFF1F1F1</textcolor>
					<shadowcolor>black</shadowcolor>
					<label>[CAPITALIZE]$ADDON[script.mtvguide 30602][/CAPITALIZE]</label>
					<onup>2003</onup>
					<ondown>2001</ondown>
					<onleft>101</onleft>
					<onright>103</onright>
					<texturefocus colordiffuse="" border="40">dialogs/dialogbutton-fo.png</texturefocus>
					<texturenofocus colordiffuse="" border="40">dialogs/dialogbutton-nofo.png</texturenofocus>
				</control>
				<control type="button" id="103">
					<description>Default Category Button</description>
					<posx>0</posx>
					<posy>0</posy>
					<width>340</width>
					<height>100</height>
					<align>center</align>
					<aligny>center</aligny>
					<font>font12_title</font>
					<textcolor>FFF1F1F1</textcolor>
					<shadowcolor>black</shadowcolor>
					<label>[CAPITALIZE]$ADDON[script.mtvguide 30603][/CAPITALIZE]</label>
					<onup>3006</onup>
					<ondown>3002</ondown>
					<onleft>102</onleft>
					<onright>104</onright>
					<texturefocus colordiffuse="" border="40">dialogs/dialogbutton-fo.png</texturefocus>
					<texturenofocus colordiffuse="" border="40">dialogs/dialogbutton-nofo.png</texturenofocus>
				</control>
				<control type="button" id="104">
					<description>Default Category Button</description>
					<posx>0</posx>
					<posy>0</posy>
					<width>340</width>
					<height>100</height>
					<align>center</align>
					<aligny>center</aligny>
					<font>font12_title</font>
					<textcolor>FFF1F1F1</textcolor>
					<shadowcolor>black</shadowcolor>
					<label>[CAPITALIZE]$LOCALIZE[1037][/CAPITALIZE]</label>
					<onup>4006</onup>
					<ondown>4002</ondown>
					<onleft>103</onleft>
					<onright>108</onright>
					<texturefocus colordiffuse="" border="40">dialogs/dialogbutton-fo.png</texturefocus>
					<texturenofocus colordiffuse="" border="40">dialogs/dialogbutton-nofo.png</texturenofocus>
				</control>
				<control type="button" id="108">
					<description>Default Category Button</description>
					<posx>0</posx>
					<posy>0</posy>
					<width>340</width>
					<height>100</height>
					<align>center</align>
					<aligny>center</aligny>
					<font>font12_title</font>
					<textcolor>FFF1F1F1</textcolor>
					<shadowcolor>black</shadowcolor>
					<label>[CAPITALIZE]$ADDON[script.mtvguide 59948][/CAPITALIZE]</label>
					<onup>8006</onup>
					<ondown>8002</ondown>
					<onleft>104</onleft>
					<onright>101</onright>
					<texturefocus colordiffuse="" border="40">dialogs/dialogbutton-fo.png</texturefocus>
					<texturenofocus colordiffuse="" border="40">dialogs/dialogbutton-nofo.png</texturenofocus>
				</control>
			</control>
			
			<control type="group" id="1000">
				<posx>0</posx>
				<posy>40</posy>
				<width>1920</width>
				<height>1080</height>
				<visible>String.IsEqual(Control.GetLabel(100),strm)</visible>
				<control type="textbox">
					<posx>490</posx>
					<posy>252</posy>
					<width>980</width>
					<height>150</height>
					<label>$ADDON[script.mtvguide 30611]</label>
					<font>font13</font>
					<align>center</align>
					<textcolor>FFF1F1F1</textcolor>
					<shadowcolor>black</shadowcolor>
					<wrapmultiline>true</wrapmultiline>
				</control>
				<control type="group">
					<control type="button" id="1002">
						<description>Preview</description>
						<posx>1105</posx>
						<posy>832</posy>
						<width>340</width>
						<height>100</height>
						<align>center</align>
						<aligny>center</aligny>
						<font>font12_title</font>
						<textcolor>FFF1F1F1</textcolor>
						<shadowcolor>black</shadowcolor>
						<label>[CAPITALIZE]$ADDON[script.mtvguide 30604][/CAPITALIZE]</label>
						<onup>1001</onup>
						<ondown>101</ondown>
						<onleft>1004</onleft>
						<onright>1003</onright>
						<texturefocus colordiffuse="" border="40">dialogs/dialogbutton-fo.png</texturefocus>
						<texturenofocus colordiffuse="" border="40">dialogs/dialogbutton-nofo.png</texturenofocus>
					</control>
					<control type="button" id="1003">
						<description>Save</description>
						<posx>475</posx>
						<posy>832</posy>
						<width>340</width>
						<height>100</height>
						<align>center</align>
						<aligny>center</aligny>
						<font>font12_title</font>
						<textcolor>FFF1F1F1</textcolor>
						<shadowcolor>black</shadowcolor>
						<label>[CAPITALIZE]$ADDON[script.mtvguide 30605][/CAPITALIZE]</label>
						<onup>1001</onup>
						<ondown>101</ondown>
						<onleft>1002</onleft>
						<onright>1004</onright>
						<texturefocus colordiffuse="" border="40">dialogs/dialogbutton-fo.png</texturefocus>
						<texturenofocus colordiffuse="" border="40">dialogs/dialogbutton-nofo.png</texturenofocus>
					</control>
					<control type="button" id="1004">
						<description>Cancel</description>
						<posx>790</posx>
						<posy>832</posy>
						<width>340</width>
						<height>100</height>
						<align>center</align>
						<aligny>center</aligny>
						<font>font12_title</font>
						<textcolor>FFF1F1F1</textcolor>
						<shadowcolor>black</shadowcolor>
						<label>[CAPITALIZE]$ADDON[script.mtvguide 30606][/CAPITALIZE]</label>
						<onup>1001</onup>
						<ondown>101</ondown>
						<onright>1002</onright>
						<onleft>1003</onleft>		
						<texturefocus colordiffuse="" border="40">dialogs/dialogbutton-fo.png</texturefocus>
						<texturenofocus colordiffuse="" border="40">dialogs/dialogbutton-nofo.png</texturenofocus>
					</control>
				</control>
				<control type="textbox" id="1005">
					<posx>490</posx>
					<posy>482</posy>
					<width>980</width>
					<height>150</height>
					<font>font13</font>
					<align>center</align>
					<textcolor>FFF1F1F1</textcolor>
					<shadowcolor>black</shadowcolor>
					<wrapmultiline>true</wrapmultiline>
				</control>
				<control type="button" id="1001">
					<description>Browse</description>
					<posx>1105</posx>
					<posy>362</posy>
					<width>340</width>
					<height>100</height>
					<align>center</align>
					<aligny>center</aligny>
					<font>font12_title</font>
					<textcolor>FFF1F1F1</textcolor>
					<shadowcolor>black</shadowcolor>
					<label>[CAPITALIZE]$ADDON[script.mtvguide 30610][/CAPITALIZE]</label>
					<onup>101</onup>
					<ondown>1003</ondown>
					<texturefocus colordiffuse="" border="40">dialogs/dialogbutton-fo.png</texturefocus>
					<texturenofocus colordiffuse="" border="40">dialogs/dialogbutton-nofo.png</texturenofocus>
				</control>
				<control type="label" id="5000">
					<left>504</left>
					<top>300</top>
					<width>1060</width>
					<height>70</height>
					<align>left</align>
					<aligny>center</aligny>
					<textcolor>FFF0F0F0</textcolor>
					<label>$ADDON[script.mtvguide 68010]</label>
					<visible>hidden</visible>
				</control>
				<control type="label" id="5001">
					<left>504</left>
					<top>300</top>
					<width>1060</width>
					<height>70</height>
					<align>left</align>
					<aligny>center</aligny>
					<textcolor>FFF0F0F0</textcolor>
					<label>$INFO[Control.GetLabel(1005)]</label>
					<visible>hidden</visible>
				</control>
			</control>
			<control type="group" id="2000">
				<posx>0</posx>
				<posy>40</posy>
				<width>1920</width>
				<height>1080</height>
				<visible>String.IsEqual(Control.GetLabel(100),favourites)</visible>
				
				<control type="textbox">
					<posx>490</posx>
					<posy>252</posy>
					<width>980</width>
					<height>150</height>
					<label>$ADDON[script.mtvguide 30620]</label>
					<font>font13</font>
					<align>center</align>
					<textcolor>FFF1F1F1</textcolor>
					<wrapmultiline>true</wrapmultiline>
				</control>
				
				<control type="list" id="2001">
					<posx>420</posx>
					<posy>380</posy>
					<width>1080</width>
					<height>420</height>
					<viewtype label="list">list</viewtype>
					<orientation>vertical</orientation>
					<focusposition>7</focusposition>
					<onup>102</onup>
					<ondown>2003</ondown>
					<onright>2003</onright>
					<onleft>102</onleft>

					<itemlayout width="560" height="70">
						<control type="image">
							<posx>0</posx>
							<posy>0</posy>
							<width>1080</width>
							<height>60</height>
						<texture colordiffuse="" border="5">dialogs/button-nofocus.png</texture>
						</control>
						<control type="label">
							<posx>56</posx>
							<posy>0</posy>
							<width>560</width>
							<height>60</height>
							<aligny>center</aligny>
							<font>font13</font>
							<textcolor>FFb4b4b4</textcolor>
							<shadowcolor>black</shadowcolor>
							<info>ListItem.Label</info>
						</control>
					</itemlayout>
					<focusedlayout width="560" height="70">
						<control type="image">
							<posx>0</posx>
							<posy>0</posy>
							<width>1080</width>
							<height>60</height>
							<texture colordiffuse="" border="5">dialogs/button-nofocus.png</texture>
							<visible>!Control.HasFocus(2001)</visible>
						</control>
						<control type="image">
							<posx>0</posx>
							<posy>0</posy>
							<width>1080</width>
							<height>60</height>
							<texture colordiffuse="">dialogs/button-focus2.png</texture>
							<visible>Control.HasFocus(2001)</visible>
						</control>
						<control type="label">
							<posx>56</posx>
							<posy>0</posy>
							<width>1080</width>
							<height>60</height>
							<aligny>center</aligny>
							<font>font13</font>
							<textcolor>FFF1F1F1</textcolor>
							<shadowcolor>black</shadowcolor>
							<info>ListItem.Label</info>
						</control>
						<control type="image">
							<posx>1020</posx>
							<posy>10</posy>
							<width>40</width>
							<height>40</height>
							<texture>tvguide-bullet.png</texture>
						</control>
					</focusedlayout>
				</control>
				
				<control type="group">
					<control type="button" id="2002">
						<description>Preview</description>
						<posx>1105</posx>
						<posy>832</posy>
						<width>340</width>
						<height>100</height>
						<align>center</align>
						<aligny>center</aligny>
						<font>font12_title</font>
						<textcolor>FFF1F1F1</textcolor>
						<shadowcolor>black</shadowcolor>
						<label>[CAPITALIZE]$ADDON[script.mtvguide 30604][/CAPITALIZE]</label>
						<onup>2001</onup>
						<ondown>102</ondown>
						<onleft>2004</onleft>
						<onright>2003</onright>
						<texturefocus colordiffuse="" border="40">dialogs/dialogbutton-fo.png</texturefocus>
						<texturenofocus colordiffuse="" border="40">dialogs/dialogbutton-nofo.png</texturenofocus>
					</control>
					<control type="button" id="2003">
						<description>Save</description>
						<posx>475</posx>
						<posy>832</posy>
						<width>340</width>
						<height>100</height>
						<align>center</align>
						<aligny>center</aligny>
						<font>font12_title</font>
						<textcolor>FFF1F1F1</textcolor>
						<shadowcolor>black</shadowcolor>
						<label>[CAPITALIZE]$ADDON[script.mtvguide 30605][/CAPITALIZE]</label>
						<onup>2001</onup>
						<ondown>102</ondown>
						<onright>2004</onright>
						<onleft>2002</onleft>
						<texturefocus colordiffuse="" border="40">dialogs/dialogbutton-fo.png</texturefocus>
						<texturenofocus colordiffuse="" border="40">dialogs/dialogbutton-nofo.png</texturenofocus>
					</control>
					<control type="button" id="2004">
						<description>Cancel</description>
						<posx>790</posx>
						<posy>832</posy>
						<width>340</width>
						<height>100</height>
						<align>center</align>
						<aligny>center</aligny>
						<font>font12_title</font>
						<textcolor>FFF1F1F1</textcolor>
						<shadowcolor>black</shadowcolor>
						<label>[CAPITALIZE]$ADDON[script.mtvguide 30606][/CAPITALIZE]</label>
						<onup>2001</onup>
						<ondown>102</ondown>
						<onright>2002</onright>
						<onleft>2003</onleft>
						<texturefocus colordiffuse="" border="40">dialogs/dialogbutton-fo.png</texturefocus>
						<texturenofocus colordiffuse="" border="40">dialogs/dialogbutton-nofo.png</texturenofocus>
					</control>
				</control>
			</control>
			<control type="group" id="3000">
				<posx>0</posx>
				<posy>-60</posy>
				<width>1920</width>
				<height>1080</height>
				<visible>String.IsEqual(Control.GetLabel(100),addons)</visible>
				
				<control type="image">
					<posx>1265</posx>
					<posy>750</posy>
					<width>12</width>
					<height>40</height>
					<texture colordiffuse="FFF1F1F1">tvguide-channel-downarrow.png</texture>
				</control>

				<control type="wraplist" id="3001">
					<posx>1165</posx>
					<posy>540</posy>
					<width>212</width>
					<height>212</height>
					<viewtype label="list">list</viewtype>
					<orientation>vertical</orientation>
					<focusposition>0</focusposition>
					<onleft>3002</onleft>
					<onright>3006</onright>

					<itemlayout width="212" height="212">
						<control type="image">
							<posx>0</posx>
							<posy>0</posy>
							<width>212</width>
							<height>212</height>
							<texture colordiffuse="1F000000">osd/FFF1F1F1.png</texture>
						</control>
						<control type="image">
							<posx>10</posx>
							<posy>10</posy>
							<width>192</width>
							<height>192</height>
							<info>ListItem.Icon</info>
						</control>
					</itemlayout>
					<focusedlayout width="212" height="212">
						<control type="image">
							<posx>0</posx>
							<posy>0</posy>
							<width>212</width>
							<height>212</height>
							<texture colordiffuse="00FFFFFF">osd/FFF1F1F1.png</texture>
							<visible>!Control.HasFocus(3001)</visible>
						</control>
						<control type="image">
							<posx>0</posx>
							<posy>0</posy>
							<width>212</width>
							<height>212</height>
							<texture colordiffuse="FF0084FF">addon-focus.png</texture>
							<visible>Control.HasFocus(3001)</visible>
						</control>
						<control type="image">
							<posx>10</posx>
							<posy>10</posy>
							<width>192</width>
							<height>192</height>
							<info>ListItem.Icon</info>
						</control>
					</focusedlayout>
				</control>
			
				<control type="label" id="3003">
					<posx>1100</posx>
					<posy>450</posy>
					<width>335</width>
					<height>118</height>
					<align>center</align>
					<aligny>center</aligny>
					<font>font12_title</font>
					<textcolor>FFF1F1F1</textcolor>
					<shadowcolor>black</shadowcolor>
					<focusedcolor>FFF1F1F1</focusedcolor>
					<texturefocus colordiffuse="" border="40">dialogs/dialogbutton-nofo.png</texturefocus>
					<texturenofocus colordiffuse="" border="40">dialogs/dialogbutton-nofo.png</texturenofocus>
				</control>
				<control type="textbox" id="3004">
					<posx>490</posx>
					<posy>352</posy>
					<width>980</width>
					<height>150</height>
					<label>$ADDON[script.mtvguide 30613]</label>
					<font>font13</font>
					<align>center</align>
					<textcolor>FFF1F1F1</textcolor>
					<shadowcolor>black</shadowcolor>
					<wrapmultiline>true</wrapmultiline>
					<autoscroll time="3600" delay="6000" repeat="6000">true</autoscroll>
					<visible>hidden</visible>
				</control>
				<control type="textbox">
					<posx>490</posx>
					<posy>352</posy>
					<width>980</width>
					<height>150</height>
					<label>$ADDON[script.mtvguide 30613]</label>
					<font>font13</font>
					<align>center</align>
					<textcolor>FFF1F1F1</textcolor>
					<shadowcolor>black</shadowcolor>
					<wrapmultiline>true</wrapmultiline>
					<autoscroll time="3600" delay="6000" repeat="6000">true</autoscroll>
				</control>
	
				<control type="list" id="3002">
					<posx>420</posx>
					<posy>480</posy>
					<width>690</width>
					<height>420</height>
					<viewtype label="list">list</viewtype>
					<orientation>vertical</orientation>
					<focusposition>7</focusposition>
					<onup>103</onup>
					<ondown>3006</ondown>
					<onright>3001</onright>
					<onleft>103</onleft>

					<itemlayout width="690" height="70">
						<control type="image">
							<posx>0</posx>
							<posy>0</posy>
							<width>690</width>
							<height>60</height>
							<texture colordiffuse="" border="5">dialogs/button-nofocus.png</texture>
						</control>
						<control type="label">
							<posx>56</posx>
							<posy>0</posy>
							<width>690</width>
							<height>60</height>
							<aligny>center</aligny>
							<font>font13</font>
							<textcolor>FFb4b4b4</textcolor>
							<shadowcolor>black</shadowcolor>
							<info>ListItem.Label</info>
						</control>
					</itemlayout>
					<focusedlayout width="690" height="70">
						<control type="image">
							<posx>0</posx>
							<posy>0</posy>
							<width>690</width>
							<height>60</height>
							<texture colordiffuse="" border="5">dialogs/button-nofocus.png</texture>
							<visible>!Control.HasFocus(3002)</visible>
						</control>
						<control type="image">
							<posx>0</posx>
							<posy>0</posy>
							<width>690</width>
							<height>60</height>
							<texture colordiffuse="">dialogs/button-focus2.png</texture>
							<visible>Control.HasFocus(3002)</visible>
						</control>
						<control type="label">
							<posx>56</posx>
							<posy>0</posy>
							<width>690</width>
							<height>60</height>
							<aligny>center</aligny>
							<font>font13</font>
							<textcolor>FFF1F1F1</textcolor>
							<shadowcolor>black</shadowcolor>
							<info>ListItem.Label</info>
						</control>
						<control type="image">
							<posx>630</posx>
							<posy>10</posy>
							<width>40</width>
							<height>40</height>
							<texture>tvguide-bullet.png</texture>
						</control>
					</focusedlayout>
				</control>
			
				<control type="group">
					<control type="button" id="3005">
						<description>Preview</description>
						<posx>1105</posx>
						<posy>932</posy>
						<width>340</width>
						<height>100</height>
						<align>center</align>
						<aligny>center</aligny>
						<font>font12_title</font>
						<textcolor>FFF1F1F1</textcolor>
						<shadowcolor>black</shadowcolor>
						<label>[CAPITALIZE]$ADDON[script.mtvguide 30604][/CAPITALIZE]</label>
						<onup>3002</onup>
						<ondown>103</ondown>
						<onleft>3007</onleft>
						<onright>3006</onright>
						<texturefocus colordiffuse="" border="40">dialogs/dialogbutton-fo.png</texturefocus>
						<texturenofocus colordiffuse="" border="40">dialogs/dialogbutton-nofo.png</texturenofocus>
					</control>
					<control type="button" id="3006">
						<description>Save</description>
						<posx>475</posx>
						<posy>932</posy>
						<width>340</width>
						<height>100</height>
						<align>center</align>
						<aligny>center</aligny>
						<font>font12_title</font>
						<textcolor>FFF1F1F1</textcolor>
						<shadowcolor>black</shadowcolor>
						<label>[CAPITALIZE]$ADDON[script.mtvguide 30605][/CAPITALIZE]</label>
						<onup>3002</onup>
						<ondown>103</ondown>
						<onleft>3005</onleft>
						<onright>3007</onright>
						<texturefocus colordiffuse="" border="40">dialogs/dialogbutton-fo.png</texturefocus>
						<texturenofocus colordiffuse="" border="40">dialogs/dialogbutton-nofo.png</texturenofocus>
					</control>
					<control type="button" id="3007">
						<description>Cancel</description>
						<posx>790</posx>
						<posy>932</posy>
						<width>340</width>
						<height>100</height>
						<align>center</align>
						<aligny>center</aligny>
						<font>font12_title</font>
						<textcolor>FFF1F1F1</textcolor>
						<shadowcolor>black</shadowcolor>
						<label>[CAPITALIZE]$ADDON[script.mtvguide 30606][/CAPITALIZE]</label>
						<onup>3002</onup>
						<ondown>103</ondown>
						<onleft>3006</onleft>
						<onright>3005</onright>
						<texturefocus colordiffuse="" border="40">dialogs/dialogbutton-fo.png</texturefocus>
						<texturenofocus colordiffuse="" border="40">dialogs/dialogbutton-nofo.png</texturenofocus>
					</control>
				</control>
			</control>
				
			<control type="group" id="4000">
				<posx>0</posx>
				<posy>-60</posy>
				<width>1920</width>
				<height>1080</height>
				<visible>String.IsEqual(Control.GetLabel(100),browse)</visible>
				
				<control type="image">
					<posx>1265</posx>
					<posy>750</posy>
					<width>12</width>
					<height>40</height>
					<texture colordiffuse="FFF1F1F1">tvguide-channel-downarrow.png</texture>
				</control>

				<control type="wraplist" id="4001">
					<posx>1165</posx>
					<posy>540</posy>
					<width>212</width>
					<height>212</height>
					<viewtype label="list">list</viewtype>
					<orientation>vertical</orientation>
					<focusposition>0</focusposition>
					<onleft>4002</onleft>
					<onright>4006</onright>

					<itemlayout width="212" height="212">
						<control type="image">
							<posx>0</posx>
							<posy>0</posy>
							<width>212</width>
							<height>212</height>
							<texture colordiffuse="1F000000">osd/FFF1F1F1.png</texture>
						</control>
						<control type="image">
							<posx>10</posx>
							<posy>10</posy>
							<width>192</width>
							<height>192</height>
							<info>ListItem.Icon</info>
						</control>
					</itemlayout>
					<focusedlayout width="212" height="212">
						<control type="image">
							<posx>0</posx>
							<posy>0</posy>
							<width>212</width>
							<height>212</height>
							<texture colordiffuse="00FFFFFF">osd/FFF1F1F1.png</texture>
							<visible>!Control.HasFocus(4001)</visible>
						</control>
						<control type="image">
							<posx>0</posx>
							<posy>0</posy>
							<width>212</width>
							<height>212</height>
							<texture colordiffuse="FF0084FF">addon-focus.png</texture>
							<visible>Control.HasFocus(4001)</visible>
						</control>
						<control type="image">
							<posx>10</posx>
							<posy>10</posy>
							<width>192</width>
							<height>192</height>
							<info>ListItem.Icon</info>
						</control>
					</focusedlayout>
				</control>
			
				<control type="label" id="4003">
					<posx>1100</posx>
					<posy>450</posy>
					<width>335</width>
					<height>118</height>
					<align>center</align>
					<aligny>center</aligny>
					<font>font12_title</font>
					<textcolor>FFF1F1F1</textcolor>
					<shadowcolor>black</shadowcolor>
					<focusedcolor>FFF1F1F1</focusedcolor>
					<texturefocus colordiffuse="" border="40">dialogs/dialogbutton-nofo.png</texturefocus>
					<texturenofocus colordiffuse="" border="40">dialogs/dialogbutton-nofo.png</texturenofocus>
				</control>
				<control type="textbox" id="4004">
					<posx>490</posx>
					<posy>352</posy>
					<width>980</width>
					<height>150</height>
					<label>$ADDON[script.mtvguide 30613]</label>
					<font>font13</font>
					<align>center</align>
					<textcolor>FFF1F1F1</textcolor>
					<shadowcolor>black</shadowcolor>
					<wrapmultiline>true</wrapmultiline>
					<autoscroll time="3600" delay="6000" repeat="6000">true</autoscroll>
					<visible>hidden</visible>
				</control>
				<control type="textbox">
					<posx>490</posx>
					<posy>352</posy>
					<width>980</width>
					<height>150</height>
					<label>$ADDON[script.mtvguide 30613]</label>
					<font>font13</font>
					<align>center</align>
					<textcolor>FFF1F1F1</textcolor>
					<shadowcolor>black</shadowcolor>
					<wrapmultiline>true</wrapmultiline>
					<autoscroll time="3600" delay="6000" repeat="6000">true</autoscroll>
				</control>
	
				<control type="list" id="4002">
					<posx>420</posx>
					<posy>480</posy>
					<width>690</width>
					<height>420</height>
					<viewtype label="list">list</viewtype>
					<orientation>vertical</orientation>
					<focusposition>7</focusposition>
					<onup>104</onup>
					<ondown>4006</ondown>
					<onright>4001</onright>
					<onleft>104</onleft>

					<itemlayout width="690" height="70">
						<control type="image">
							<posx>0</posx>
							<posy>0</posy>
							<width>690</width>
							<height>60</height>
							<texture colordiffuse="" border="5">dialogs/button-nofocus.png</texture>
						</control>
						<control type="label">
							<posx>56</posx>
							<posy>0</posy>
							<width>690</width>
							<height>60</height>
							<aligny>center</aligny>
							<font>font13</font>
							<textcolor>FFb4b4b4</textcolor>
							<shadowcolor>black</shadowcolor>
							<info>ListItem.Label</info>
						</control>
					</itemlayout>
					<focusedlayout width="690" height="70">
						<control type="image">
							<posx>0</posx>
							<posy>0</posy>
							<width>690</width>
							<height>60</height>
							<texture colordiffuse="" border="5">dialogs/button-nofocus.png</texture>
							<visible>!Control.HasFocus(4002)</visible>
						</control>
						<control type="image">
							<posx>0</posx>
							<posy>0</posy>
							<width>690</width>
							<height>60</height>
							<texture colordiffuse="">dialogs/button-focus2.png</texture>
							<visible>Control.HasFocus(4002)</visible>
						</control>
						<control type="label">
							<posx>56</posx>
							<posy>0</posy>
							<width>690</width>
							<height>60</height>
							<aligny>center</aligny>
							<font>font13</font>
							<textcolor>FFF1F1F1</textcolor>
							<shadowcolor>black</shadowcolor>
							<info>ListItem.Label</info>
						</control>
						<control type="image">
							<posx>630</posx>
							<posy>10</posy>
							<width>40</width>
							<height>40</height>
							<texture>tvguide-bullet.png</texture>
							<visible>ListItem.isPlayable</visible>
						</control>
					</focusedlayout>
				</control>
			
				<control type="group">
					<control type="button" id="4005">
						<description>Preview</description>
						<posx>1105</posx>
						<posy>932</posy>
						<width>340</width>
						<height>100</height>
						<align>center</align>
						<aligny>center</aligny>
						<font>font12_title</font>
						<textcolor>FFF1F1F1</textcolor>
						<shadowcolor>black</shadowcolor>
						<label>[CAPITALIZE]$ADDON[script.mtvguide 30604][/CAPITALIZE]</label>
						<onup>4002</onup>
						<ondown>104</ondown>
						<onleft>4007</onleft>
						<onright>4006</onright>
						<texturefocus colordiffuse="" border="40">dialogs/dialogbutton-fo.png</texturefocus>
						<texturenofocus colordiffuse="" border="40">dialogs/dialogbutton-nofo.png</texturenofocus>
					</control>
					<control type="button" id="4006">
						<description>Save</description>
						<posx>475</posx>
						<posy>932</posy>
						<width>340</width>
						<height>100</height>
						<align>center</align>
						<aligny>center</aligny>
						<font>font12_title</font>
						<textcolor>FFF1F1F1</textcolor>
						<shadowcolor>black</shadowcolor>
						<label>[CAPITALIZE]$ADDON[script.mtvguide 30605][/CAPITALIZE]</label>
						<onup>4002</onup>
						<ondown>104</ondown>
						<onleft>4005</onleft>
						<onright>4007</onright>
						<texturefocus colordiffuse="" border="40">dialogs/dialogbutton-fo.png</texturefocus>
						<texturenofocus colordiffuse="" border="40">dialogs/dialogbutton-nofo.png</texturenofocus>
					</control>
					<control type="button" id="4007">
						<description>Cancel</description>
						<posx>790</posx>
						<posy>932</posy>
						<width>340</width>
						<height>100</height>
						<align>center</align>
						<aligny>center</aligny>
						<font>font12_title</font>
						<textcolor>FFF1F1F1</textcolor>
						<shadowcolor>black</shadowcolor>
						<label>[CAPITALIZE]$ADDON[script.mtvguide 30606][/CAPITALIZE]</label>
						<onup>4002</onup>
						<ondown>104</ondown>
						<onleft>4006</onleft>
						<onright>4005</onright>
						<texturefocus colordiffuse="" border="40">dialogs/dialogbutton-fo.png</texturefocus>
						<texturenofocus colordiffuse="" border="40">dialogs/dialogbutton-nofo.png</texturenofocus>
					</control>
				</control>
			</control>
			
			<control type="group" id="8000">
				<posx>0</posx>
				<posy>40</posy>
				<width>1920</width>
				<height>1080</height>
				<visible>String.IsEqual(Control.GetLabel(100),playlist)</visible>
				
				<control type="textbox">
					<posx>490</posx>
					<posy>252</posy>
					<width>980</width>
					<height>150</height>
					<label>$ADDON[script.mtvguide 30620]</label>
					<font>font13</font>
					<align>center</align>
					<textcolor>FFF1F1F1</textcolor>
					<wrapmultiline>true</wrapmultiline>
				</control>
				
				<control type="list" id="8002">
					<posx>420</posx>
					<posy>380</posy>
					<width>1080</width>
					<height>420</height>
					<viewtype label="list">list</viewtype>
					<orientation>vertical</orientation>
					<focusposition>7</focusposition>
					<onup>108</onup>
					<ondown>8006</ondown>
					<onright>8006</onright>
					<onleft>108</onleft>

					<itemlayout width="560" height="70">
						<control type="image">
							<posx>0</posx>
							<posy>0</posy>
							<width>1080</width>
							<height>60</height>
						<texture colordiffuse="" border="5">dialogs/button-nofocus.png</texture>
						</control>
						<control type="label">
							<posx>56</posx>
							<posy>0</posy>
							<width>560</width>
							<height>60</height>
							<aligny>center</aligny>
							<font>font13</font>
							<textcolor>FFb4b4b4</textcolor>
							<shadowcolor>black</shadowcolor>
							<info>ListItem.Label</info>
						</control>
					</itemlayout>
					<focusedlayout width="560" height="70">
						<control type="image">
							<posx>0</posx>
							<posy>0</posy>
							<width>1080</width>
							<height>60</height>
							<texture colordiffuse="" border="5">dialogs/button-nofocus.png</texture>
							<visible>!Control.HasFocus(8002)</visible>
						</control>
						<control type="image">
							<posx>0</posx>
							<posy>0</posy>
							<width>1080</width>
							<height>60</height>
							<texture colordiffuse="">dialogs/button-focus2.png</texture>
							<visible>Control.HasFocus(8002)</visible>
						</control>
						<control type="label">
							<posx>56</posx>
							<posy>0</posy>
							<width>1080</width>
							<height>60</height>
							<aligny>center</aligny>
							<font>font13</font>
							<textcolor>FFF1F1F1</textcolor>
							<shadowcolor>black</shadowcolor>
							<info>ListItem.Label</info>
						</control>
						<control type="image">
							<posx>1020</posx>
							<posy>10</posy>
							<width>40</width>
							<height>40</height>
							<texture>tvguide-bullet.png</texture>
						</control>
					</focusedlayout>
				</control>
				
				<control type="group">
					<control type="button" id="8005">
						<description>Preview</description>
						<posx>1105</posx>
						<posy>832</posy>
						<width>340</width>
						<height>100</height>
						<align>center</align>
						<aligny>center</aligny>
						<font>font12_title</font>
						<textcolor>FFF1F1F1</textcolor>
						<shadowcolor>black</shadowcolor>
						<label>[CAPITALIZE]$ADDON[script.mtvguide 30604][/CAPITALIZE]</label>
						<onup>8002</onup>
						<ondown>108</ondown>
						<onleft>8007</onleft>
						<onright>8006</onright>
						<texturefocus colordiffuse="" border="40">dialogs/dialogbutton-fo.png</texturefocus>
						<texturenofocus colordiffuse="" border="40">dialogs/dialogbutton-nofo.png</texturenofocus>
					</control>
					<control type="button" id="8006">
						<description>Save</description>
						<posx>475</posx>
						<posy>832</posy>
						<width>340</width>
						<height>100</height>
						<align>center</align>
						<aligny>center</aligny>
						<font>font12_title</font>
						<textcolor>FFF1F1F1</textcolor>
						<shadowcolor>black</shadowcolor>
						<label>[CAPITALIZE]$ADDON[script.mtvguide 30605][/CAPITALIZE]</label>
						<onup>8002</onup>
						<ondown>108</ondown>
						<onleft>8005</onleft>
						<onright>8007</onright>
						<texturefocus colordiffuse="" border="40">dialogs/dialogbutton-fo.png</texturefocus>
						<texturenofocus colordiffuse="" border="40">dialogs/dialogbutton-nofo.png</texturenofocus>
					</control>
					<control type="button" id="8007">
						<description>Cancel</description>
						<posx>790</posx>
						<posy>832</posy>
						<width>340</width>
						<height>100</height>
						<align>center</align>
						<aligny>center</aligny>
						<font>font12_title</font>
						<textcolor>FFF1F1F1</textcolor>
						<shadowcolor>black</shadowcolor>
						<label>[CAPITALIZE]$ADDON[script.mtvguide 30606][/CAPITALIZE]</label>
						<onup>8002</onup>
						<ondown>108</ondown>
						<onleft>8006</onleft>
						<onright>8005</onright>
						<texturefocus colordiffuse="" border="40">dialogs/dialogbutton-fo.png</texturefocus>
						<texturenofocus colordiffuse="" border="40">dialogs/dialogbutton-nofo.png</texturenofocus>
					</control>
				</control>
			</control>
		</control>
	</controls>
</window>