<?xml version="1.0" encoding="utf-8"?>
<window type="dialog">
	<allowoverlay>no</allowoverlay>
	<aspectratio>scale</aspectratio>
	<defaultcontrol always="true">6000</defaultcontrol>
	<coordinates>
		<system>1</system><posx>0</posx><posy>0</posy>
	</coordinates>
	<animation effect="fade" start="0" end="100" time="250">WindowOpen</animation>
	<animation effect="fade" start="100" end="0" time="250">WindowClose</animation>
	<controls>
		<control type="label" id="6001"><description>visibility marker for selection box</description></control>

		<control type="image">
			<description>Background image</description>
			<left>363</left>
			<top>93</top>
			<width>1194</width>
			<height>894</height>
			<texture border="14">dialogs/dialogback.png</texture>
		</control>
		<control type="image">
			<description>Dialog Header image</description>
			<left>360</left>
			<top>114</top>
			<width>1200</width>
			<height>60</height>
			<texture>dialogs/dialogheader.png</texture>
		</control>
		<control type="label">
			<description>Header label</description>
			<left>420</left>
			<top>120</top>
			<width>1080</width>
			<height>45</height>
			<font>font13_title</font>
			<label>$ADDON[script.mtvguide 30307]</label>
			<align>center</align>
			<aligny>center</aligny>
			<textcolor>FFEB9E17</textcolor>
			<shadowcolor>black</shadowcolor>
		</control>
		<control type="button" id="1000">
			<description>Close Window button</description>
			<posx>1425</posx>
			<posy>112</posy>
			<width>96</width>
			<height>48</height>
			<onclick>Dialog.Close(VideoOSD,true)</onclick>
			<onclick>Back</onclick>
			<texturefocus>DialogCloseButton-focus.png</texturefocus>
			<texturenofocus>DialogCloseButton.png</texturenofocus>
			<animation effect="fade" time="200">VisibleChange</animation>
			<visible>true</visible>
		</control>

		<control type="textbox">
			<left>405</left>
			<posy>203</posy>
			<width>1100</width>
			<height>150</height>
			<font>font13</font>
			<textcolor>FFF1F1F1</textcolor>
			<shadowcolor>black</shadowcolor>
			<align>center</align>
			<label>$ADDON[script.mtvguide 30501]</label>
		</control>

		<control type="wraplist" id="6000">
			<posx>420</posx>
			<posy>340</posy>
			<width>1080</width>
			<height>480</height>
			<onleft>101</onleft>
			<onright>6002</onright>
			<viewtype label="list">list</viewtype>
			<orientation>vertical</orientation>
			<focusposition>0</focusposition>
			<itemlayout width="560" height="70">
				<control type="image">
					<posx>0</posx>
					<posy>0</posy>
					<width>1080</width>
					<height>60</height>
					<texture colordiffuse="" border="5">button-nofocus.png</texture>
				</control>
				<control type="label">
					<posx>12</posx>
					<posy>0</posy>
					<width>1080</width>
					<height>60</height>
					<aligny>center</aligny>
					<font>font13</font>
					<textcolor>FFb4b4b4</textcolor>
					<shadowcolor>black</shadowcolor>
					<info>ListItem.Label</info>
				</control>
				<control type="image">
					<posx>1020</posx>
					<posy>10</posy>
					<width>40</width>
					<height>40</height>
					<colordiffuse>FFF1F1F1</colordiffuse>
					<info>ListItem.Icon</info>
				</control>
			</itemlayout>
			<focusedlayout width="560" height="70">
				<control type="image">
					<posx>0</posx>
					<posy>0</posy>
					<width>1080</width>
					<height>60</height>
					<texture colordiffuse="" border="5">dialogs/button-focus2.png</texture>
					<visible>Control.IsVisible(6000)</visible>
				</control>
				<control type="label">
					<posx>12</posx>
					<posy>0</posy>
					<width>1080</width>
					<height>60</height>
					<aligny>center</aligny>
					<font>font13</font>
					<textcolor>FFF1F1F1</textcolor>
					<shadowcolor>black</shadowcolor>
					<label>$INFO[ListItem.Label]</label>
				</control>
				<control type="image">
					<posx>1020</posx>
					<posy>10</posy>
					<width>40</width>
					<height>40</height>
					<info>ListItem.Icon</info>
				</control>
			</focusedlayout>
		</control>
		
		<control type="group">
			<posx>980</posx>
			<posy>210</posy>
			<width>1920</width>
			<height>60</height>
			<visible>!Control.IsVisible(6001)</visible>
			<animation type="Visible">
				<effect type="fade" start="0" end="100" time="250"/>
			</animation>
			<animation type="Hidden">
				<effect type="fade" start="100" end="0" time="250"/>
			</animation>

		<control type="image">
			<posx>395</posx>
			<posy>142</posy>
			<width>14</width>
			<height>38</height>
			<colordiffuse>FFF1F1F1</colordiffuse>
			<texture>tvguide-channel-updownarrow.png</texture>
		</control>
		<control type="image">
			<posx>40</posx>
			<posy>-130</posy>
			<width>500</width>
			<height>38</height>
		</control>
		<control type="button" id="6002">
			<posx>-490</posx>
			<posy>130</posy>
			<width>860</width>
			<height>60</height>
			<aligny>center</aligny>
			<align>right</align>
			<font>font13</font>
			<textcolor>FFF1F1F1</textcolor>
			<shadowcolor>black</shadowcolor>
			<focusedcolor>FFF1F1F1</focusedcolor>
			<texturefocus></texturefocus>
			<texturenofocus></texturenofocus>
			<onleft>6000</onleft>
			<onright>6003</onright>
		</control>
	</control>
		
		<control type="image">
			<posx>510</posx>
			<posy>380</posy>
			<width>12</width>
			<height>40</height>
			<colordiffuse>FFF1F1F1</colordiffuse>
			<texture flipx="true" >tvguide-channel-leftarrow.png</texture>
		</control>

		<control type="button" id="6003">
			<posx>475</posx>
			<posy>872</posy>
			<width>340</width>
			<height>100</height>
			<align>center</align>
			<aligny>center</aligny>
			<font>font12_title</font>
			<textcolor>FFF1F1F1</textcolor>
			<label>$ADDON[script.mtvguide 30502]</label>
			<onup>6000</onup>
			<onleft>6000</onleft>
			<onright>6004</onright>
			<texturefocus border="40">dialogs/dialogbutton-fo.png</texturefocus>
			<texturenofocus border="40">dialogs/dialogbutton-nofo.png</texturenofocus>
		</control>
		<control type="button" id="6004">
			<posx>790</posx>
			<posy>872</posy>
			<width>340</width>
			<height>100</height>
			<align>center</align>
			<aligny>center</aligny>
			<font>font12_title</font>
			<textcolor>FFF1F1F1</textcolor>
			<label>$ADDON[script.mtvguide 30503]</label>
			<onup>6000</onup>
			<onleft>6003</onleft>
			<onright>6000</onright>
			<texturefocus border="40">dialogs/dialogbutton-fo.png</texturefocus>
			<texturenofocus border="40">dialogs/dialogbutton-nofo.png</texturenofocus>
		</control>
	</controls>
</window>