<?xml version="1.0" encoding="UTF-8"?>
<window>
	<defaultcontrol always="true">7000</defaultcontrol>
	<animation effect="slide" start="0,0" end="213,0" time="0" condition="String.IsEqual(Skin.AspectRatio,16:9)">conditional</animation>
	<animation type="WindowOpen" reversible="false">
		<effect type="zoom" start="80" end="100" center="640,480" easing="out" tween="back" time="300" />
		<effect type="fade" start="0" end="100" time="300" />
	</animation>
	<animation type="WindowClose" reversible="false">
		<effect type="zoom" start="100" end="80" center="640,480" easing="in" tween="back" time="300" />
		<effect type="fade" start="100" end="0" time="300" />
	</animation>
	<coordinates>
		<posx>240</posx>
		<posy>100</posy>
	</coordinates>
	<controls>
		<control type="image">
			<posx>-1706</posx>
			<posy>-960</posy>
			<width>5118</width>
			<height>2880</height>
			<texture>../../skin.estouchy/media/dialogs/grey.png</texture>
			<animation effect="fade" time="300">Visible</animation>
			<animation effect="fade" time="200">Hidden</animation>
		</control>
		<control type="image">
			<posx>0</posx>
			<posy>0</posy>
			<width>800</width>
			<height>60</height>
			<texture border="5">../../skin.estouchy/media/dialogs/dialog_header.png</texture>
		</control>
		<control type="image">
			<posx>0</posx>
			<posy>60</posy>
			<width>800</width>
			<height>720</height>
			<texture>../../skin.estouchy/media/dialogs/dialog_back.png</texture>
		</control>
		<control type="label">
			<description>header label</description>
			<posx>20</posx>
			<posy>0</posy>
			<height>60</height>
			<align>left</align>
			<aligny>center</aligny>
			<font>font24_title</font>
			<textcolor>white</textcolor>
			<width>700</width>
			<label>$LOCALIZE[19222]</label>
		</control>
		<control type="group">
			<posx>730</posx>
			<posy>0</posy>
			<control type="image">
				<posx>0</posx>
				<posy>0</posy>
				<width>2</width>
				<height>59</height>
				<texture border="2">../../skin.estouchy/media/dialogs/separator.png</texture>
				<colordiffuse>FF464646</colordiffuse>
			</control>
			<control type="button">
				<description>Close Button</description>
				<posx>4</posx>
				<posy>0</posy>
				<width>60</width>
				<height>60</height>
				<font></font>
				<onclick>back</onclick>
				<texturefocus>../../skin.estouchy/media/dialogs/icon_dialog_close.png</texturefocus>
				<texturenofocus>../../skin.estouchy/media/dialogs/icon_dialog_close.png</texturenofocus>
			</control>
		</control>
		<control type="image">
			<posx>0</posx>
			<posy>60</posy>
			<width>750</width>
			<height>720</height>
			<texture colordiffuse="40000000">../../skin.estouchy/media/dialogs/panel.png</texture>
		</control>
		<control type="list" id="7000">
			<posx>0</posx>
			<posy>60</posy>
			<width>750</width>
			<height>720</height>
			<onleft>60</onleft>
			<onright>60</onright>
			<onup>7000</onup>
			<ondown>7000</ondown>
			<viewtype label="535">list</viewtype>
			<pagecontrol>60</pagecontrol>
			<scrolltime>200</scrolltime>
			<itemlayout height="90" width="750">
				<control type="image">
					<posx>2</posx>
					<posy>2</posy>
					<width>86</width>
					<height>86</height>
					<texture background="true">$INFO[ListItem.Icon]</texture>
					<aspectratio>keep</aspectratio>
				</control>
				<control type="label">
					<posx>100</posx>
					<posy>0</posy>
					<width>640</width>
					<height>40</height>
					<font>font20_title</font>
					<selectedcolor>selected</selectedcolor>
					<align>left</align>
					<aligny>center</aligny>
					<label>[B]$INFO[ListItem.Property(ChannelName)][/B]</label>
				</control>
				<control type="label">
					<posx>100</posx>
					<posy>28</posy>
					<width>640</width>
					<height>40</height>
					<font>font22</font>
					<selectedcolor>selected</selectedcolor>
					<align>left</align>
					<aligny>center</aligny>
					<label>$INFO[ListItem.Title]</label>
				</control>
				<control type="label">
					<posx>100</posx>
					<posy>63</posy>
					<width>100</width>
					<height>20</height>
					<font>font14_title</font>
					<textcolor>blue</textcolor>
					<selectedcolor>blue</selectedcolor>
					<align>center</align>
					<label>$INFO[ListItem.Property(StartTime)]</label>
					<visible>true</visible>
				</control>
				<control type="progress">
					<description>Progress</description>
					<posx>200</posx>
					<posy>70</posy>
					<width>450</width>
					<height>10</height>
					<info>ListItem.Property(Completed)</info>
				</control>
				<control type="label">
					<posx>650</posx>
					<posy>63</posy>
					<width>100</width>
					<height>20</height>
					<font>font14_title</font>
					<textcolor>blue</textcolor>
					<selectedcolor>blue</selectedcolor>
					<align>center</align>
					<label>$INFO[ListItem.Property(EndTime]</label>
				</control>
			</itemlayout>
			<focusedlayout height="90" width="750">
				<control type="image">
					<posx>0</posx>
					<posy>0</posy>
					<width>750</width>
					<height>90</height>
					<texture>../../skin.estouchy/media/dialogs/list_focus.png</texture>
					<animation effect="fade" time="300">Visible</animation>
					<animation effect="fade" time="300">Hidden</animation>
				</control>
				<control type="image">
					<posx>2</posx>
					<posy>2</posy>
					<width>86</width>
					<height>86</height>
					<texture background="true">$INFO[ListItem.Icon]</texture>
					<aspectratio>keep</aspectratio>
				</control>
				<control type="label">
					<posx>100</posx>
					<posy>0</posy>
					<width>640</width>
					<height>40</height>
					<font>font20_title</font>
					<selectedcolor>selected</selectedcolor>
					<align>left</align>
					<aligny>center</aligny>
					<label>[B]$INFO[ListItem.Property(ChannelName)][/B]</label>
				</control>
				<control type="label">
					<posx>100</posx>
					<posy>28</posy>
					<width>640</width>
					<height>40</height>
					<font>font22</font>
					<selectedcolor>selected</selectedcolor>
					<align>left</align>
					<aligny>center</aligny>
					<label>$INFO[ListItem.Title]</label>
				</control>
				<control type="label">
					<posx>100</posx>
					<posy>63</posy>
					<width>100</width>
					<height>20</height>
					<font>font14_title</font>
					<textcolor>blue</textcolor>
					<selectedcolor>blue</selectedcolor>
					<align>center</align>
					<label>$INFO[ListItem.Property(StartTime)]</label>
				</control>
				<control type="progress">
					<description>Progress</description>
					<posx>200</posx>
					<posy>70</posy>
					<width>450</width>
					<height>10</height>
					<info>ListItem.Property(Completed)</info>
				</control>
				<control type="label">
					<posx>650</posx>
					<posy>63</posy>
					<width>100</width>
					<height>20</height>
					<font>font14_title</font>
					<textcolor>blue</textcolor>
					<selectedcolor>blue</selectedcolor>
					<align>center</align>
					<label>$INFO[ListItem.Property(EndTime)]</label>
				</control>
			</focusedlayout>
		</control>
		<control type="scrollbar" id="60">
			<posx>770</posx>
			<posy>90</posy>
			<width>10</width>
			<height>660</height>
			<texturesliderbackground colordiffuse="30FFFFFF">../../skin.estouchy/media/dialogs/white.png</texturesliderbackground>
			<texturesliderbar colordiffuse="grey">../../skin.estouchy/media/dialogs/white.png</texturesliderbar>
			<texturesliderbarfocus colordiffuse="blue">../../skin.estouchy/media/dialogs/white.png</texturesliderbarfocus>
			<textureslidernib>../../skin.estouchy/media/dialogs/blank.png</textureslidernib>
			<textureslidernibfocus>../../skin.estouchy/media/dialogs/blank.png</textureslidernibfocus>
			<onleft>7000</onleft>
			<onright>7000</onright>
			<ondown>60</ondown>
			<onup>60</onup>
			<showonepage>false</showonepage>
			<orientation>vertical</orientation>
			<animation effect="fade" time="150">Visible</animation>
			<animation effect="fade" time="150">Hidden</animation>
		</control>
	</controls>
</window>
