<?xml version="1.0" encoding="UTF-8"?>
<window type="dialog">
	<allowoverlay>no</allowoverlay>
	<defaultcontrol always="false">101</defaultcontrol>
	<zorder>1</zorder>
	<aspectratio>strech</aspectratio>
	<coordinates>
		<system>1</system>
		<posx>0</posx>
		<posy>0</posy>
	</coordinates>
	<animation type="WindowOpen" reversible="false">
		<effect type="zoom" start="80" end="100" center="960,540" delay="160" tween="back" time="240" />
		<effect type="fade" delay="160" end="100" time="240" />
	</animation>
	<animation type="WindowClose" reversible="false">
		<effect type="zoom" start="100" end="80" center="960,540" easing="in" tween="back" time="240" />
		<effect type="fade" start="100" end="0" time="240" />
	</animation>
	<controls>
		<control type="label" id="100">
			<description>tabs visibility marker</description>
			<visible>hidden</visible>
		</control>
		<control type="group">
			<centertop>50%</centertop>
			<height>1080</height>
			<centerleft>50%</centerleft>
			<width>1920</width>
			<animation type="WindowOpen" reversible="false">
				<effect type="zoom" start="100" end="100" center="960,540" delay="160" tween="back" time="240" />
				<effect type="fade" delay="160" end="100" time="240" />
			</animation>
			<animation type="WindowClose" reversible="false">
				<effect type="zoom" start="100" end="100" center="960,540" easing="in" tween="back" time="240" />
				<effect type="fade" start="100" end="0" time="240" />
			</animation>
			<visible>!Player.HasVideo</visible>
			
			<control type="image">
				<left>-2000</left>
				<top>-2000</top>
				<width>6000</width>
				<height>6000</height>
				<texture colordiffuse="C2FFFFFF">../../skin.default/media/osd/black.png</texture>
			</control>
			<control type="group">
				<width>1920</width>
				<height>1080</height>
				<control type="image">
					<left>0</left>
					<top>0</top>
					<right>0</right>
					<bottom>0</bottom>
					<texture colordiffuse="9F000000">../../skin.estouchy/media/osd/white.png</texture>
				</control>
				<control type="image">
					<description>Top bar</description>
					<posx>398</posx>
					<posy>90</posy>
					<width>1125</width>
					<height>68</height>
					<texture>../../skin.estouchy/media/dialogs/topbar.png</texture>
				</control>
				<control type="image">
					<description>Background image</description>
					<posx>398</posx>
					<posy>158</posy>
					<width>1125</width>
					<height>834</height>
					<texture>../../skin.estouchy/media/dialogs/bg.png</texture>
				</control>
				<control type="image">
					<description>Background image</description>
					<posx>398</posx>
					<posy>246</posy>
					<width>1125</width>
					<height>624</height>
					<texture colordiffuse="2F000000">../../skin.estouchy/media/osd/white.png</texture>
				</control>
				<control type="image">
					<description>Panel image</description>
					<posx>398</posx>
					<posy>848</posy>
					<width>1125</width>
					<height>4</height>
					<texture colordiffuse="FF848484">../../skin.estouchy/media/dialogs/panel.png</texture>
				</control>
				<control type="label">
					<posx>420</posx>
					<posy>105</posy>
					<width>960</width>
					<font>font24_title</font>
					<textcolor>FFF0F0F0</textcolor>
					<shadowcolor>22000000</shadowcolor>
					<label>$ADDON[script.mtvguide 30304] - m-TVGuide [COLOR gold][B]EPG[/B][/COLOR]</label>
				</control>	
				<control type="image">
					<description>List</description>
					<posx>398</posx>
					<posy>324</posy>
					<width>1125</width>
					<height>80</height>
					<texture border="40,0,40,5">../../skin.estouchy/media/dialogs/list.png</texture>
				</control>
				<control type="image">
					<description>List</description>
					<posx>398</posx>
					<posy>404</posy>
					<width>1125</width>
					<height>80</height>
					<texture border="40,0,40,5">../../skin.estouchy/media/dialogs/list.png</texture>
				</control>
				<control type="image">
					<description>List</description>
					<posx>398</posx>
					<posy>484</posy>
					<width>1125</width>
					<height>80</height>
					<texture border="40,0,40,5">../../skin.estouchy/media/dialogs/list.png</texture>
				</control>
				<control type="image">
					<description>List</description>
					<posx>398</posx>
					<posy>564</posy>
					<width>1125</width>
					<height>80</height>
					<texture border="40,0,40,5">../../skin.estouchy/media/dialogs/list.png</texture>
				</control>
				<control type="image">
					<description>List</description>
					<posx>398</posx>
					<posy>644</posy>
					<width>1125</width>
					<height>80</height>
					<texture border="40,0,40,5">../../skin.estouchy/media/dialogs/list.png</texture>
				</control>
				<control type="image">
					<description>List</description>
					<posx>398</posx>
					<posy>724</posy>
					<width>1125</width>
					<height>80</height>
					<texture border="40,0,40,5">../../skin.estouchy/media/dialogs/list.png</texture>
				</control>
				<control type="button" id="1000">
					<description>Close Window button</description>
					<posx>1450</posx>
					<posy>92</posy>
					<width>64</width>
					<height>64</height>
					<onclick>Dialog.Close(all,true)</onclick>
					<onclick>FullScreen</onclick>
					<texturefocus>../../skin.estouchy/media/dialogs/close.png</texturefocus>
					<texturenofocus>../../skin.estouchy/media/dialogs/close.png</texturenofocus>
					<animation effect="fade" time="200">VisibleChange</animation>
					<visible>true</visible>
				</control>
			</control>
			<control type="grouplist" id="17">
				<posx>418</posx>
				<posy>168</posy>
				<width>1080</width>
				<itemgap>15</itemgap>
				<orientation>horizontal</orientation>
				<control type="button" id="101">
					<posx>0</posx>
					<posy>168</posy>
					<width>225</width>
					<height>70</height>
					<align>center</align>
					<aligny>center</aligny>
					<font>font18_title</font>
					<textcolor>FFF0F0F0</textcolor>
					<shadowcolor>22000000</shadowcolor>
					<focusedcolor>white</focusedcolor>
					<label>[CAPITALIZE]$ADDON[script.mtvguide 30601][/CAPITALIZE]</label>
					<onleft>108</onleft>
					<onright>102</onright>
					<ondown>1003</ondown>
					<texturefocus border="15" colordiffuse="FF12A0C7">../../skin.estouchy/media/dialogs/dialogbutton-focus.png</texturefocus>
					<texturenofocus border="15" colordiffuse="5F000000">../../skin.estouchy/media/dialogs/dialogbutton-nofocus.png</texturenofocus>
				</control>
				<control type="button" id="102">
					<posx>0</posx>
					<posy>168</posy>
					<width>225</width>
					<height>70</height>
					<align>center</align>
					<aligny>center</aligny>
					<font>font18_title</font>
					<textcolor>FFF0F0F0</textcolor>
					<shadowcolor>22000000</shadowcolor>
					<focusedcolor>white</focusedcolor>
					<label>[CAPITALIZE]$ADDON[script.mtvguide 30602][/CAPITALIZE]</label>
					<onleft>101</onleft>
					<onright>103</onright>
					<ondown>2001</ondown>
					<texturefocus border="15" colordiffuse="FF12A0C7">../../skin.estouchy/media/dialogs/dialogbutton-focus.png</texturefocus>
					<texturenofocus border="15" colordiffuse="5F000000">../../skin.estouchy/media/dialogs/dialogbutton-nofocus.png</texturenofocus>
				</control>
				<control type="button" id="103">
					<posx>0</posx>
					<posy>168</posy>
					<width>225</width>
					<height>70</height>
					<align>center</align>
					<aligny>center</aligny>
					<font>font18_title</font>
					<textcolor>FFF0F0F0</textcolor>
					<shadowcolor>22000000</shadowcolor>
					<focusedcolor>white</focusedcolor>
					<label>[CAPITALIZE]$ADDON[script.mtvguide 30603][/CAPITALIZE]</label>
					<onleft>102</onleft>
					<onright>104</onright>
					<ondown>3001</ondown>
					<texturefocus border="15" colordiffuse="FF12A0C7">../../skin.estouchy/media/dialogs/dialogbutton-focus.png</texturefocus>
					<texturenofocus border="15" colordiffuse="5F000000">../../skin.estouchy/media/dialogs/dialogbutton-nofocus.png</texturenofocus>
				</control>
				<control type="button" id="104">
					<posx>0</posx>
					<posy>168</posy>
					<width>225</width>
					<height>70</height>
					<align>center</align>
					<aligny>center</aligny>
					<font>font18_title</font>
					<textcolor>FFF0F0F0</textcolor>
					<shadowcolor>22000000</shadowcolor>
					<focusedcolor>white</focusedcolor>
					<label>[CAPITALIZE]$LOCALIZE[1037][/CAPITALIZE]</label>
					<onleft>103</onleft>
					<onright>108</onright>
					<ondown>4001</ondown>
					<texturefocus border="15" colordiffuse="FF12A0C7">../../skin.estouchy/media/dialogs/dialogbutton-focus.png</texturefocus>
					<texturenofocus border="15" colordiffuse="5F000000">../../skin.estouchy/media/dialogs/dialogbutton-nofocus.png</texturenofocus>
				</control>
				<control type="button" id="108">
					<posx>0</posx>
					<posy>168</posy>
					<width>225</width>
					<height>70</height>
					<align>center</align>
					<aligny>center</aligny>
					<font>font18_title</font>
					<textcolor>FFF0F0F0</textcolor>
					<shadowcolor>22000000</shadowcolor>
					<focusedcolor>white</focusedcolor>
					<label>[CAPITALIZE]$ADDON[script.mtvguide 59948][/CAPITALIZE]</label>
					<onleft>104</onleft>
					<onright>101</onright>
					<ondown>8002</ondown>
					<texturefocus border="15" colordiffuse="FF12A0C7">../../skin.estouchy/media/dialogs/dialogbutton-focus.png</texturefocus>
					<texturenofocus border="15" colordiffuse="5F000000">../../skin.estouchy/media/dialogs/dialogbutton-nofocus.png</texturenofocus>
				</control>
			</control>

			<control type="group" id="1000">
				<visible>String.IsEqual(Control.GetLabel(100),strm)</visible>
				<control type="textbox">
					<posx>490</posx>
					<posy>265</posy>
					<width>980</width>
					<height>150</height>
					<label>$ADDON[script.mtvguide 30611]</label>
					<font>font28</font>
					<align>center</align>
					<textcolor>FFF0F0F0</textcolor>
					<shadowcolor>22000000</shadowcolor>
					<wrapmultiline>true</wrapmultiline>
				</control>
				<control type="group">
					<control type="button" id="1002">
						<description>Preview</description>
						<posx>962</posx>
						<posy>910</posy>
						<width>225</width>
						<height>70</height>
						<align>center</align>
						<aligny>center</aligny>
						<font>font18_title</font>
						<textcolor>FFF0F0F0</textcolor>
						<shadowcolor>22000000</shadowcolor>
						<focusedcolor>white</focusedcolor>
						<label>[CAPITALIZE]$ADDON[script.mtvguide 30604][/CAPITALIZE]</label>
						<onleft>1004</onleft>
						<onright>1001</onright>
						<onup>101</onup>
						<texturefocus border="15" colordiffuse="FF12A0C7">../../skin.estouchy/media/dialogs/dialogbutton-focus.png</texturefocus>
						<texturenofocus border="15" colordiffuse="5F000000">../../skin.estouchy/media/dialogs/dialogbutton-nofocus.png</texturenofocus>
					</control>
					<control type="button" id="1003">
						<description>Save</description>
						<posx>500</posx>
						<posy>910</posy>
						<width>225</width>
						<height>70</height>
						<align>center</align>
						<aligny>center</aligny>
						<font>font18_title</font>
						<textcolor>FFF0F0F0</textcolor>
						<shadowcolor>22000000</shadowcolor>
						<focusedcolor>white</focusedcolor>
						<label>[CAPITALIZE]$ADDON[script.mtvguide 30605][/CAPITALIZE]</label>
						<onleft>1001</onleft>
						<onright>1004</onright>
						<onup>101</onup>
						<texturefocus border="15" colordiffuse="FF12A0C7">../../skin.estouchy/media/dialogs/dialogbutton-focus.png</texturefocus>
						<texturenofocus border="15" colordiffuse="5F000000">../../skin.estouchy/media/dialogs/dialogbutton-nofocus.png</texturenofocus>
					</control>
					<control type="button" id="1004">
						<description>Cancel</description>
						<posx>731</posx>
						<posy>910</posy>
						<width>225</width>
						<height>70</height>
						<align>center</align>
						<aligny>center</aligny>
						<font>font18_title</font>
						<textcolor>FFF0F0F0</textcolor>
						<shadowcolor>22000000</shadowcolor>
						<focusedcolor>white</focusedcolor>
						<label>[CAPITALIZE]$ADDON[script.mtvguide 30606][/CAPITALIZE]</label>
						<onleft>1003</onleft>
						<onright>1002</onright>
						<onup>101</onup>		
						<texturefocus border="15" colordiffuse="FF12A0C7">../../skin.estouchy/media/dialogs/dialogbutton-focus.png</texturefocus>
						<texturenofocus border="15" colordiffuse="5F000000">../../skin.estouchy/media/dialogs/dialogbutton-nofocus.png</texturenofocus>
					</control>
				</control>
				<control type="textbox" id="1005">
					<posx>490</posx>
					<posy>252</posy>
					<width>980</width>
					<height>150</height>
					<wrapmultiline>true</wrapmultiline>
				</control>
				<control type="button" id="1001">
					<description>Browse</description>
					<posx>1193</posx>
					<posy>910</posy>
					<width>225</width>
					<height>70</height>
					<label>[CAPITALIZE]$ADDON[script.mtvguide 30610][/CAPITALIZE]</label>
					<align>center</align>
					<aligny>center</aligny>
					<font>font18_title</font>
					<textcolor>FFF0F0F0</textcolor>
					<shadowcolor>22000000</shadowcolor>
					<focusedcolor>white</focusedcolor>
					<onleft>1002</onleft>
					<onright>1003</onright>
					<onup>101</onup>
					<texturefocus border="15" colordiffuse="FF12A0C7">../../skin.estouchy/media/dialogs/dialogbutton-focus.png</texturefocus>
					<texturenofocus border="15" colordiffuse="5F000000">../../skin.estouchy/media/dialogs/dialogbutton-nofocus.png</texturenofocus>
				</control>
			</control>
			<control type="group" id="2000">
				<visible>String.IsEqual(Control.GetLabel(100),favourites)</visible>
				<control type="textbox">
					<posx>490</posx>
					<posy>265</posy>
					<width>980</width>
					<height>150</height>
					<label>$ADDON[script.mtvguide 30620]</label>
					<font>font28</font>
					<align>center</align>
					<textcolor>FFF0F0F0</textcolor>
					<wrapmultiline>true</wrapmultiline>
				</control>
				
				<control type="list" id="2001">
					<posx>398</posx>
					<posy>400</posy>
					<width>1125</width>
					<height>400</height>
					<viewtype label="list">list</viewtype>
					<orientation>vertical</orientation>
					<focusposition>7</focusposition>
					<onup>102</onup>
					<ondown>2003</ondown>

					<itemlayout width="1125" height="80">
						<control type="image">
							<posx>0</posx>
							<posy>0</posy>
							<width>1125</width>
							<height>80</height>
							<texture colordiffuse="0F000000" border="5">../../skin.estouchy/media/osd/white.png</texture>
						</control>
						<control type="label">
							<posx>75</posx>
							<posy>0</posy>
							<width>1125</width>
							<height>80</height>
							<aligny>center</aligny>
							<align>left</align>
							<font>font28</font>
							<textcolor>FFF0F0F0</textcolor>
							<shadowcolor>22000000</shadowcolor>
							<info>ListItem.Label</info>
						</control>
					</itemlayout>
					<focusedlayout width="1125" height="80">
						<control type="image">
							<posx>0</posx>
							<posy>0</posy>
							<width>1125</width>
							<height>80</height>
							<texture colordiffuse="ff1b6b86" border="5">../../skin.estouchy/media/osd/white.png</texture>
							<visible>!Control.HasFocus(3002)</visible>
						</control>
						<control type="image">
							<posx>0</posx>
							<posy>0</posy>
							<width>1125</width>
							<height>80</height>
							<texture colordiffuse="ff1b6b86" border="5">../../skin.estouchy/media/osd/white.png</texture>
							<visible>Control.HasFocus(3002)</visible>
						</control>
						<control type="label">
							<posx>75</posx>
							<posy>0</posy>
							<width>1125</width>
							<height>80</height>
							<aligny>center</aligny>
							<align>left</align>
							<font>font28</font>
							<textcolor>FFF0F0F0</textcolor>
							<shadowcolor>22000000</shadowcolor>
							<info>ListItem.Label</info>
						</control>
						<control type="image">
							<posx>30</posx>
							<posy>34</posy>
							<width>20</width>
							<height>20</height>
							<texture>tvguide-bullet.png</texture>
						</control>
					</focusedlayout>
				</control>
				
				<control type="group">
					<control type="button" id="2002">
						<description>Preview</description>
						<posx>1078</posx>
						<posy>910</posy>
						<width>225</width>
						<height>70</height>
						<align>center</align>
						<aligny>center</aligny>
						<font>font18_title</font>
						<textcolor>FFF0F0F0</textcolor>
						<shadowcolor>22000000</shadowcolor>
						<focusedcolor>white</focusedcolor>
						<label>[CAPITALIZE]$ADDON[script.mtvguide 30604][/CAPITALIZE]</label>
						<onleft>2004</onleft>
						<onright>2003</onright>
						<onup>2001</onup>
						<texturefocus border="15" colordiffuse="FF12A0C7">../../skin.estouchy/media/dialogs/dialogbutton-focus.png</texturefocus>
						<texturenofocus border="15" colordiffuse="5F000000">../../skin.estouchy/media/dialogs/dialogbutton-nofocus.png</texturenofocus>
					</control>
					<control type="button" id="2003">
						<description>Save</description>
						<posx>616</posx>
						<posy>910</posy>
						<width>225</width>
						<height>70</height>
						<align>center</align>
						<aligny>center</aligny>
						<font>font18_title</font>
						<textcolor>FFF0F0F0</textcolor>
						<shadowcolor>22000000</shadowcolor>
						<focusedcolor>white</focusedcolor>
						<label>[CAPITALIZE]$ADDON[script.mtvguide 30605][/CAPITALIZE]</label>
						<onleft>2002</onleft>
						<onright>2004</onright>
						<onup>2001</onup>
						<texturefocus border="15" colordiffuse="FF12A0C7">../../skin.estouchy/media/dialogs/dialogbutton-focus.png</texturefocus>
						<texturenofocus border="15" colordiffuse="5F000000">../../skin.estouchy/media/dialogs/dialogbutton-nofocus.png</texturenofocus>
					</control>
					<control type="button" id="2004">
						<description>Cancel</description>
						<posx>847</posx>
						<posy>910</posy>
						<width>225</width>
						<height>70</height>
						<align>center</align>
						<aligny>center</aligny>
						<font>font18_title</font>
						<textcolor>FFF0F0F0</textcolor>
						<shadowcolor>22000000</shadowcolor>
						<focusedcolor>white</focusedcolor>
						<label>[CAPITALIZE]$ADDON[script.mtvguide 30606][/CAPITALIZE]</label>
						<onleft>2003</onleft>
						<onright>2002</onright>
						<onup>2001</onup>
						<texturefocus border="15" colordiffuse="FF12A0C7">../../skin.estouchy/media/dialogs/dialogbutton-focus.png</texturefocus>
						<texturenofocus border="15" colordiffuse="5F000000">../../skin.estouchy/media/dialogs/dialogbutton-nofocus.png</texturenofocus>
					</control>
				</control>
			</control>
			<control type="group" id="3000">
				<width>1920</width>
				<height>1080</height>
				<visible>String.IsEqual(Control.GetLabel(100),addons)</visible>
				
				<control type="image">
					<posx>846</posx>
					<posy>306</posy>
					<width>12</width>
					<height>40</height>
					<texture colordiffuse="white">../../skin.estouchy/media/tvguide-channel-leftarrow.png</texture>
				</control>
				
				<control type="image">
					<posx>990</posx>
					<posy>306</posy>
					<width>12</width>
					<height>40</height>
					<texture colordiffuse="white" flipx="true">../../skin.estouchy/media/tvguide-channel-leftarrow.png</texture>
				</control>

				<control type="wraplist" id="3001">
					<posx>858</posx>
					<posy>258</posy>
					<width>132</width>
					<height>132</height>
					<viewtype label="list">list</viewtype>
					<orientation>horizontal</orientation>
					<focusposition>0</focusposition>
					<onup>103</onup>
					<ondown>3002</ondown>

					<itemlayout width="132" height="132">
						<control type="image">
							<posx>0</posx>
							<posy>0</posy>
							<width>132</width>
							<height>132</height>
							<texture colordiffuse="1F000000">../../skin.estouchy/media/osd/white.png</texture>
						</control>
						<control type="image">
							<posx>17</posx>
							<posy>17</posy>
							<width>100</width>
							<height>100</height>
							<info>ListItem.Icon</info>
						</control>
					</itemlayout>
					<focusedlayout width="132" height="132">
						<control type="image">
							<posx>0</posx>
							<posy>0</posy>
							<width>132</width>
							<height>132</height>
							<texture colordiffuse="00FFFFFF">../../skin.estouchy/media/osd/white.png</texture>
							<visible>!Control.HasFocus(3001)</visible>
						</control>
						<control type="image">
							<posx>0</posx>
							<posy>0</posy>
							<width>132</width>
							<height>132</height>
							<texture colordiffuse="FF009FC9">../../skin.estouchy/media/addon-focus.png</texture>
							<visible>Control.HasFocus(3001)</visible>
						</control>
						<control type="image">
							<posx>17</posx>
							<posy>17</posy>
							<width>100</width>
							<height>100</height>
							<info>ListItem.Icon</info>
						</control>
					</focusedlayout>
				</control>
				<control type="label" id="3003">
					<posx>550</posx>
					<posy>265</posy>
					<width>980</width>
					<height>150</height>
					<align>left</align>
					<font>font28</font>
					<textcolor>FFF0F0F0</textcolor>
					<shadowcolor>22000000</shadowcolor>
					<focusedcolor>white</focusedcolor>
				</control>
				<control type="textbox" id="3004">
					<posx>490</posx>
					<posy>265</posy>
					<width>980</width>
					<height>150</height>
					<font>font28</font>
					<align>center</align>
					<textcolor>FFF0F0F0</textcolor>
					<shadowcolor>22000000</shadowcolor>
					<wrapmultiline>true</wrapmultiline>
					<autoscroll time="3600" delay="6000" repeat="6000">true</autoscroll>
					<visible>hidden</visible>
				</control>
	
				<control type="list" id="3002">
					<posx>398</posx>
					<posy>400</posy>
					<width>1125</width>
					<height>400</height>
					<viewtype label="list">list</viewtype>
					<orientation>vertical</orientation>
					<focusposition>7</focusposition>
					<onup>3001</onup>
					<ondown>3006</ondown>
					<onleft>3001</onleft>
					<onright>3006</onright>

					<itemlayout width="1125" height="80">
						<control type="image">
							<posx>0</posx>
							<posy>0</posy>
							<width>1125</width>
							<height>80</height>
							<texture colordiffuse="0F000000" border="5">../../skin.estouchy/media/osd/white.png</texture>
						</control>
						<control type="label">
							<posx>75</posx>
							<posy>0</posy>
							<width>1125</width>
							<height>80</height>
							<aligny>center</aligny>
							<font>font28</font>
							<textcolor>FFF0F0F0</textcolor>
							<shadowcolor>22000000</shadowcolor>
							<info>ListItem.Label</info>
						</control>
					</itemlayout>
					<focusedlayout width="1125" height="80">
						<control type="image">
							<posx>0</posx>
							<posy>0</posy>
							<width>1125</width>
							<height>80</height>
							<texture colordiffuse="ff1b6b86" border="5">../../skin.estouchy/media/osd/white.png</texture>
							<visible>!Control.HasFocus(3002)</visible>
						</control>
						<control type="image">
							<posx>0</posx>
							<posy>0</posy>
							<width>1125</width>
							<height>80</height>
							<texture colordiffuse="ff1b6b86" border="5">../../skin.estouchy/media/osd/white.png</texture>
							<visible>Control.HasFocus(3002)</visible>
						</control>
						<control type="label">
							<posx>75</posx>
							<posy>0</posy>
							<width>1125</width>
							<height>80</height>
							<aligny>center</aligny>
							<font>font28</font>
							<textcolor>FFF0F0F0</textcolor>
							<shadowcolor>22000000</shadowcolor>
							<info>ListItem.Label</info>
						</control>
						<control type="image">
							<posx>30</posx>
							<posy>34</posy>
							<width>20</width>
							<height>20</height>
							<texture>tvguide-bullet.png</texture>
						</control>
					</focusedlayout>
				</control>
				<control type="group">
					<control type="button" id="3005">
						<description>Preview</description>
						<posx>1078</posx>
						<posy>910</posy>
						<width>225</width>
						<height>70</height>
						<align>center</align>
						<aligny>center</aligny>
						<font>font18_title</font>
						<textcolor>FFF0F0F0</textcolor>
						<shadowcolor>22000000</shadowcolor>
						<focusedcolor>white</focusedcolor>
						<label>[CAPITALIZE]$ADDON[script.mtvguide 30604][/CAPITALIZE]</label>
						<onleft>3007</onleft>
						<onright>3006</onright>
						<onup>3002</onup>
						<texturefocus border="15" colordiffuse="FF12A0C7">../../skin.estouchy/media/dialogs/dialogbutton-focus.png</texturefocus>
						<texturenofocus border="15" colordiffuse="5F000000">../../skin.estouchy/media/dialogs/dialogbutton-nofocus.png</texturenofocus>
					</control>
					<control type="button" id="3006">
						<description>Save</description>
						<posx>616</posx>
						<posy>910</posy>
						<width>225</width>
						<height>70</height>
						<align>center</align>
						<aligny>center</aligny>
						<font>font18_title</font>
						<textcolor>FFF0F0F0</textcolor>
						<shadowcolor>22000000</shadowcolor>
						<focusedcolor>white</focusedcolor>
						<label>[CAPITALIZE]$ADDON[script.mtvguide 30605][/CAPITALIZE]</label>
						<onleft>3005</onleft>
						<onright>3007</onright>
						<onup>3002</onup>
						<texturefocus border="15" colordiffuse="FF12A0C7">../../skin.estouchy/media/dialogs/dialogbutton-focus.png</texturefocus>
						<texturenofocus border="15" colordiffuse="5F000000">../../skin.estouchy/media/dialogs/dialogbutton-nofocus.png</texturenofocus>
					</control>
					<control type="button" id="3007">
						<description>Cancel</description>
						<posx>847</posx>
						<posy>910</posy>
						<width>225</width>
						<height>70</height>
						<align>center</align>
						<aligny>center</aligny>
						<font>font18_title</font>
						<textcolor>FFF0F0F0</textcolor>
						<shadowcolor>22000000</shadowcolor>
						<focusedcolor>white</focusedcolor>
						<label>[CAPITALIZE]$ADDON[script.mtvguide 30606][/CAPITALIZE]</label>
						<onleft>3006</onleft>
						<onright>3005</onright>
						<onup>3002</onup>
						<texturefocus border="15" colordiffuse="FF12A0C7">../../skin.estouchy/media/dialogs/dialogbutton-focus.png</texturefocus>
						<texturenofocus border="15" colordiffuse="5F000000">../../skin.estouchy/media/dialogs/dialogbutton-nofocus.png</texturenofocus>
					</control>
				</control>
			</control>
				
				<control type="group" id="4000">
					<top>0</top>
					<width>1920</width>
					<height>1080</height>
					<visible>String.IsEqual(Control.GetLabel(100),browse)</visible>
					
					<control type="image">
						<posx>846</posx>
						<posy>306</posy>
						<width>12</width>
						<height>40</height>
						<texture colordiffuse="white">../../skin.estouchy/media/tvguide-channel-leftarrow.png</texture>
					</control>
					
					<control type="image">
						<posx>990</posx>
						<posy>306</posy>
						<width>12</width>
						<height>40</height>
						<texture colordiffuse="white" flipx="true">../../skin.estouchy/media/tvguide-channel-leftarrow.png</texture>
					</control>
					
					<control type="wraplist" id="4001">
						<posx>858</posx>
						<posy>258</posy>
						<width>132</width>
						<height>132</height>
						<viewtype label="list">list</viewtype>
						<orientation>horizontal</orientation>
						<focusposition>0</focusposition>
						<onup>104</onup>
						<ondown>4002</ondown>

						<itemlayout width="132" height="132">
							<control type="image">
								<posx>0</posx>
								<posy>0</posy>
								<width>132</width>
								<height>132</height>
								<texture colordiffuse="1F000000">../../skin.estouchy/media/osd/white.png</texture>
							</control>
							<control type="image">
								<posx>17</posx>
								<posy>17</posy>
								<width>100</width>
								<height>100</height>
								<info>ListItem.Icon</info>
							</control>
						</itemlayout>
						<focusedlayout width="132" height="132">
							<control type="image">
								<posx>0</posx>
								<posy>0</posy>
								<width>132</width>
								<height>132</height>
								<texture colordiffuse="00FFFFFF">../../skin.estouchy/media/osd/white.png</texture>
								<visible>!Control.HasFocus(4001)</visible>
							</control>
							<control type="image">
								<posx>0</posx>
								<posy>0</posy>
								<width>132</width>
								<height>132</height>
								<texture colordiffuse="FF009FC9">../../skin.estouchy/media/addon-focus.png</texture>
								<visible>Control.HasFocus(4001)</visible>
							</control>
							<control type="image">
								<posx>17</posx>
								<posy>17</posy>
								<width>100</width>
								<height>100</height>
								<info>ListItem.Icon</info>
							</control>
						</focusedlayout>
					</control>
					
					<control type="list" id="4002">
						<posx>398</posx>
						<posy>400</posy>
						<width>1125</width>
						<height>400</height>
						<viewtype label="list">list</viewtype>
						<orientation>vertical</orientation>
						<focusposition>7</focusposition>
						<onup>4001</onup>
						<ondown>4006</ondown>
						<onleft>4001</onleft>
						<onright>4006</onright>

						<itemlayout width="1125" height="80">
							<control type="image">
								<posx>0</posx>
								<posy>0</posy>
								<width>1125</width>
								<height>80</height>
								<texture colordiffuse="0F000000" border="5">../../skin.estouchy/media/osd/white.png</texture>
							</control>
							<control type="label">
								<posx>75</posx>
								<posy>0</posy>
								<width>1125</width>
								<height>80</height>
								<aligny>center</aligny>
								<font>font28</font>
								<textcolor>FFF0F0F0</textcolor>
								<shadowcolor>22000000</shadowcolor>
								<info>ListItem.Label</info>
							</control>
						</itemlayout>
						<focusedlayout width="1125" height="80">
							<control type="image">
								<posx>0</posx>
								<posy>0</posy>
								<width>1125</width>
								<height>80</height>
								<texture colordiffuse="ff1b6b86" border="5">../../skin.estouchy/media/osd/white.png</texture>
								<visible>!Control.HasFocus(4002)</visible>
							</control>
							<control type="image">
								<posx>0</posx>
								<posy>0</posy>
								<width>1125</width>
								<height>80</height>
								<texture colordiffuse="ff1b6b86" border="5">../../skin.estouchy/media/osd/white.png</texture>
								<visible>Control.HasFocus(4002)</visible>
							</control>
							<control type="label">
								<posx>75</posx>
								<posy>0</posy>
								<width>1125</width>
								<height>80</height>
								<aligny>center</aligny>
								<font>font28</font>
								<textcolor>FFF0F0F0</textcolor>
								<shadowcolor>22000000</shadowcolor>
								<info>ListItem.Label</info>
							</control>
							<control type="image">
								<posx>30</posx>
								<posy>34</posy>
								<width>20</width>
								<height>20</height>
								<texture>tvguide-bullet.png</texture>
								<visible>ListItem.isPlayable</visible>
							</control>
						</focusedlayout>
					</control>
					
					<control type="label" id="4003">
						<posx>550</posx>
						<posy>265</posy>
						<width>980</width>
						<height>150</height>
						<align>left</align>
						<font>font28</font>
						<textcolor>FFF0F0F0</textcolor>
						<shadowcolor>22000000</shadowcolor>
						<focusedcolor>white</focusedcolor>
					</control>
					<control type="textbox" id="4004">
						<posx>490</posx>
						<posy>265</posy>
						<width>980</width>
						<height>150</height>
						<label>$LOCALIZE[24076].</label>
						<font>font28</font>
						<align>center</align>
						<textcolor>FFF0F0F0</textcolor>
						<shadowcolor>22000000</shadowcolor>
						<wrapmultiline>true</wrapmultiline>
						<autoscroll time="3600" delay="6000" repeat="6000">true</autoscroll>
						<visible>hidden</visible>
					</control>
			
					<control type="group">
						<control type="button" id="4005">
							<description>Preview</description>
							<posx>1078</posx>
							<posy>910</posy>
							<width>225</width>
							<height>70</height>
							<align>center</align>
							<aligny>center</aligny>
							<font>font18_title</font>
							<textcolor>FFF0F0F0</textcolor>
							<shadowcolor>22000000</shadowcolor>
							<focusedcolor>white</focusedcolor>
							<label>[CAPITALIZE]$ADDON[script.mtvguide 30604][/CAPITALIZE]</label>
							<onright>4006</onright>
							<onleft>4007</onleft>
							<onup>4002</onup>
							<texturefocus border="15" colordiffuse="FF12A0C7">../../skin.estouchy/media/dialogs/dialogbutton-focus.png</texturefocus>
							<texturenofocus border="15" colordiffuse="5F000000">../../skin.estouchy/media/dialogs/dialogbutton-nofocus.png</texturenofocus>
						</control>
						<control type="button" id="4006">
							<description>Save</description>
							<posx>616</posx>
							<posy>910</posy>
							<width>225</width>
							<height>70</height>
							<align>center</align>
							<aligny>center</aligny>
							<font>font18_title</font>
							<textcolor>FFF0F0F0</textcolor>
							<shadowcolor>22000000</shadowcolor>
							<focusedcolor>white</focusedcolor>
							<label>[CAPITALIZE]$ADDON[script.mtvguide 30605][/CAPITALIZE]</label>
							<onright>4007</onright>
							<onleft>4005</onleft>
							<onup>4002</onup>
							<texturefocus border="15" colordiffuse="FF12A0C7">../../skin.estouchy/media/dialogs/dialogbutton-focus.png</texturefocus>
							<texturenofocus border="15" colordiffuse="5F000000">../../skin.estouchy/media/dialogs/dialogbutton-nofocus.png</texturenofocus>
						</control>
						<control type="button" id="4007">
							<description>Cancel</description>
							<posx>847</posx>
							<posy>910</posy>
							<width>225</width>
							<height>70</height>
							<align>center</align>
							<aligny>center</aligny>
							<font>font18_title</font>
							<textcolor>FFF0F0F0</textcolor>
							<shadowcolor>22000000</shadowcolor>
							<focusedcolor>white</focusedcolor>
							<label>[CAPITALIZE]$ADDON[script.mtvguide 30606][/CAPITALIZE]</label>
							<onleft>4006</onleft>
							<onright>4005</onright>
							<onup>4002</onup>
							<texturefocus border="15" colordiffuse="FF12A0C7">../../skin.estouchy/media/dialogs/dialogbutton-focus.png</texturefocus>
							<texturenofocus border="15" colordiffuse="5F000000">../../skin.estouchy/media/dialogs/dialogbutton-nofocus.png</texturenofocus>
						</control>
					</control>
			</control>
			<control type="group" id="8000">
				<top>0</top>
				<width>1920</width>
				<height>1080</height>
				<visible>String.IsEqual(Control.GetLabel(100),playlist)</visible>
				<control type="textbox">
					<posx>490</posx>
					<posy>265</posy>
					<width>980</width>
					<height>150</height>
					<font>font28</font>
					<textcolor>FFF0F0F0</textcolor>
					<shadowcolor>22000000</shadowcolor>
					<align>center</align>
					<aligny>center</aligny>
					<label>$ADDON[script.mtvguide 30612]</label>
				</control>
				
				<control type="list" id="8002">
					<posx>398</posx>
					<posy>400</posy>
					<width>1125</width>
					<height>400</height>
					<viewtype label="list">list</viewtype>
					<orientation>vertical</orientation>
					<focusposition>7</focusposition>
					<onup>108</onup>
					<ondown>8006</ondown>
					<onright>8006</onright>

					<itemlayout width="1125" height="80">
						<control type="image">
							<posx>0</posx>
							<posy>0</posy>
							<width>1125</width>
							<height>80</height>
							<texture colordiffuse="0F000000" border="5">../../skin.estouchy/media/osd/white.png</texture>
						</control>
						<control type="label">
							<posx>75</posx>
							<posy>0</posy>
							<width>1125</width>
							<height>80</height>
							<aligny>center</aligny>
							<align>left</align>
							<font>font28</font>
							<textcolor>FFF0F0F0</textcolor>
							<shadowcolor>22000000</shadowcolor>
							<info>ListItem.Label</info>
						</control>
					</itemlayout>
					<focusedlayout width="1125" height="80">
						<control type="image">
							<posx>0</posx>
							<posy>0</posy>
							<width>1125</width>
							<height>80</height>
							<texture colordiffuse="ff1b6b86" border="5">../../skin.estouchy/media/osd/white.png</texture>
							<visible>!Control.HasFocus(8001)</visible>
						</control>
						<control type="image">
							<posx>0</posx>
							<posy>0</posy>
							<width>1125</width>
							<height>80</height>
							<texture colordiffuse="ff1b6b86" border="5">../../skin.estouchy/media/osd/white.png</texture>
							<visible>Control.HasFocus(8001)</visible>
						</control>
						<control type="label">
							<posx>75</posx>
							<posy>0</posy>
							<width>1125</width>
							<height>80</height>
							<aligny>center</aligny>
							<align>left</align>
							<font>font28</font>
							<textcolor>FFF0F0F0</textcolor>
							<shadowcolor>22000000</shadowcolor>
							<info>ListItem.Label</info>
						</control>
						<control type="image">
							<posx>30</posx>
							<posy>34</posy>
							<width>20</width>
							<height>20</height>
							<texture>tvguide-bullet.png</texture>
						</control>
					</focusedlayout>
				</control>
				
				<control type="group">
					<control type="button" id="8005">
						<description>Preview</description>
						<posx>1078</posx>
						<posy>910</posy>
						<width>225</width>
						<height>70</height>
						<align>center</align>
						<aligny>center</aligny>
						<font>font18_title</font>
						<textcolor>FFF0F0F0</textcolor>
						<shadowcolor>22000000</shadowcolor>
						<focusedcolor>white</focusedcolor>
						<label>[CAPITALIZE]$ADDON[script.mtvguide 30604][/CAPITALIZE]</label>
						<onleft>8007</onleft>
						<onright>8006</onright>
						<onup>8002</onup>
						<texturefocus border="15" colordiffuse="FF12A0C7">../../skin.estouchy/media/dialogs/dialogbutton-focus.png</texturefocus>
						<texturenofocus border="15" colordiffuse="5F000000">../../skin.estouchy/media/dialogs/dialogbutton-nofocus.png</texturenofocus>
					</control>
					<control type="button" id="8006">
						<description>Save</description>
						<posx>616</posx>
						<posy>910</posy>
						<width>225</width>
						<height>70</height>
						<align>center</align>
						<aligny>center</aligny>
						<font>font18_title</font>
						<textcolor>FFF0F0F0</textcolor>
						<shadowcolor>22000000</shadowcolor>
						<focusedcolor>white</focusedcolor>
						<label>[CAPITALIZE]$ADDON[script.mtvguide 30605][/CAPITALIZE]</label>
						<onleft>8005</onleft>
						<onright>8007</onright>
						<onup>8002</onup>
						<texturefocus border="15" colordiffuse="FF12A0C7">../../skin.estouchy/media/dialogs/dialogbutton-focus.png</texturefocus>
						<texturenofocus border="15" colordiffuse="5F000000">../../skin.estouchy/media/dialogs/dialogbutton-nofocus.png</texturenofocus>
					</control>
					<control type="button" id="8007">
						<description>Cancel</description>
						<posx>847</posx>
						<posy>910</posy>
						<width>225</width>
						<height>70</height>
						<align>center</align>
						<aligny>center</aligny>
						<font>font18_title</font>
						<textcolor>FFF0F0F0</textcolor>
						<shadowcolor>22000000</shadowcolor>
						<focusedcolor>white</focusedcolor>
						<label>[CAPITALIZE]$ADDON[script.mtvguide 30606][/CAPITALIZE]</label>
						<onleft>8006</onleft>
						<onright>8005</onright>
						<onup>8002</onup>
						<texturefocus border="15" colordiffuse="FF12A0C7">../../skin.estouchy/media/dialogs/dialogbutton-focus.png</texturefocus>
						<texturenofocus border="15" colordiffuse="5F000000">../../skin.estouchy/media/dialogs/dialogbutton-nofocus.png</texturenofocus>
					</control>
				</control>
			</control>
		</control>
	</controls>
</window>