<?xml version="1.0" encoding="utf-8"?>
<window type="dialog">
    <allowoverlay>no</allowoverlay>
    <defaultcontrol always="false">1000</defaultcontrol>
    <coordinates>
        <system>1</system><posx>0</posx><posy>0</posy>
    </coordinates>
    <controls>

        <!-- Background -->
		<control type="image" id="4600">
			<posx>0</posx>
			<posy>0</posy>
			<width>1920</width>
			<height>1080</height>
			<aspectratio>scale</aspectratio>
			<texture fallback="tvguide-background-default.jpg" colordiffuse="">$INFO[Skin.String(CustomDefaultBackground.path)]</texture>
			<aspectratio>scale</aspectratio>
			<!--<colordiffuse>FF000000</colordiffuse>-->
		</control>
		
		<!-- Video Background -->
		<control type="videowindow">
			<posx>0</posx>
			<posy>0</posy>
			<width>1920</width>
			<height>1080</height>
			<animation type="Conditional" condition="!Control.IsVisible(5000)">
			</animation>
			<visible>Player.HasVideo</visible>
		</control>
		
		 <!--Vignette-->
		<control type="image">
			<left>0</left>
			<top>40</top>
			<width>696</width>
			<height>914</height>
			<texture border="1">dialogs/vignette.png</texture>
			<animation type="WindowOpen">
				<effect type="slide" tween="cubic" time="720" start="0,1080" end="0,0" />
			</animation>
			<animation type="WindowClose">
				<effect type="slide" tween="cubic" time="720" end="0,1080" start="0,0" />
			</animation>
		</control>
		
		<control type="image">
			<left>696r</left>
			<top>40</top>
			<width>696</width>
			<height>914</height>
			<texture flipx="true" border="1">dialogs/vignette.png</texture>
			<animation type="WindowOpen">
				<effect type="slide" tween="cubic" time="720" start="0,1080" end="0,0" />
			</animation>
			<animation type="WindowClose">
				<effect type="slide" tween="cubic" time="720" end="0,1080" start="0,0" />
			</animation>
		</control>
		
		<!--<control type="image">
			<left>0</left>
			<top>480</top>
			<width>1920</width>
			<height>680</height>
			<texture>dialogs/floor.png</texture>
			<animation type="WindowOpen">
				<effect type="slide" tween="cubic" time="720" start="0,1080" end="0,0" />
			</animation>
			<animation type="WindowClose">
				<effect type="slide" tween="cubic" time="720" end="0,1080" start="0,0" />
			</animation>
		</control>-->
		
		<control type="image">
			<left>50</left>
			<top>127</top>
			<width>1820</width>
			<height>904</height>
			<texture border="40">dialogs/listpanel_back.png</texture>
			<animation type="WindowOpen">
				<effect type="slide" tween="cubic" time="720" start="0,1080" end="0,0" />
			</animation>
			<animation type="WindowClose">
				<effect type="slide" tween="cubic" time="720" end="0,1080" start="0,0" />
			</animation>
		</control>
		
		<!-- InfoBar -->
		<control type="image">
			<left>0</left>
			<top>0</top>
			<width>1920</width>
			<height>87</height>
			<texture colordiffuse="FF000000" >submenu_bar.png</texture>
			<!--<animation type="WindowOpen">
				<effect type="slide" start="0,-100" end="0,0" time="200" delay="1000" />
			</animation>
			<animation type="WindowClose">
				<effect type="slide" end="0,-100" start="0,0" time="200" delay="200" />
			</animation>-->
			<visible>!Control.IsVisible(5000)</visible>
			</control>
				
		<!-- Menu -->
		<control type="label">
			<left>1305</left>
			<top>-2</top>
			<width min="20" max="600">auto</width>
			<height>41</height>
			<font>font13_title</font>
			<align>right</align>
			<textcolor>FF606060</textcolor>
			<label>[COLOR AAFFFFFF]$INFO[System.Date][/COLOR] | [UPPERCASE]$INFO[System.Time][/UPPERCASE]</label>
			<!--<animation type="WindowOpen">
				<effect type="slide" start="0,-100" end="0,0" time="200" delay="1000" />
			</animation>
			<animation type="WindowClose">
				<effect type="slide" end="0,-100" start="0,0" time="200" delay="200" />
			</animation>-->
			<visible>!Control.IsVisible(5000)</visible>
		</control>
		


		
		 <!--Upper menu-->
		<control type="group">
			<posx>0</posx>
			<posy>0</posy>
			<width>1920</width>
			<height>1080</height>
			<animation type="WindowOpen">
				<effect type="slide" start="0,-100" end="0,0" time="200" delay="1000" />
			</animation>
			<animation type="WindowClose">
				<effect type="slide" end="0,-100" start="0,0" time="200" delay="200" />
			</animation>
			
		<control type="label" id="1001">
			<visible>hidden</visible>
		</control>
		
		<control type="button" id="4301">
			<left>-27</left>
			<top>3</top>
			<texturenofocus colordiffuse="FFBDBDBD">mediamenu_indicator.png</texturenofocus>
			<texturefocus colordiffuse="FFFFFFFF">mediamenu_indicator.png</texturefocus>
			<height>32</height>
			<width>60</width>
			<align>left</align>
			<aligny>center</aligny>
			<textoffsety>3</textoffsety>
			<font>font13</font>
			<FF000000color>FF000000</FF000000color>
			<onclick>Action(ContextMenu)</onclick>
			<label>[UPPERCASE]$LOCALIZE[19020] $LOCALIZE[19069][/UPPERCASE]</label>
			<textoffsetx>57</textoffsetx>
			<textwidth>600</textwidth>
			<wrapmultiline>false</wrapmultiline>
			<textcolor>AAFFFFFF</textcolor>
			<focusedcolor>AAFFFFFF</focusedcolor>
			<disabledcolor>80FFFFFF</disabledcolor>
			<FFFF0000color>80FFFFFF</FFFF0000color>
		</control>
	</control>


		 <!--Date and time row-->
		<control type="group">
			<posx>0</posx>
			<posy>0</posy>
			<width>1920</width>
			<height>1080</height>
		
		<control type="label">
			<left>0</left>
			<width>1920</width>
			<height>90</height>
			<font>font13_title</font>
			<textoffsetx>15</textoffsetx>
			<textcolor>FF606060</textcolor>
			<align>center</align>
			<aligny>top</aligny>
			<textoffsety>-2</textoffsety>
			<label>[COLOR AAFFFFFF]$ADDON[script.mtvguide 30309][/COLOR] | MODS-KODI</label>
			<animation type="WindowOpen">
				<effect type="slide" start="0,-100" end="0,0" time="200" delay="1000" />
			</animation>
			<animation type="WindowClose">
				<effect type="slide" end="0,-100" start="0,0" time="200" delay="200" />
			</animation>
		</control>
		
		<control type="label">
			<description>Date label</description>
			<right>425</right>
			<top>162</top>
			<width>auto</width>
			<height>41</height>
			<label>$INFO[System.Date]</label>
			<font>font13</font>
			<textcolor>FF6DB9E5</textcolor>
			<align>right</align>
			<animation type="WindowOpen">
				<effect type="slide" tween="cubic" time="720" start="0,1080" end="0,0" />
			</animation>
			<animation type="WindowClose">
				<effect type="slide" tween="cubic" time="720" end="0,1080" start="0,0" />
			</animation>
			</control>
		</control>
		
		<control type="image">
			<description>Separator</description>
			<posx>80</posx>
			<posy>148</posy>
			<width>1760</width>
			<height>60</height>
			<texture>dialogs/separator2.png</texture>
			<animation type="WindowOpen">
				<effect type="slide" tween="cubic" time="720" start="0,1080" end="0,0" />
			</animation>
			<animation type="WindowClose">
				<effect type="slide" tween="cubic" time="720" end="0,1080" start="0,0" />
			</animation>
		</control>

        <control type="group">
            <description>Program List</description>
            <visible>true</visible>
				<animation type="WindowOpen">
					<effect type="slide" tween="cubic" time="720" start="0,1080" end="0,0" />
				</animation>
				<animation type="WindowClose">
					<effect type="slide" tween="cubic" time="720" end="0,1080" start="0,0" />
				</animation>
            <control type="group">
                <left>0</left>
                <top>0</top>
                <control type="label">
                    <description>Channel label</description>
                    <left>305</left>
					<top>162</top>
					<width>auto</width>
					<height>41</height>
					<textcolor>FF6DB9E5</textcolor>
                    <label>19148</label>
                </control>
                <control type="label">
                    <description>Time label</description>
                    <left>605</left>
                    <top>162</top>
					<width>auto</width>
					<height>41</height>
					<textcolor>FF6DB9E5</textcolor>
                    <label>$ADDON[script.mtvguide 30313]</label>
                </control>
                <control type="label">
                    <description>Length</description>
                    <left>870</left>
                    <top>162</top>
					<width>auto</width>
					<height>41</height>
					<textcolor>FF6DB9E5</textcolor>
                    <label>$ADDON[script.mtvguide 30314]</label>
                </control>
                <control type="label">
                    <description>Title</description>
                    <left>1130</left>
                    <top>162</top>
					<width>auto</width>
					<height>41</height>
					<textcolor>FF6DB9E5</textcolor>
                    <label>369</label>
                </control>

                <control type="list" id="1000">
                    <viewtype label="19030">list</viewtype>
                    <left>80</left>
                    <top>208</top>
                    <width>1920</width>
                    <height>790</height>
                    <onup>1000</onup>
                    <ondown>1000</ondown>
                    <onleft></onleft>
                    <onright></onright>
                    <pagecontrol></pagecontrol>
                    <itemlayout height="70">
                        <control type="image">
                            <left>30</left>
                            <top>5</top>
                            <width>150</width>
                            <height>56</height>
                            <info>ListItem.Icon</info>
                            <aspectratio>keep</aspectratio>
                        </control>
                        <control type="label">
                            <left>225</left>
                            <top>0</top>
                            <width>300</width>
                            <height>60</height>
                            <font>font13</font>
                            <textcolor>white</textcolor>
                            <align>left</align>
                            <aligny>center</aligny>
                            <info>ListItem.Property(ChannelName)</info>
                        </control>
                        <control type="label">
                            <left>525</left>
                            <top>0</top>
                            <width>300</width>
                            <height>60</height>
                            <font>font13</font>
                            <textcolor>dimgrey</textcolor>
                            <align>left</align>
                            <aligny>center</aligny>
                            <info>ListItem.Property(StartTime)</info>
                        </control>
                        <control type="label">
                            <left>745</left>
                            <top>0</top>
                            <width>150</width>
                            <height>60</height>
                            <font>font13</font>
                            <textcolor>white</textcolor>
                            <align>right</align>
                            <aligny>center</aligny>
                            <info>ListItem.Property(Duration)</info>
                        </control>
                        <control type="progress">
                            <left>915</left>
                            <top>30</top>
                            <width>120</width>
                            <height>6</height>
                            <lefttexture />
                            <righttexture />
                            <texturebg>list\tvg-progress-bg.png</texturebg>
                            <midtexture>list\tvg-progress-mid.png</midtexture>
                            <info>ListItem.Property(Completed)</info>
                            <visible>ListItem.Property(Completed)</visible>
                        </control>
                        <control type="label">
                            <left>910</left>
                            <top>0</top>
                            <width>130</width>
                            <height>60</height>
                            <font>font12</font>
                            <textcolor>dimgrey</textcolor>
                            <align>left</align>
                            <aligny>center</aligny>
                            <info>ListItem.Property(When)</info>
                        </control>
                        <control type="label">
                            <description>Program Title</description>
                            <left>1050</left>
                            <top>0</top>
                            <width>650</width>
                            <height>60</height>
                            <font>font13</font>
                            <textcolor>white</textcolor>
                            <align>left</align>
                            <aligny>center</aligny>
                            <info>ListItem.Label</info>
                        </control>
                    </itemlayout>
                    <focusedlayout height="170">
                        <control type="image">
                            <left>0</left>
                            <top>0</top>
                            <width>1920</width>
                            <height>150</height>
                            <texture>tvg-program-focus.png</texture>
                            <visible>hidden</visible>
                        </control>
                        <control type="image">
                            <left>2</left>
                            <top>0</top>
                            <width>1756</width>
                            <height>170</height>
                            <texture colordiffuse="E5000000">list/tvg-back-trans.png</texture>
                            <visible>true</visible>
                        </control>
						<control type="image">
                            <left>2</left>
                            <top>0</top>
                            <width>1756</width>
                            <height>170</height>
                            <texture border="5" colordiffuse="FF6DB9E5">dialogs/listselect_fo.png</texture>
                            <visible>true</visible>
                        </control>
                        <control type="image">
                            <left>2</left>
                            <top>20</top>
                            <width>208</width>
                            <height>117</height>
                            <info>ListItem.Icon</info>
                            <aspectratio>keep</aspectratio>
                        </control>
                        <control type="label">
                            <left>225</left>
                            <top>0</top>
                            <width>300</width>
                            <height>60</height>
                            <font>font13</font>
                            <textcolor>white</textcolor>
                            <align>left</align>
                            <aligny>center</aligny>
                            <info>ListItem.Property(ChannelName)</info>
                        </control>
                        <control type="label">
                            <left>525</left>
                            <top>0</top>
                            <width>300</width>
                            <height>60</height>
                            <font>font13</font>
                            <textcolor>white</textcolor>
                            <align>left</align>
                            <aligny>center</aligny>
                            <info>ListItem.Property(StartTime)</info>
                        </control>
                        <control type="label">
                            <left>745</left>
                            <top>0</top>
                            <width>150</width>
                            <height>60</height>
                            <font>font13</font>
                            <textcolor>white</textcolor>
                            <align>right</align>
                            <aligny>center</aligny>
                            <info>ListItem.Property(Duration)</info>
                        </control>
                        <control type="progress">
                            <left>915</left>
                            <top>30</top>
                            <width>120</width>
                            <height>6</height>
                            <lefttexture />
                            <righttexture />
                            <texturebg>list\tvg-progress-bg.png</texturebg>
                            <midtexture>list\tvg-progress-mid.png</midtexture>
                            <info>ListItem.Property(Completed)</info>
                            <visible>ListItem.Property(Completed)</visible>
                        </control>
                        <control type="label">
                            <left>910</left>
                            <top>0</top>
                            <width>130</width>
                            <height>60</height>
                            <font>font12</font>
                            <textcolor>dimgrey</textcolor>
                            <align>left</align>
                            <aligny>center</aligny>
                            <info>ListItem.Property(When)</info>
                        </control>
                        <control type="image">
                            <left>1500</left>
                            <top>20</top>
                            <width>224</width>
                            <height>126</height>
                            <info>ListItem.Property(ProgramImage)</info>
                            <aspectratio>scale</aspectratio>
                        </control>
                        <control type="label">
                            <description>Program Title</description>
                            <left>1050</left>
                            <top>0</top>
                            <width>395</width>
                            <height>60</height>
                            <font>font13</font>
                            <textcolor>white</textcolor>
                            <align>left</align>
                            <aligny>center</aligny>
                            <info>ListItem.Label</info>
                        </control>
                        <control type="textbox">
                            <description>Plot Value for TVShow</description>
                            <left>225</left>
                            <top>55</top>
                            <width>1190</width>
                            <height>99</height>
                            <font>font12</font>
                            <textcolor>white</textcolor>
                            <align>left</align>
                            <wrapmultiline>true</wrapmultiline>
                            <autoscroll time="3600" delay="6000" repeat="6000">true</autoscroll>
                            <pagecontrol></pagecontrol>
                            <info>ListItem.Property(Plot)</info>
                        </control>
                    </focusedlayout>
                </control>
            </control>
        </control>
    </controls>
</window>