<?xml version="1.0" encoding="utf-8"?>
<window type="dialog">
	<allowoverlay>no</allowoverlay>
	<aspectratio>scale</aspectratio>
	<defaultcontrol always="false">101</defaultcontrol>
	<zorder>1</zorder>
	<coordinates>
		<system>1</system><posx>0</posx><posy>0</posy>
	</coordinates>
		<animation type="WindowOpen" reversible="false">
			<effect type="zoom" start="80" end="100" center="960,540" delay="160" tween="back" time="240" />
			<effect type="fade" delay="160" end="100" time="240" />
		</animation>
		<animation type="WindowClose" reversible="false">
			<effect type="zoom" start="100" end="80" center="960,540" easing="in" tween="back" time="240" />
			<effect type="fade" start="100" end="0" time="240" />
		</animation>
	<controls>
		<control type="group">
			<visible>!Player.HasVideo</visible>
			
			<control type="label" id="100">
				<description>tabs visibility marker</description>
				<visible>hidden</visible>
			</control>
			
			<control type="image">
				<description>Background image</description>
				<left>122</left>
				<top>254</top>
				<width>1674</width>
				<height>660</height>
				<texture border="40">dialogs/bg.png</texture>
			</control>
			<control type="image">
				<left>152</left>
				<top>340</top>
				<width>312</width>
				<height>542</height>
				<texture border="5">dialogs/default/inner.png</texture>
			</control>
			<control type="image">
				<left>478</left>
				<top>340</top>
				<width>962</width>
				<height>542</height>
				<texture border="5">dialogs/default/inner.png</texture>
			</control>
			<control type="image">
				<left>1454</left>
				<top>340</top>
				<width>312</width>
				<height>542</height>
				<texture border="5">dialogs/default/inner.png</texture>
			</control>
			<control type="label">
				<description>header label</description>
				<left>152</left>
				<top>286</top>
				<width>1614</width>
				<height>40</height>
				<textoffsetx>15</textoffsetx>
				<label>$ADDON[script.mtvguide 31002] - m-TVGuide [COLOR gold][B]EPG[/B][/COLOR]</label>
				<align>center</align>
				<aligny>center</aligny>
				<textcolor>FF606060</textcolor>
				<font>font15_title</font>
			</control>
			
			<control type="button" id="1000">
				<description>Close Window button</description>
				<posx>1245</posx>
				<posy>105</posy>
				<width>96</width>
				<height>48</height>
				<onclick>Dialog.Close(all,true)</onclick>
				<onclick>FullScreen</onclick>
				<texturefocus>DialogCloseButton-focus.png</texturefocus>
				<texturenofocus>DialogCloseButton.png</texturenofocus>
				<animation effect="fade" time="200">VisibleChange</animation>
				<visible>hidden</visible>
			</control>
			
			<control type="button" id="101">
				<posx>152</posx>
				<posy>340</posy>
				<width>312</width>
				<height>64</height>
				<align>right</align>
				<aligny>center</aligny>
				<font>font14</font>
				<textcolor>FF999999</textcolor>
				<focusedcolor>white</focusedcolor>
				<label>$ADDON[script.mtvguide 30601]</label>
				<onup>108</onup>
				<ondown>102</ondown>
				<onleft>1003</onleft>
				<onright>1003</onright>
				<texturefocus colordiffuse="FF6DB9E5" border="5">dialogs/button_fo.png</texturefocus>
				<texturenofocus></texturenofocus>
			</control>
			<control type="image">
				<left>152</left>
				<top>342</top>
				<width>310</width>
				<height>60</height>
				<texture border="1">dialogs/separator2.png</texture>
			</control>
			<control type="button" id="102">
				<posx>152</posx>
				<posy>400</posy>
				<width>312</width>
				<height>64</height>
				<align>right</align>
				<aligny>center</aligny>
				<font>font14</font>
				<textcolor>FF999999</textcolor>
				<focusedcolor>white</focusedcolor>
				<label>$ADDON[script.mtvguide 30602]</label>
				<onup>101</onup>
				<ondown>103</ondown>
				<onleft>2003</onleft>
				<onright>2001</onright>
				<texturefocus colordiffuse="FF6DB9E5" border="5">dialogs/button_fo.png</texturefocus>
				<texturenofocus></texturenofocus>
			</control>
			<control type="image">
				<left>152</left>
				<top>402</top>
				<width>310</width>
				<height>60</height>
				<texture border="1">dialogs/separator2.png</texture>
			</control>
			<control type="button" id="103">
				<posx>152</posx>
				<posy>460</posy>
				<width>312</width>
				<height>64</height>
				<align>right</align>
				<aligny>center</aligny>
				<font>font14</font>
				<textcolor>FF999999</textcolor>
				<focusedcolor>white</focusedcolor>
				<label>$ADDON[script.mtvguide 30603]</label>
				<onup>102</onup>
				<ondown>104</ondown>
				<onleft>3001</onleft>
				<onright>3002</onright>
				<texturefocus colordiffuse="FF6DB9E5" border="5">dialogs/button_fo.png</texturefocus>
				<texturenofocus></texturenofocus>
			</control>
			<control type="image">
				<left>152</left>
				<top>462</top>
				<width>310</width>
				<height>60</height>
				<texture border="1">dialogs/separator2.png</texture>
			</control>
			<control type="button" id="104">
				<posx>152</posx>
				<posy>520</posy>
				<width>312</width>
				<height>64</height>
				<align>right</align>
				<aligny>center</aligny>
				<font>font14</font>
				<textcolor>FF999999</textcolor>
				<focusedcolor>white</focusedcolor>
				<label>$LOCALIZE[1037]</label>
				<onup>103</onup>
				<ondown>108</ondown>
				<onleft>4001</onleft>
				<onright>4002</onright>
				<texturefocus colordiffuse="FF6DB9E5" border="5">dialogs/button_fo.png</texturefocus>
				<texturenofocus></texturenofocus>
			</control>
			<control type="image">
				<left>152</left>
				<top>522</top>
				<width>310</width>
				<height>60</height>
				<texture border="1">dialogs/separator2.png</texture>
			</control>
			<control type="button" id="108">
				<posx>152</posx>
				<posy>580</posy>
				<width>312</width>
				<height>64</height>
				<align>right</align>
				<aligny>center</aligny>
				<font>font14</font>
				<textcolor>FF999999</textcolor>
				<focusedcolor>white</focusedcolor>
				<label>$ADDON[script.mtvguide 59948]</label>
				<onup>104</onup>
				<ondown>101</ondown>
				<onleft>8005</onleft>
				<onright>8002</onright>
				<texturefocus colordiffuse="FF6DB9E5" border="5">dialogs/button_fo.png</texturefocus>
				<texturenofocus></texturenofocus>
			</control>
			<control type="image">
				<left>152</left>
				<top>582</top>
				<width>310</width>
				<height>60</height>
				<texture border="1">dialogs/separator2.png</texture>
			</control>

			<control type="group" id="1000">
				<posx>0</posx>
				<posy>40</posy>
				<width>1920</width>
				<height>1080</height>
				<animation effect="fade" start="0" end="100" delay="160" time="240">WindowOpen</animation>
				<animation effect="fade" start="100" end="0" time="240">WindowClose</animation>
				<visible>String.IsEqual(Control.GetLabel(100),strm)</visible>

				<control type="textbox">
					<posx>490</posx>
					<posy>310</posy>
					<width>940</width>
					<height>90</height>
					<font>font14</font>
					<textcolor>FF999999</textcolor>
					<align>center</align>
					<aligny>center</aligny>
					<label>$ADDON[script.mtvguide 30611]</label>
					<wrapmultiline>true</wrapmultiline>
					<autoscroll time="3600" delay="6000" repeat="6000">true</autoscroll>
				</control>

				<control type="button" id="1001">
					<description>Browse</description>
					<posx>1455</posx>
					<posy>480</posy>
					<width>312</width>
					<height>64</height>
					<align>left</align>
					<aligny>center</aligny>
					<font>font14</font>
					<textcolor>FF999999</textcolor>
					<focusedcolor>white</focusedcolor>
					<label>$ADDON[script.mtvguide 30610]</label>
					<onup>1002</onup>
					<ondown>1003</ondown>
					<onleft>101</onleft>
					<onright>101</onright>
					<texturefocus colordiffuse="FF6DB9E5" border="5">dialogs/button_fo.png</texturefocus>
					<texturenofocus></texturenofocus>
				</control>
				<control type="image">
					<left>1455</left>
					<top>482</top>
					<width>310</width>
					<height>60</height>
					<texture border="1">dialogs/separator2.png</texture>
				</control>

				<control type="textbox" id="1005">
					<posx>470</posx>
					<posy>300</posy>
					<width>980</width>
					<height>100</height>
					<font>font14</font>
					<textcolor>FF999999</textcolor>
					<align>center</align>
					<aligny>center</aligny>
					<wrapmultiline>true</wrapmultiline>
				</control>

				<control type="button" id="1002">
					<description>Preview</description>
					<posx>1455</posx>
					<posy>420</posy>
					<width>312</width>
					<height>64</height>
					<align>left</align>
					<aligny>center</aligny>
					<font>font14</font>
					<textcolor>FF999999</textcolor>
					<focusedcolor>white</focusedcolor>
					<label>$ADDON[script.mtvguide 30604]</label>
					<onup>1004</onup>
					<ondown>1001</ondown>
					<onleft>101</onleft>
					<onright>101</onright>
					<texturefocus colordiffuse="FF6DB9E5" border="5">dialogs/button_fo.png</texturefocus>
					<texturenofocus></texturenofocus>
				</control>
				<control type="image">
					<left>1455</left>
					<top>422</top>
					<width>310</width>
					<height>60</height>
					<texture border="1">dialogs/separator2.png</texture>
				</control>
				<control type="button" id="1003">
					<description>Save</description>
					<posx>1455</posx>
					<posy>300</posy>
					<width>312</width>
					<height>64</height>
					<align>left</align>
					<aligny>center</aligny>
					<font>font14</font>
					<textcolor>FF999999</textcolor>
					<focusedcolor>white</focusedcolor>
					<label>$ADDON[script.mtvguide 30605]</label>
					<onup>1001</onup>
					<ondown>1004</ondown>
					<onleft>101</onleft>
					<onright>101</onright>
					<texturefocus colordiffuse="FF6DB9E5" border="5">dialogs/button_fo.png</texturefocus>
					<texturenofocus></texturenofocus>
				</control>
				<control type="image">
					<left>1455</left>
					<top>302</top>
					<width>310</width>
					<height>60</height>
					<texture border="1">dialogs/separator2.png</texture>
				</control>
				<control type="button" id="1004">
					<description>Cancel</description>
					<posx>1455</posx>
					<posy>360</posy>
					<width>312</width>
					<height>64</height>
					<align>left</align>
					<aligny>center</aligny>
					<font>font14</font>
					<textcolor>FF999999</textcolor>
					<focusedcolor>white</focusedcolor>
					<label>$ADDON[script.mtvguide 30606]</label>
					<onup>1003</onup>
					<ondown>1002</ondown>
					<onleft>101</onleft>
					<onright>101</onright>		
					<texturefocus colordiffuse="FF6DB9E5" border="5">dialogs/button_fo.png</texturefocus>
					<texturenofocus></texturenofocus>
				</control>
				<control type="image">
					<left>1455</left>
					<top>362</top>
					<width>310</width>
					<height>60</height>
					<texture border="1">dialogs/separator2.png</texture>
				</control>
			</control>

			<control type="group" id="2000">
				<posx>0</posx>
				<posy>40</posy>
				<width>1920</width>
				<height>1080</height>
				<animation effect="fade" start="0" end="100" delay="160" time="240">WindowOpen</animation>
				<animation effect="fade" start="100" end="0" time="240">WindowClose</animation>
				<visible>String.IsEqual(Control.GetLabel(100),favourites)</visible>
				
				<control type="textbox">
					<posx>490</posx>
					<posy>310</posy>
					<width>940</width>
					<height>90</height>
					<font>font14</font>
					<textcolor>FF999999</textcolor>
					<align>center</align>
					<aligny>center</aligny>
					<label>$ADDON[script.mtvguide 30620]</label>
					<wrapmultiline>true</wrapmultiline>
					<autoscroll time="3600" delay="6000" repeat="6000">true</autoscroll>
				</control>

				<control type="list" id="2001">
					<posx>480</posx>
					<posy>420</posy>
					<width>960</width>
					<height>410</height>
					<viewtype label="list">list</viewtype>
					<orientation>vertical</orientation>
					<focusposition>7</focusposition>
					<onleft>102</onleft>
					<onright>2003</onright>

					<itemlayout width="960" height="60">
						<control type="image">
							<posx>0</posx>
							<posy>2</posy>
							<width>960</width>
							<height>60</height>
							<texture border="1">dialogs/separator2.png</texture>
						</control>
						<control type="label">
							<posx>76</posx>
							<posy>0</posy>
							<width>960</width>
							<height>64</height>
							<aligny>center</aligny>
							<font>font13</font>
							<textcolor>FF999999</textcolor>
							<info>ListItem.Label</info>
						</control>
					</itemlayout>
					<focusedlayout width="960" height="60">
						<control type="image">
							<posx>0</posx>
							<posy>0</posy>
							<width>960</width>
							<height>64</height>
							<texture border="5"></texture>
							<visible>!Control.HasFocus(2001)</visible>
						</control>
						<control type="image">
							<posx>0</posx>
							<posy>0</posy>
							<width>960</width>
							<height>64</height>
							<texture border="5" colordiffuse="FF6DB9E5">dialogs/button_fo.png</texture>
							<visible>Control.HasFocus(2001)</visible>
						</control>
						<control type="label">
							<posx>76</posx>
							<posy>0</posy>
							<width>960</width>
							<height>64</height>
							<aligny>center</aligny>
							<font>font13</font>
							<textcolor>white</textcolor>
							<info>ListItem.Label</info>
						</control>
						<control type="image">
							<posx>30</posx>
							<posy>15</posy>
							<width>30</width>
							<height>30</height>
							<texture>tvguide-bullet.png</texture>
						</control>
					</focusedlayout>
				</control>

				<control type="button" id="2002">
					<description>Preview</description>
					<posx>1455</posx>
					<posy>420</posy>
					<width>312</width>
					<height>64</height>
					<align>left</align>
					<aligny>center</aligny>
					<font>font14</font>
					<textcolor>FF999999</textcolor>
					<focusedcolor>white</focusedcolor>
					<label>$ADDON[script.mtvguide 30604]</label>
					<onup>2004</onup>
					<ondown>2003</ondown>
					<onleft>2001</onleft>
					<onright>102</onright>
					<texturefocus colordiffuse="FF6DB9E5" border="5">dialogs/button_fo.png</texturefocus>
					<texturenofocus></texturenofocus>
				</control>
				<control type="image">
					<left>1455</left>
					<top>422</top>
					<width>310</width>
					<height>60</height>
					<texture border="1">dialogs/separator2.png</texture>
				</control>
				<control type="button" id="2003">
					<description>Save</description>
					<posx>1455</posx>
					<posy>300</posy>
					<width>312</width>
					<height>64</height>
					<align>left</align>
					<aligny>center</aligny>
					<font>font14</font>
					<textcolor>FF999999</textcolor>
					<focusedcolor>white</focusedcolor>
					<label>$ADDON[script.mtvguide 30605]</label>
					<onup>2002</onup>
					<ondown>2004</ondown>
					<onleft>2001</onleft>
					<onright>102</onright>
					<texturefocus colordiffuse="FF6DB9E5" border="5">dialogs/button_fo.png</texturefocus>
					<texturenofocus></texturenofocus>
				</control>
				<control type="image">
					<left>1455</left>
					<top>302</top>
					<width>310</width>
					<height>60</height>
					<texture border="1">dialogs/separator2.png</texture>
				</control>
				<control type="button" id="2004">
					<description>Cancel</description>
					<posx>1455</posx>
					<posy>360</posy>
					<width>312</width>
					<height>64</height>
					<align>left</align>
					<aligny>center</aligny>
					<font>font14</font>
					<textcolor>FF999999</textcolor>
					<focusedcolor>white</focusedcolor>
					<label>$ADDON[script.mtvguide 30606]</label>
					<onup>2003</onup>
					<ondown>2002</ondown>
					<onleft>2001</onleft>
					<onright>102</onright>
					<texturefocus colordiffuse="FF6DB9E5" border="5">dialogs/button_fo.png</texturefocus>
					<texturenofocus></texturenofocus>
				</control>
				<control type="image">
					<left>1455</left>
					<top>362</top>
					<width>310</width>
					<height>60</height>
					<texture border="1">dialogs/separator2.png</texture>
				</control>
			</control>

			<control type="group" id="3000">
				<posx>0</posx>
				<posy>-60</posy>
				<width>1920</width>
				<height>1080</height>
				<visible>String.IsEqual(Control.GetLabel(100),addons)</visible>

				<control type="image">
					<posx>230</posx>
					<posy>830</posy>
					<width>12</width>
					<height>40</height>
					<texture colordiffuse="FF999999">tvguide-channel-leftarrow.png</texture>
				</control>
				
				<control type="image">
					<posx>365</posx>
					<posy>830</posy>
					<width>12</width>
					<height>40</height>
					<texture colordiffuse="FF999999" flipx="true">tvguide-channel-leftarrow.png</texture>
				</control>

				<control type="wraplist" id="3001">
					<posx>255</posx>
					<posy>800</posy>
					<width>100</width>
					<height>100</height>
					<viewtype label="list">list</viewtype>
					<orientation>horizontal</orientation>
					<focusposition>0</focusposition>
					<onup>3002</onup>
					<ondown>3002</ondown>

					<itemlayout width="100" height="100">
						<control type="image">
							<posx>0</posx>
							<posy>0</posy>
							<width>100</width>
							<height>100</height>
							<texture colordiffuse="1F000000">osd/white.png</texture>
						</control>
						<control type="image">
							<posx>5</posx>
							<posy>5</posy>
							<width>90</width>
							<height>90</height>
							<info>ListItem.Icon</info>
						</control>
					</itemlayout>
					<focusedlayout width="100" height="100">
						<control type="image">
							<posx>0</posx>
							<posy>0</posy>
							<width>100</width>
							<height>100</height>
							<texture colordiffuse="FF6DB9E5">addon-focus.png</texture>
							<visible>!Control.HasFocus(3001)</visible>
						</control>
						<control type="image">
							<posx>0</posx>
							<posy>0</posy>
							<width>100</width>
							<height>100</height>
							<texture colordiffuse="FF6DB9E5">addon-focus.png</texture>
							<visible>Control.HasFocus(3001)</visible>
						</control>
						<control type="image">
							<posx>5</posx>
							<posy>5</posy>
							<width>90</width>
							<height>90</height>
							<info>ListItem.Icon</info>
						</control>
					</focusedlayout>
				</control>

				<control type="label" id="3003">
					<posx>140</posx>
					<posy>715</posy>
					<width>335</width>
					<height>118</height>
					<align>center</align>
					<aligny>center</aligny>
					<font>font10</font>
					<textcolor>FF999999</textcolor>
					<texturefocus colordiffuse="" border="40">dialogs/dialogbutton-nofo.png</texturefocus>
					<texturenofocus colordiffuse="" border="40">dialogs/dialogbutton-nofo.png</texturenofocus>
				</control>
				<control type="textbox" id="3004">
					<posx>490</posx>
					<posy>310</posy>
					<width>940</width>
					<height>90</height>
					<font>font14</font>
					<textcolor>FF999999</textcolor>
					<align>center</align>
					<aligny>center</aligny>
					<wrapmultiline>true</wrapmultiline>
					<autoscroll time="3600" delay="6000" repeat="6000">true</autoscroll>
					<visible>hidden</visible>
				</control>
				<control type="textbox">
					<posx>490</posx>
					<posy>410</posy>
					<width>940</width>
					<height>90</height>
					<font>font14</font>
					<textcolor>FF999999</textcolor>
					<align>center</align>
					<aligny>center</aligny>
					<wrapmultiline>true</wrapmultiline>
					<label>$ADDON[script.mtvguide 30613]</label>
					<autoscroll time="3600" delay="6000" repeat="6000">true</autoscroll>
				</control>

				<control type="list" id="3002">
					<posx>480</posx>
					<posy>520</posy>
					<width>960</width>
					<height>410</height>
					<viewtype label="list">list</viewtype>
					<orientation>vertical</orientation>
					<focusposition>7</focusposition>
					<onleft>103</onleft>
					<onright>3006</onright>

					<itemlayout width="960" height="60">
						<control type="image">
							<posx>0</posx>
							<posy>2</posy>
							<width>960</width>
							<height>60</height>
							<texture border="1">dialogs/separator2.png</texture>
						</control>
						<control type="label">
							<posx>76</posx>
							<posy>0</posy>
							<width>960</width>
							<height>64</height>
							<aligny>center</aligny>
							<font>font13</font>
							<textcolor>FF999999</textcolor>
							<info>ListItem.Label</info>
						</control>
					</itemlayout>
					<focusedlayout width="960" height="60">
						<control type="image">
							<posx>0</posx>
							<posy>0</posy>
							<width>960</width>
							<height>64</height>
							<texture border="5"></texture>
							<visible>!Control.HasFocus(3002)</visible>
						</control>
						<control type="image">
							<posx>0</posx>
							<posy>0</posy>
							<width>960</width>
							<height>64</height>
							<texture border="5" colordiffuse="FF6DB9E5">dialogs/button_fo.png</texture>
							<visible>Control.HasFocus(3002)</visible>
						</control>
						<control type="label">
							<posx>76</posx>
							<posy>0</posy>
							<width>960</width>
							<height>64</height>
							<aligny>center</aligny>
							<font>font13</font>
							<textcolor>white</textcolor>
							<info>ListItem.Label</info>
						</control>
						<control type="image">
							<posx>30</posx>
							<posy>15</posy>
							<width>30</width>
							<height>30</height>
							<texture>tvguide-bullet.png</texture>
						</control>
					</focusedlayout>
				</control>

				<control type="button" id="3005">
					<description>Preview</description>
					<posx>1455</posx>
					<posy>520</posy>
					<width>312</width>
					<height>64</height>
					<align>left</align>
					<aligny>center</aligny>
					<font>font14</font>
					<textcolor>FF999999</textcolor>
					<focusedcolor>white</focusedcolor>
					<label>$ADDON[script.mtvguide 30604]</label>
					<onup>3007</onup>
					<ondown>3006</ondown>
					<onleft>3002</onleft>
					<onright>103</onright>
					<texturefocus colordiffuse="FF6DB9E5" border="5">dialogs/button_fo.png</texturefocus>
					<texturenofocus></texturenofocus>
				</control>
				<control type="image">
					<left>1455</left>
					<top>522</top>
					<width>310</width>
					<height>60</height>
					<texture border="1">dialogs/separator2.png</texture>
				</control>
				<control type="button" id="3006">
					<description>Save</description>
					<posx>1455</posx>
					<posy>400</posy>
					<width>312</width>
					<height>64</height>
					<align>left</align>
					<aligny>center</aligny>
					<font>font14</font>
					<textcolor>FF999999</textcolor>
					<focusedcolor>white</focusedcolor>
					<label>$ADDON[script.mtvguide 30605]</label>
					<onup>3005</onup>
					<ondown>3007</ondown>
					<onleft>3002</onleft>
					<onright>103</onright>
					<texturefocus colordiffuse="FF6DB9E5" border="5">dialogs/button_fo.png</texturefocus>
					<texturenofocus></texturenofocus>
				</control>
				<control type="image">
					<left>1455</left>
					<top>402</top>
					<width>310</width>
					<height>60</height>
					<texture border="1">dialogs/separator2.png</texture>
				</control>
				<control type="button" id="3007">
					<description>Cancel</description>
					<posx>1455</posx>
					<posy>460</posy>
					<width>312</width>
					<height>64</height>
					<align>left</align>
					<aligny>center</aligny>
					<font>font14</font>
					<textcolor>FF999999</textcolor>
					<focusedcolor>white</focusedcolor>
					<label>$ADDON[script.mtvguide 30606]</label>
					<onup>3006</onup>
					<ondown>3005</ondown>
					<onleft>3002</onleft>
					<onright>103</onright>
					<texturefocus colordiffuse="FF6DB9E5" border="5">dialogs/button_fo.png</texturefocus>
					<texturenofocus></texturenofocus>
				</control>
				<control type="image">
					<left>1455</left>
					<top>462</top>
					<width>310</width>
					<height>60</height>
					<texture border="1">dialogs/separator2.png</texture>
				</control>
			</control>
			
			<control type="group" id="4000">
				<posx>0</posx>
				<posy>-60</posy>
				<width>1920</width>
				<height>1080</height>
				<visible>String.IsEqual(Control.GetLabel(100),browse)</visible>

				<control type="image">
					<posx>230</posx>
					<posy>830</posy>
					<width>12</width>
					<height>40</height>
					<texture colordiffuse="FF999999">tvguide-channel-leftarrow.png</texture>
				</control>
				
				<control type="image">
					<posx>365</posx>
					<posy>830</posy>
					<width>12</width>
					<height>40</height>
					<texture colordiffuse="FF999999" flipx="true">tvguide-channel-leftarrow.png</texture>
				</control>

				<control type="wraplist" id="4001">
					<posx>255</posx>
					<posy>800</posy>
					<width>100</width>
					<height>100</height>
					<viewtype label="list">list</viewtype>
					<orientation>horizontal</orientation>
					<focusposition>0</focusposition>
					<onup>4002</onup>
					<ondown>4002</ondown>

					<itemlayout width="100" height="100">
						<control type="image">
							<posx>0</posx>
							<posy>0</posy>
							<width>100</width>
							<height>100</height>
							<texture colordiffuse="1F000000">osd/white.png</texture>
						</control>
						<control type="image">
							<posx>5</posx>
							<posy>5</posy>
							<width>90</width>
							<height>90</height>
							<info>ListItem.Icon</info>
						</control>
					</itemlayout>
					<focusedlayout width="100" height="100">
						<control type="image">
							<posx>0</posx>
							<posy>0</posy>
							<width>100</width>
							<height>100</height>
							<texture colordiffuse="FF6DB9E5">addon-focus.png</texture>
							<visible>!Control.HasFocus(4001)</visible>
						</control>
						<control type="image">
							<posx>0</posx>
							<posy>0</posy>
							<width>100</width>
							<height>100</height>
							<texture colordiffuse="FF6DB9E5">addon-focus.png</texture>
							<visible>Control.HasFocus(4001)</visible>
						</control>
						<control type="image">
							<posx>5</posx>
							<posy>5</posy>
							<width>90</width>
							<height>90</height>
							<info>ListItem.Icon</info>
						</control>
					</focusedlayout>
				</control>

				<control type="label" id="4003">
					<posx>140</posx>
					<posy>715</posy>
					<width>335</width>
					<height>118</height>
					<align>center</align>
					<aligny>center</aligny>
					<font>font10</font>
					<textcolor>FF999999</textcolor>
					<texturefocus colordiffuse="" border="40">dialogs/dialogbutton-nofo.png</texturefocus>
					<texturenofocus colordiffuse="" border="40">dialogs/dialogbutton-nofo.png</texturenofocus>
				</control>
				<control type="textbox" id="4004">
					<posx>490</posx>
					<posy>310</posy>
					<width>940</width>
					<height>90</height>
					<font>font14</font>
					<textcolor>FF999999</textcolor>
					<align>center</align>
					<aligny>center</aligny>
					<wrapmultiline>true</wrapmultiline>
					<autoscroll time="3600" delay="6000" repeat="6000">true</autoscroll>
					<visible>hidden</visible>
				</control>
				<control type="textbox">
					<posx>490</posx>
					<posy>410</posy>
					<width>940</width>
					<height>90</height>
					<font>font14</font>
					<textcolor>FF999999</textcolor>
					<align>center</align>
					<aligny>center</aligny>
					<wrapmultiline>true</wrapmultiline>
					<label>$ADDON[script.mtvguide 30614]</label>
					<autoscroll time="3600" delay="6000" repeat="6000">true</autoscroll>
				</control>

				<control type="list" id="4002">
					<posx>480</posx>
					<posy>520</posy>
					<width>960</width>
					<height>410</height>
					<viewtype label="list">list</viewtype>
					<orientation>vertical</orientation>
					<focusposition>7</focusposition>
					<onleft>104</onleft>
					<onright>4006</onright>

					<itemlayout width="960" height="60">
						<control type="image">
							<posx>0</posx>
							<posy>2</posy>
							<width>960</width>
							<height>60</height>
							<texture border="1">dialogs/separator2.png</texture>
						</control>
						<control type="label">
							<posx>76</posx>
							<posy>0</posy>
							<width>960</width>
							<height>64</height>
							<aligny>center</aligny>
							<font>font13</font>
							<textcolor>FF999999</textcolor>
							<info>ListItem.Label</info>
						</control>
					</itemlayout>
					<focusedlayout width="960" height="60">
						<control type="image">
							<posx>0</posx>
							<posy>0</posy>
							<width>960</width>
							<height>64</height>
							<texture border="5"></texture>
							<visible>!Control.HasFocus(4002)</visible>
						</control>
						<control type="image">
							<posx>0</posx>
							<posy>0</posy>
							<width>960</width>
							<height>64</height>
							<texture border="5" colordiffuse="FF6DB9E5">dialogs/button_fo.png</texture>
							<visible>Control.HasFocus(4002)</visible>
						</control>
						<control type="label">
							<posx>76</posx>
							<posy>0</posy>
							<width>960</width>
							<height>64</height>
							<aligny>center</aligny>
							<font>font13</font>
							<textcolor>white</textcolor>
							<info>ListItem.Label</info>
						</control>
						<control type="image">
							<posx>30</posx>
							<posy>15</posy>
							<width>30</width>
							<height>30</height>
							<texture>tvguide-bullet.png</texture>
							<visible>ListItem.isPlayable</visible>
						</control>
					</focusedlayout>
				</control>

				<control type="button" id="4005">
					<description>Preview</description>
					<posx>1455</posx>
					<posy>520</posy>
					<width>312</width>
					<height>64</height>
					<align>left</align>
					<aligny>center</aligny>
					<font>font14</font>
					<textcolor>FF999999</textcolor>
					<focusedcolor>white</focusedcolor>
					<label>$ADDON[script.mtvguide 30604]</label>
					<onup>4007</onup>
					<ondown>4006</ondown>
					<onleft>4002</onleft>
					<onright>104</onright>
					<texturefocus colordiffuse="FF6DB9E5" border="5">dialogs/button_fo.png</texturefocus>
					<texturenofocus></texturenofocus>
				</control>
				<control type="image">
					<left>1455</left>
					<top>522</top>
					<width>310</width>
					<height>60</height>
					<texture border="1">dialogs/separator2.png</texture>
				</control>
				<control type="button" id="4006">
					<description>Save</description>
					<posx>1455</posx>
					<posy>400</posy>
					<width>312</width>
					<height>64</height>
					<align>left</align>
					<aligny>center</aligny>
					<font>font14</font>
					<textcolor>FF999999</textcolor>
					<focusedcolor>white</focusedcolor>
					<label>$ADDON[script.mtvguide 30605]</label>
					<onup>4005</onup>
					<ondown>4007</ondown>
					<onleft>4002</onleft>
					<onright>104</onright>
					<texturefocus colordiffuse="FF6DB9E5" border="5">dialogs/button_fo.png</texturefocus>
					<texturenofocus></texturenofocus>
				</control>
				<control type="image">
					<left>1455</left>
					<top>402</top>
					<width>310</width>
					<height>60</height>
					<texture border="1">dialogs/separator2.png</texture>
				</control>
				<control type="button" id="4007">
					<description>Cancel</description>
					<posx>1455</posx>
					<posy>460</posy>
					<width>312</width>
					<height>64</height>
					<align>left</align>
					<aligny>center</aligny>
					<font>font14</font>
					<textcolor>FF999999</textcolor>
					<focusedcolor>white</focusedcolor>
					<label>$ADDON[script.mtvguide 30606]</label>
					<onup>4006</onup>
					<ondown>4005</ondown>
					<onleft>4002</onleft>
					<onright>104</onright>
					<texturefocus colordiffuse="FF6DB9E5" border="5">dialogs/button_fo.png</texturefocus>
					<texturenofocus></texturenofocus>
				</control>
				<control type="image">
					<left>1455</left>
					<top>462</top>
					<width>310</width>
					<height>60</height>
					<texture border="1">dialogs/separator2.png</texture>
				</control>
			</control>
			
			<control type="group" id="8000">
				<posx>0</posx>
				<posy>-60</posy>
				<width>1920</width>
				<height>1080</height>
				<visible>String.IsEqual(Control.GetLabel(100),playlist)</visible>
				<control type="textbox">
					<posx>490</posx>
					<posy>410</posy>
					<width>940</width>
					<height>90</height>
					<font>font14</font>
					<textcolor>FF999999</textcolor>
					<align>center</align>
					<aligny>center</aligny>
					<label>$ADDON[script.mtvguide 30612]</label>
					<wrapmultiline>true</wrapmultiline>
					<autoscroll time="3600" delay="6000" repeat="6000">true</autoscroll>
				</control>

				<control type="list" id="8002">
					<posx>480</posx>
					<posy>520</posy>
					<width>960</width>
					<height>410</height>
					<viewtype label="list">list</viewtype>
					<orientation>vertical</orientation>
					<focusposition>7</focusposition>
					<onleft>108</onleft>
					<onright>8006</onright>

					<itemlayout width="960" height="60">
						<control type="image">
							<posx>0</posx>
							<posy>2</posy>
							<width>960</width>
							<height>60</height>
							<texture border="1">dialogs/separator2.png</texture>
						</control>
						<control type="label">
							<posx>76</posx>
							<posy>0</posy>
							<width>960</width>
							<height>64</height>
							<aligny>center</aligny>
							<font>font13</font>
							<textcolor>FF999999</textcolor>
							<info>ListItem.Label</info>
						</control>
					</itemlayout>
					<focusedlayout width="960" height="60">
						<control type="image">
							<posx>0</posx>
							<posy>0</posy>
							<width>960</width>
							<height>64</height>
							<texture border="5"></texture>
							<visible>!Control.HasFocus(8002)</visible>
						</control>
						<control type="image">
							<posx>0</posx>
							<posy>0</posy>
							<width>960</width>
							<height>64</height>
							<texture border="5" colordiffuse="FF6DB9E5">dialogs/button_fo.png</texture>
							<visible>Control.HasFocus(8002)</visible>
						</control>
						<control type="label">
							<posx>76</posx>
							<posy>0</posy>
							<width>960</width>
							<height>64</height>
							<aligny>center</aligny>
							<font>font13</font>
							<textcolor>white</textcolor>
							<info>ListItem.Label</info>
						</control>
						<control type="image">
							<posx>30</posx>
							<posy>15</posy>
							<width>30</width>
							<height>30</height>
							<texture>tvguide-bullet.png</texture>
						</control>
					</focusedlayout>
				</control>

				<control type="button" id="8005">
					<description>Preview</description>
					<posx>1455</posx>
					<posy>520</posy>
					<width>312</width>
					<height>64</height>
					<align>left</align>
					<aligny>center</aligny>
					<font>font14</font>
					<textcolor>FF999999</textcolor>
					<focusedcolor>white</focusedcolor>
					<label>$ADDON[script.mtvguide 30604]</label>
					<onup>8007</onup>
					<ondown>8006</ondown>
					<onleft>8002</onleft>
					<onright>108</onright>
					<texturefocus colordiffuse="FF6DB9E5" border="5">dialogs/button_fo.png</texturefocus>
					<texturenofocus></texturenofocus>
				</control>
				<control type="image">
					<left>1455</left>
					<top>522</top>
					<width>310</width>
					<height>60</height>
					<texture border="1">dialogs/separator2.png</texture>
				</control>
				<control type="button" id="8006">
					<description>Save</description>
					<posx>1455</posx>
					<posy>400</posy>
					<width>312</width>
					<height>64</height>
					<align>left</align>
					<aligny>center</aligny>
					<font>font14</font>
					<textcolor>FF999999</textcolor>
					<focusedcolor>white</focusedcolor>
					<label>$ADDON[script.mtvguide 30605]</label>
					<onup>8005</onup>
					<ondown>8007</ondown>
					<onleft>8002</onleft>
					<onright>108</onright>
					<texturefocus colordiffuse="FF6DB9E5" border="5">dialogs/button_fo.png</texturefocus>
					<texturenofocus></texturenofocus>
				</control>
				<control type="image">
					<left>1455</left>
					<top>402</top>
					<width>310</width>
					<height>60</height>
					<texture border="1">dialogs/separator2.png</texture>
				</control>
				<control type="button" id="8007">
					<description>Cancel</description>
					<posx>1455</posx>
					<posy>460</posy>
					<width>312</width>
					<height>64</height>
					<align>left</align>
					<aligny>center</aligny>
					<font>font14</font>
					<textcolor>FF999999</textcolor>
					<focusedcolor>white</focusedcolor>
					<label>$ADDON[script.mtvguide 30606]</label>
					<onup>8006</onup>
					<ondown>8005</ondown>
					<onleft>8002</onleft>
					<onright>108</onright>
					<texturefocus colordiffuse="FF6DB9E5" border="5">dialogs/button_fo.png</texturefocus>
					<texturenofocus></texturenofocus>
				</control>
				<control type="image">
					<left>1455</left>
					<top>462</top>
					<width>310</width>
					<height>60</height>
					<texture border="1">dialogs/separator2.png</texture>
				</control>
			</control>
		</control>
	</controls>
</window>