<?xml version="1.0" encoding="utf-8"?>
<window type="dialog">
	<allowoverlay>no</allowoverlay>
	<aspectratio>scale</aspectratio>
	<coordinates>
		<system>1</system><posx>0</posx><posy>0</posy>
	</coordinates>
		<controls>
		<!-- Category colors -->
		<control type="image">
            <posx>-10000</posx>
            <posy>-10000</posy>
            <width>1</width>
            <height>1</height>
			<texture>1.png</texture>
		</control>
		<control type="image">
            <posx>-10000</posx>
            <posy>-10000</posy>
            <width>1</width>
            <height>1</height>
			<texture>2.png</texture>
		</control>
		<control type="image">
            <posx>-10000</posx>
            <posy>-10000</posy>
            <width>1</width>
            <height>1</height>
			<texture>3.png</texture>
		</control>
		<control type="image">
            <posx>-10000</posx>
            <posy>-10000</posy>
            <width>1</width>
            <height>1</height>
			<texture>4.png</texture>
		</control>
		<control type="image">
            <posx>-10000</posx>
            <posy>-10000</posy>
            <width>1</width>
            <height>1</height>
			<texture>5.png</texture>
		</control>
		<control type="image">
            <posx>-10000</posx>
            <posy>-10000</posy>
            <width>1</width>
            <height>1</height>
			<texture>6.png</texture>
		</control>
		<control type="image">
            <posx>-10000</posx>
            <posy>-10000</posy>
            <width>1</width>
            <height>1</height>
			<texture>7.png</texture>
		</control>
		<control type="image">
            <posx>-10000</posx>
            <posy>-10000</posy>
            <width>1</width>
            <height>1</height>
			<texture>8.png</texture>
		</control>
		<control type="image">
            <posx>-10000</posx>
            <posy>-10000</posy>
            <width>1</width>
            <height>1</height>
			<texture>9.png</texture>
		</control>
		<control type="image">
            <posx>-10000</posx>
            <posy>-10000</posy>
            <width>1</width>
            <height>1</height>
			<texture>10.png</texture>
		</control>
		<control type="image">
            <posx>-10000</posx>
            <posy>-10000</posy>
            <width>1</width>
            <height>1</height>
			<texture>11.png</texture>
		</control>
		<control type="image">
            <posx>-10000</posx>
            <posy>-10000</posy>
            <width>1</width>
            <height>1</height>
			<texture>12.png</texture>
		</control>
		<control type="image">
            <posx>-10000</posx>
            <posy>-10000</posy>
            <width>1</width>
            <height>1</height>
			<texture>13.png</texture>
		</control>
		<control type="image">
            <posx>-10000</posx>
            <posy>-10000</posy>
            <width>1</width>
            <height>1</height>
			<texture>14.png</texture>
		</control>
		<control type="image">
            <posx>-10000</posx>
            <posy>-10000</posy>
            <width>1</width>
            <height>1</height>
			<texture>15.png</texture>
		</control>
		<control type="image">
            <posx>-10000</posx>
            <posy>-10000</posy>
            <width>1</width>
            <height>1</height>
			<texture>16.png</texture>
		</control>
		<control type="image">
            <posx>-10000</posx>
            <posy>-10000</posy>
            <width>1</width>
            <height>1</height>
			<texture>live.png</texture>
		</control>
		
		<!-- Focus colors -->
		<control type="image">
            <posx>-10000</posx>
            <posy>-10000</posy>
            <width>1</width>
            <height>1</height>
			<texture>focus/defaults.png</texture>
		</control>
		
		<control type="button" id="1000">
			<texture>-</texture>
			<visible>hidden</visible>
		</control>
		
		<control type="image" id="4500">
			<description>Dynamic colors control</description>
		</control>
		
		<!-- Background -->
		<control type="image" id="4600">
			<posx>0</posx>
			<posy>0</posy>
			<width>1920</width>
			<height>1080</height>
			<texture>../../skin.xx/media/mtvguide-bg.png</texture>
			<aspectratio>scale</aspectratio>
			<!--<colordiffuse>FF000000</colordiffuse>-->
			<animation type="Conditional" condition="Control.IsVisible(5000)">
				<effect type="fade" start="100" end="0" time="0"/>
			</animation>
		</control>
		
		<control type="image">
			<posx>675</posx>
			<posy>0</posy>
			<width>1245</width>
			<height>1080</height>
			<texture>../../skin.xx/media/mtvguide-bg-epg.png</texture>
			<animation type="Conditional" condition="Control.IsVisible(5000)">
				<effect type="fade" start="100" end="0" time="0"/>
			</animation>
		</control>
		
		<control type="image">
			<posx>0</posx>
			<posy>0</posy>
			<width>1920</width>
			<height>1080</height>
			<texture>../../skin.xx/media/osd/black.png</texture>
			<animation type="Conditional" condition="!Control.IsVisible(5000)">
			  <effect type="zoom" end="20" center="115,38" time="500"/>
			</animation>
			<visible>Player.HasMedia</visible>
		</control>
		
		<control type="videowindow">
			<posx>0</posx>
			<posy>0</posy>
			<width>1920</width>
			<height>1080</height>
			<animation type="Conditional" condition="!Control.IsVisible(5000)">
				<effect type="zoom" end="20" center="115,38" time="500"/>
			</animation>
			<visible>Player.HasMedia</visible>
		</control>
		
		<control type="button" id="4301">
			<left>-10</left>
			<top>390</top>
			<width>69</width>
			<height>192</height>
			<texturefocus>dialogs/hassub.png</texturefocus>
			<texturenofocus>dialogs/hassub.png</texturenofocus>
			<animation effect="fade" start="100" end="0" time="0" condition="Window.IsActive(script-tvguide-menu.xml)">conditional</animation>
			<onclick>Action(ContextMenu)</onclick>
			<onfocus>-</onfocus>
			<onunfocus>-</onunfocus>
			<onup>-</onup>
			<ondown>-</ondown>
			<visible>!Control.IsVisible(5000)</visible>
		</control>
		
		<control type="image">
			<left>-416</left>
			<top>0</top>
			<width>426</width>
			<height>1080</height>
			<texture border="0,0,10,0">dialogs/mediabladesub.png</texture>
			<animation effect="fade" start="100" end="0" time="0" condition="Window.IsActive(script-tvguide-menu.xml)">conditional</animation>
			<visible>!Control.IsVisible(5000)</visible>
		</control>	

		<control type="label" id="5000">
			<description>visibility marker for TV Guide group</description>
		</control>
		<control type="group">
			<description>TV Guide group</description>
			<posx>0</posx>
			<posy>0</posy>
			<width>1920</width>
			<height>1080</height>
			<visible>!Control.IsVisible(5000)</visible>

			<control type="button" id="5001">
				<description>marker for EPG data view - should be hidden!</description>
				<posx>714</posx>
				<posy>0</posy>
				<width>1206</width>
				<height>1020</height>
				<visible>hidden</visible>
			</control>

			<!-- Channels column -->
			<control type="group">
				<posx>454</posx>
				<posy>-1</posy>
				<width>210</width>
				<height>1020</height>
				<visible>!Control.IsVisible(5000)</visible>

				<!-- text labels 4010-->
				<control type="label" id="4010">
					<description>1st channel</description>
					<posx>90</posx>
					<posy>0</posy>
					<width>150</width>
					<height>51</height>
					<textcolor>white</textcolor>
					<shadowcolor></shadowcolor>
					<font>font12</font>
					<align>left</align>
					<aligny>center</aligny>
					<visible>String.IsEqual(Control.GetLabel(4110),)</visible>
				</control>
				<control type="label" id="4011">
					<description>2nd channel</description>
					<posx>90</posx>
					<posy>51</posy>
					<width>150</width>
					<height>51</height>
					<textcolor>white</textcolor>
					<shadowcolor></shadowcolor>
					<font>font12</font>
					<align>left</align>
					<aligny>center</aligny>
					<visible>String.IsEqual(Control.GetLabel(4111),)</visible>
				</control>
				<control type="label" id="4012">
					<description>3rd channel</description>
					<posx>90</posx>
					<posy>102</posy>
					<width>150</width>
					<height>51</height>
					<textcolor>white</textcolor>
					<shadowcolor></shadowcolor>
					<font>font12</font>
					<align>left</align>
					<aligny>center</aligny>
					<visible>String.IsEqual(Control.GetLabel(4112),)</visible>
				</control>
				<control type="label" id="4013">
					<description>4th channel</description>
					<posx>90</posx>
					<posy>153</posy>
					<width>150</width>
					<height>51</height>
					<textcolor>white</textcolor>
					<shadowcolor></shadowcolor>
					<font>font12</font>
					<align>left</align>
					<aligny>center</aligny>
					<visible>String.IsEqual(Control.GetLabel(4113),)</visible>
				</control>
				<control type="label" id="4014">
					<description>5th channel</description>
					<posx>90</posx>
					<posy>204</posy>
					<width>150</width>
					<height>51</height>
					<textcolor>white</textcolor>
					<shadowcolor></shadowcolor>
					<font>font12</font>
					<align>left</align>
					<aligny>center</aligny>
					<visible>String.IsEqual(Control.GetLabel(4114),)</visible>
				</control>
				<control type="label" id="4015">
					<description>6th channel</description>
					<posx>90</posx>
					<posy>255</posy>
					<width>150</width>
					<height>51</height>
					<textcolor>white</textcolor>
					<shadowcolor></shadowcolor>
					<font>font12</font>
					<align>left</align>
					<aligny>center</aligny>
					<visible>String.IsEqual(Control.GetLabel(4115),)</visible>
				</control>
				<control type="label" id="4016">
					<description>7th channel</description>
					<posx>90</posx>
					<posy>306</posy>
					<width>150</width>
					<height>51</height>
					<textcolor>white</textcolor>
					<shadowcolor></shadowcolor>
					<font>font12</font>
					<align>left</align>
					<aligny>center</aligny>
					<visible>String.IsEqual(Control.GetLabel(4116),)</visible>
				</control>
				<control type="label" id="4017">
					<description>8th channel</description>
					<posx>90</posx>
					<posy>357</posy>
					<width>150</width>
					<height>51</height>
					<textcolor>white</textcolor>
					<shadowcolor></shadowcolor>
					<font>font12</font>
					<align>left</align>
					<aligny>center</aligny>
					<visible>String.IsEqual(Control.GetLabel(4117),)</visible>
				</control>
				<control type="label" id="4018">
					<description>9th channel</description>
					<posx>90</posx>
					<posy>408</posy>
					<width>150</width>
					<height>51</height>
					<textcolor>white</textcolor>
					<shadowcolor></shadowcolor>
					<font>font12</font>
					<align>left</align>
					<aligny>center</aligny>
					<visible>String.IsEqual(Control.GetLabel(4118),)</visible>
				</control>
				<control type="label" id="4019">
					<description>10th channel</description>
					<posx>90</posx>
					<posy>459</posy>
					<width>150</width>
					<height>51</height>
					<textcolor>white</textcolor>
					<shadowcolor></shadowcolor>
					<font>font12</font>
					<align>left</align>
					<aligny>center</aligny>
					<visible>String.IsEqual(Control.GetLabel(4119),)</visible>
				</control>
				<control type="label" id="4020">
					<description>11th channel</description>
					<posx>90</posx>
					<posy>510</posy>
					<width>150</width>
					<height>51</height>
					<textcolor>white</textcolor>
					<shadowcolor></shadowcolor>
					<font>font12</font>
					<align>left</align>
					<aligny>center</aligny>
					<visible>String.IsEqual(Control.GetLabel(4120),)</visible>
				</control>
				<control type="label" id="4021">
					<description>12th channel</description>
					<posx>90</posx>
					<posy>561</posy>
					<width>150</width>
					<height>51</height>
					<textcolor>white</textcolor>
					<shadowcolor></shadowcolor>
					<font>font12</font>
					<align>left</align>
					<aligny>center</aligny>
					<visible>String.IsEqual(Control.GetLabel(4121),)</visible>
				</control>
				<control type="label" id="4022">
					<description>13th channel</description>
					<posx>90</posx>
					<posy>612</posy>
					<width>150</width>
					<height>51</height>
					<textcolor>white</textcolor>
					<shadowcolor></shadowcolor>
					<font>font12</font>
					<align>left</align>
					<aligny>center</aligny>
					<visible>String.IsEqual(Control.GetLabel(4122),)</visible>
				</control>
				<control type="label" id="4023">
					<description>14th channel</description>
					<posx>90</posx>
					<posy>663</posy>
					<width>150</width>
					<height>51</height>
					<textcolor>white</textcolor>
					<shadowcolor></shadowcolor>
					<font>font12</font>
					<align>left</align>
					<aligny>center</aligny>
					<visible>String.IsEqual(Control.GetLabel(4123),)</visible>
				</control>
				<control type="label" id="4024">
					<description>15th channel</description>
					<posx>90</posx>
					<posy>714</posy>
					<width>150</width>
					<height>51</height>
					<textcolor>white</textcolor>
					<shadowcolor></shadowcolor>
					<font>font12</font>
					<align>left</align>
					<aligny>center</aligny>
					<visible>String.IsEqual(Control.GetLabel(4124),)</visible>
				</control>
				<control type="label" id="4025">
					<description>16th channel</description>
					<posx>90</posx>
					<posy>765</posy>
					<width>150</width>
					<height>51</height>
					<textcolor>white</textcolor>
					<shadowcolor></shadowcolor>
					<font>font12</font>
					<align>left</align>
					<aligny>center</aligny>
					<visible>String.IsEqual(Control.GetLabel(4125),)</visible>
				</control>
				<control type="label" id="4026">
					<description>17th channel</description>
					<posx>90</posx>
					<posy>816</posy>
					<width>150</width>
					<height>51</height>
					<textcolor>white</textcolor>
					<shadowcolor></shadowcolor>
					<font>font12</font>
					<align>left</align>
					<aligny>center</aligny>
					<visible>String.IsEqual(Control.GetLabel(4126),)</visible>
				</control>
				<control type="label" id="4027">
					<description>18th channel</description>
					<posx>90</posx>
					<posy>867</posy>
					<width>150</width>
					<height>51</height>
					<textcolor>white</textcolor>
					<shadowcolor></shadowcolor>
					<font>font12</font>
					<align>left</align>
					<aligny>center</aligny>
					<visible>String.IsEqual(Control.GetLabel(4127),)</visible>
				</control>
				<control type="label" id="4028">
					<description>19th channel</description>
					<posx>90</posx>
					<posy>918</posy>
					<width>150</width>
					<height>51</height>
					<textcolor>white</textcolor>
					<shadowcolor></shadowcolor>
					<font>font12</font>
					<align>left</align>
					<aligny>center</aligny>
					<visible>String.IsEqual(Control.GetLabel(4128),)</visible>
				</control>
				<control type="label" id="4029">
					<description>20th channel</description>
					<posx>90</posx>
					<posy>969</posy>
					<width>150</width>
					<height>51</height>
					<textcolor>white</textcolor>
					<shadowcolor></shadowcolor>
					<font>font12</font>
					<align>left</align>
					<aligny>center</aligny>
					<visible>String.IsEqual(Control.GetLabel(4129),)</visible>
				</control>
				
				<!-- text labels 4510-->
				<control type="label" id="4510">
					<description>1st channel</description>
					<posx>75</posx>
					<posy>0</posy>
					<width>165</width>
					<height>51</height>
					<textcolor>white</textcolor>
					<shadowcolor></shadowcolor>
					<font>font12</font>
					<align>left</align>
					<aligny>center</aligny>
					<visible>String.IsEqual(Control.GetLabel(4210),)</visible>
				</control>
				<control type="label" id="4511">
					<description>2nd channel</description>
					<posx>75</posx>
					<posy>51</posy>
					<width>165</width>
					<height>51</height>
					<textcolor>white</textcolor>
					<shadowcolor></shadowcolor>
					<font>font12</font>
					<align>left</align>
					<aligny>center</aligny>
					<visible>String.IsEqual(Control.GetLabel(4211),)</visible>
				</control>
				<control type="label" id="4512">
					<description>3rd channel</description>
					<posx>75</posx>
					<posy>102</posy>
					<width>165</width>
					<height>51</height>
					<textcolor>white</textcolor>
					<shadowcolor></shadowcolor>
					<font>font12</font>
					<align>left</align>
					<aligny>center</aligny>
					<visible>String.IsEqual(Control.GetLabel(4212),)</visible>
				</control>
				<control type="label" id="4513">
					<description>4th channel</description>
					<posx>75</posx>
					<posy>153</posy>
					<width>165</width>
					<height>51</height>
					<textcolor>white</textcolor>
					<shadowcolor></shadowcolor>
					<font>font12</font>
					<align>left</align>
					<aligny>center</aligny>
					<visible>String.IsEqual(Control.GetLabel(4213),)</visible>
				</control>
				<control type="label" id="4514">
					<description>5th channel</description>
					<posx>75</posx>
					<posy>204</posy>
					<width>165</width>
					<height>51</height>
					<textcolor>white</textcolor>
					<shadowcolor></shadowcolor>
					<font>font12</font>
					<align>left</align>
					<aligny>center</aligny>
					<visible>String.IsEqual(Control.GetLabel(4214),)</visible>
				</control>
				<control type="label" id="4515">
					<description>6th channel</description>
					<posx>75</posx>
					<posy>255</posy>
					<width>165</width>
					<height>51</height>
					<textcolor>white</textcolor>
					<shadowcolor></shadowcolor>
					<font>font12</font>
					<align>left</align>
					<aligny>center</aligny>
					<visible>String.IsEqual(Control.GetLabel(4215),)</visible>
				</control>
				<control type="label" id="4516">
					<description>7th channel</description>
					<posx>75</posx>
					<posy>306</posy>
					<width>165</width>
					<height>51</height>
					<textcolor>white</textcolor>
					<shadowcolor></shadowcolor>
					<font>font12</font>
					<align>left</align>
					<aligny>center</aligny>
					<visible>String.IsEqual(Control.GetLabel(4216),)</visible>
				</control>
				<control type="label" id="4517">
					<description>8th channel</description>
					<posx>75</posx>
					<posy>357</posy>
					<width>165</width>
					<height>51</height>
					<textcolor>white</textcolor>
					<shadowcolor></shadowcolor>
					<font>font12</font>
					<align>left</align>
					<aligny>center</aligny>
					<visible>String.IsEqual(Control.GetLabel(4217),)</visible>
				</control>
				<control type="label" id="4518">
					<description>9th channel</description>
					<posx>75</posx>
					<posy>408</posy>
					<width>165</width>
					<height>51</height>
					<textcolor>white</textcolor>
					<shadowcolor></shadowcolor>
					<font>font12</font>
					<align>left</align>
					<aligny>center</aligny>
					<visible>String.IsEqual(Control.GetLabel(4218),)</visible>
				</control>
				<control type="label" id="4519">
					<description>10th channel</description>
					<posx>75</posx>
					<posy>459</posy>
					<width>165</width>
					<height>51</height>
					<textcolor>white</textcolor>
					<shadowcolor></shadowcolor>
					<font>font12</font>
					<align>left</align>
					<aligny>center</aligny>
					<visible>String.IsEqual(Control.GetLabel(4219),)</visible>
				</control>
				<control type="label" id="4520">
					<description>11th channel</description>
					<posx>75</posx>
					<posy>510</posy>
					<width>165</width>
					<height>51</height>
					<textcolor>white</textcolor>
					<shadowcolor></shadowcolor>
					<font>font12</font>
					<align>left</align>
					<aligny>center</aligny>
					<visible>String.IsEqual(Control.GetLabel(4220),)</visible>
				</control>
				<control type="label" id="4521">
					<description>12th channel</description>
					<posx>75</posx>
					<posy>561</posy>
					<width>165</width>
					<height>51</height>
					<textcolor>white</textcolor>
					<shadowcolor></shadowcolor>
					<font>font12</font>
					<align>left</align>
					<aligny>center</aligny>
					<visible>String.IsEqual(Control.GetLabel(4221),)</visible>
				</control>
				<control type="label" id="4522">
					<description>13th channel</description>
					<posx>75</posx>
					<posy>612</posy>
					<width>165</width>
					<height>51</height>
					<textcolor>white</textcolor>
					<shadowcolor></shadowcolor>
					<font>font12</font>
					<align>left</align>
					<aligny>center</aligny>
					<visible>String.IsEqual(Control.GetLabel(4222),)</visible>
				</control>
				<control type="label" id="4523">
					<description>14th channel</description>
					<posx>75</posx>
					<posy>663</posy>
					<width>165</width>
					<height>51</height>
					<textcolor>white</textcolor>
					<shadowcolor></shadowcolor>
					<font>font12</font>
					<align>left</align>
					<aligny>center</aligny>
					<visible>String.IsEqual(Control.GetLabel(4223),)</visible>
				</control>
				<control type="label" id="4524">
					<description>15th channel</description>
					<posx>75</posx>
					<posy>714</posy>
					<width>165</width>
					<height>51</height>
					<textcolor>white</textcolor>
					<shadowcolor></shadowcolor>
					<font>font12</font>
					<align>left</align>
					<aligny>center</aligny>
					<visible>String.IsEqual(Control.GetLabel(4224),)</visible>
				</control>
				<control type="label" id="4525">
					<description>16th channel</description>
					<posx>75</posx>
					<posy>765</posy>
					<width>165</width>
					<height>51</height>
					<textcolor>white</textcolor>
					<shadowcolor></shadowcolor>
					<font>font12</font>
					<align>left</align>
					<aligny>center</aligny>
					<visible>String.IsEqual(Control.GetLabel(4225),)</visible>
				</control>
				<control type="label" id="4526">
					<description>17th channel</description>
					<posx>75</posx>
					<posy>816</posy>
					<width>165</width>
					<height>51</height>
					<textcolor>white</textcolor>
					<shadowcolor></shadowcolor>
					<font>font12</font>
					<align>left</align>
					<aligny>center</aligny>
					<visible>String.IsEqual(Control.GetLabel(4226),)</visible>
				</control>
				<control type="label" id="4527">
					<description>18th channel</description>
					<posx>75</posx>
					<posy>867</posy>
					<width>165</width>
					<height>51</height>
					<textcolor>white</textcolor>
					<shadowcolor></shadowcolor>
					<font>font12</font>
					<align>left</align>
					<aligny>center</aligny>
					<visible>String.IsEqual(Control.GetLabel(4227),)</visible>
				</control>
				<control type="label" id="4528">
					<description>19th channel</description>
					<posx>75</posx>
					<posy>918</posy>
					<width>165</width>
					<height>51</height>
					<textcolor>white</textcolor>
					<shadowcolor></shadowcolor>
					<font>font12</font>
					<align>left</align>
					<aligny>center</aligny>
					<visible>String.IsEqual(Control.GetLabel(4228),)</visible>
				</control>
				<control type="label" id="4529">
					<description>20th channel</description>
					<posx>75</posx>
					<posy>969</posy>
					<width>165</width>
					<height>51</height>
					<textcolor>white</textcolor>
					<shadowcolor></shadowcolor>
					<font>font12</font>
					<align>left</align>
					<aligny>center</aligny>
					<visible>String.IsEqual(Control.GetLabel(4229),)</visible>
				</control>
				
				<!-- Channel index -->
                <control type="label" id="4410">
                    <description>1st channel</description>
					<posx>65</posx>
					<posy>0</posy>
					<width>75</width>
					<height>51</height>
					<textcolor>white</textcolor>
					<shadowcolor></shadowcolor>
					<font>font13_title</font>
					<align>center</align>
					<aligny>center</aligny>
					<visible>true</visible>
                </control>
                <control type="label" id="4411">
                    <description>2nd channel</description>
					<posx>65</posx>
					<posy>51</posy>
					<width>75</width>
					<height>51</height>
					<textcolor>white</textcolor>
					<shadowcolor></shadowcolor>
					<font>font13_title</font>
					<align>center</align>
					<aligny>center</aligny>
                    <visible>true</visible>
                </control>
                <control type="label" id="4412">
                    <description>3rd channel</description>
					<posx>65</posx>
					<posy>102</posy>
					<width>75</width>
					<height>51</height>
					<textcolor>white</textcolor>
					<shadowcolor></shadowcolor>
					<font>font13_title</font>
					<align>center</align>
					<aligny>center</aligny>
                    <visible>true</visible>
                </control>
                <control type="label" id="4413">
                    <description>4th channel</description>
					<posx>65</posx>
					<posy>153</posy>
					<width>75</width>
					<height>51</height>
					<textcolor>white</textcolor>
					<shadowcolor></shadowcolor>
					<font>font13_title</font>
					<align>center</align>
					<aligny>center</aligny>
                    <visible>true</visible>
                </control>
                <control type="label" id="4414">
                    <description>5th channel</description>
					<posx>65</posx>
					<posy>204</posy>
					<width>75</width>
					<height>51</height>
					<textcolor>white</textcolor>
					<shadowcolor></shadowcolor>
					<font>font13_title</font>
					<align>center</align>
					<aligny>center</aligny>
                    <visible>true</visible>
                </control>
                <control type="label" id="4415">
                    <description>6th channel</description>
					<posx>65</posx>
					<posy>255</posy>
					<width>75</width>
					<height>51</height>
					<textcolor>white</textcolor>
					<shadowcolor></shadowcolor>
					<font>font13_title</font>
					<align>center</align>
					<aligny>center</aligny>
                    <visible>true</visible>
                </control>
                <control type="label" id="4416">
                    <description>7th channel</description>
					<posx>65</posx>
					<posy>306</posy>
					<width>75</width>
					<height>51</height>
					<textcolor>white</textcolor>
					<shadowcolor></shadowcolor>
					<font>font13_title</font>
					<align>center</align>
					<aligny>center</aligny>
                    <visible>true</visible>
                </control>
                <control type="label" id="4417">
                    <description>8th channel</description>
					<posx>65</posx>
					<posy>357</posy>
					<width>75</width>
					<height>51</height>
					<textcolor>white</textcolor>
					<shadowcolor></shadowcolor>
					<font>font13_title</font>
					<align>center</align>
					<aligny>center</aligny>
                    <visible>true</visible>
                </control>
                <control type="label" id="4418">
                    <description>9th channel</description>
					<posx>65</posx>
					<posy>408</posy>
					<width>75</width>
					<height>51</height>
					<textcolor>white</textcolor>
					<shadowcolor></shadowcolor>
					<font>font13_title</font>
					<align>center</align>
					<aligny>center</aligny>
                    <visible>true</visible>
                </control>
				<control type="label" id="4419">
                    <description>10th channel</description>
					<posx>65</posx>
					<posy>459</posy>
					<width>75</width>
					<height>51</height>
					<textcolor>white</textcolor>
					<shadowcolor></shadowcolor>
					<font>font13_title</font>
					<align>center</align>
					<aligny>center</aligny>
                    <visible>true</visible>
                </control>
				<control type="label" id="4420">
                    <description>11th channel</description>
					<posx>65</posx>
					<posy>510</posy>
					<width>75</width>
					<height>51</height>
					<textcolor>white</textcolor>
					<shadowcolor></shadowcolor>
					<font>font13_title</font>
					<align>center</align>
					<aligny>center</aligny>
                    <visible>true</visible>
                </control>
				<control type="label" id="4421">
                    <description>12th channel</description>
					<posx>65</posx>
					<posy>561</posy>
					<width>75</width>
					<height>51</height>
					<textcolor>white</textcolor>
					<shadowcolor></shadowcolor>
					<font>font13_title</font>
					<align>center</align>
					<aligny>center</aligny>
                    <visible>true</visible>
                </control>
				<control type="label" id="4422">
                    <description>13th channel</description>
					<posx>65</posx>
					<posy>612</posy>
					<width>75</width>
					<height>51</height>
					<textcolor>white</textcolor>
					<shadowcolor></shadowcolor>
					<font>font13_title</font>
					<align>center</align>
					<aligny>center</aligny>
                    <visible>true</visible>
                </control>
				<control type="label" id="4423">
                    <description>14th channel</description>
					<posx>65</posx>
					<posy>663</posy>
					<width>75</width>
					<height>51</height>
					<textcolor>white</textcolor>
					<shadowcolor></shadowcolor>
					<font>font13_title</font>
					<align>center</align>
					<aligny>center</aligny>
                    <visible>true</visible>
                </control>
				<control type="label" id="4424">
                    <description>15th channel</description>
					<posx>65</posx>
					<posy>714</posy>
					<width>75</width>
					<height>51</height>
					<textcolor>white</textcolor>
					<shadowcolor></shadowcolor>
					<font>font13_title</font>
					<align>center</align>
					<aligny>center</aligny>
                    <visible>true</visible>
                </control>
				<control type="label" id="4425">
                    <description>16th channel</description>
					<posx>65</posx>
					<posy>765</posy>
					<width>75</width>
					<height>51</height>
					<textcolor>white</textcolor>
					<shadowcolor></shadowcolor>
					<font>font13_title</font>
					<align>center</align>
					<aligny>center</aligny>
                    <visible>true</visible>
                </control>
				<control type="label" id="4426">
                    <description>17th channel</description>
					<posx>65</posx>
					<posy>816</posy>
					<width>75</width>
					<height>51</height>
					<textcolor>white</textcolor>
					<shadowcolor></shadowcolor>
					<font>font13_title</font>
					<align>center</align>
					<aligny>center</aligny>
                    <visible>true</visible>
                </control>
				<control type="label" id="4427">
                    <description>18th channel</description>
					<posx>65</posx>
					<posy>867</posy>
					<width>75</width>
					<height>51</height>
					<textcolor>white</textcolor>
					<shadowcolor></shadowcolor>
					<font>font13_title</font>
					<align>center</align>
					<aligny>center</aligny>
                    <visible>true</visible>
                </control>
				<control type="label" id="4428">
                    <description>19th channel</description>
					<posx>65</posx>
					<posy>918</posy>
					<width>75</width>
					<height>51</height>
					<textcolor>white</textcolor>
					<shadowcolor></shadowcolor>
					<font>font13_title</font>
					<align>center</align>
					<aligny>center</aligny>
                    <visible>true</visible>
                </control>
				<control type="label" id="4429">
                    <description>20th channel</description>
					<posx>65</posx>
					<posy>969</posy>
					<width>75</width>
					<height>51</height>
					<textcolor>white</textcolor>
					<shadowcolor></shadowcolor>
					<font>font13_title</font>
					<align>center</align>
					<aligny>center</aligny>
                    <visible>true</visible>
                </control>

				<!-- logo buttons -->
				<control type="button" id="9010">
					<description>1st channel</description>
					<posx>81</posx>
					<posy>0</posy>
					<width>180</width>
					<height>51</height>
					<texturefocus>tvguide-program-grey-focus_logo.png</texturefocus>
					<texturenofocus>tvguide-program-grey_logo.png</texturenofocus>
				</control>
				<control type="button" id="9011">
					<description>2nd channel</description>
					<posx>81</posx>
					<posy>51</posy>
					<width>180</width>
					<height>51</height>
					<texturefocus>tvguide-program-grey-focus_logo.png</texturefocus>
					<texturenofocus>tvguide-program-grey_logo.png</texturenofocus>
				</control>
				<control type="button" id="9012">
					<description>3rd channel</description>
					<posx>81</posx>
					<posy>102</posy>
					<width>180</width>
					<height>51</height>
					<texturefocus>tvguide-program-grey-focus_logo.png</texturefocus>
					<texturenofocus>tvguide-program-grey_logo.png</texturenofocus>
				</control>
				<control type="button" id="9013">
					<description>4th channel</description>
					<posx>81</posx>
					<posy>153</posy>
					<width>180</width>
					<height>51</height>
					<texturefocus>tvguide-program-grey-focus_logo.png</texturefocus>
					<texturenofocus>tvguide-program-grey_logo.png</texturenofocus>
				</control>
				<control type="button" id="9014">
					<description>5th channel</description>
					<posx>81</posx>
					<posy>204</posy>
					<width>180</width>
					<height>51</height>
					<texturefocus>tvguide-program-grey-focus_logo.png</texturefocus>
					<texturenofocus>tvguide-program-grey_logo.png</texturenofocus>
				</control>
				<control type="button" id="9015">
					<description>6th channel</description>
					<posx>81</posx>
					<posy>255</posy>
					<width>180</width>
					<height>51</height>
					<texturefocus>tvguide-program-grey-focus_logo.png</texturefocus>
					<texturenofocus>tvguide-program-grey_logo.png</texturenofocus>
				</control>
				<control type="button" id="9016">
					<description>7th channel</description>
					<posx>81</posx>
					<posy>306</posy>
					<width>180</width>
					<height>51</height>
					<texturefocus>tvguide-program-grey-focus_logo.png</texturefocus>
					<texturenofocus>tvguide-program-grey_logo.png</texturenofocus>
				</control>
				<control type="button" id="9017">
					<description>8th channel</description>
					<posx>81</posx>
					<posy>357</posy>
					<width>180</width>
					<height>51</height>
					<texturefocus>tvguide-program-grey-focus_logo.png</texturefocus>
					<texturenofocus>tvguide-program-grey_logo.png</texturenofocus>
				</control>
				<control type="button" id="9018">
					<description>9th channel</description>
					<posx>81</posx>
					<posy>408</posy>
					<width>180</width>
					<height>51</height>
					<texturefocus>tvguide-program-grey-focus_logo.png</texturefocus>
					<texturenofocus>tvguide-program-grey_logo.png</texturenofocus>
				</control>
				<control type="button" id="9019">
					<description>10th channel</description>
					<posx>81</posx>
					<posy>459</posy>
					<width>180</width>
					<height>51</height>
					<texturefocus>tvguide-program-grey-focus_logo.png</texturefocus>
					<texturenofocus>tvguide-program-grey_logo.png</texturenofocus>
				</control>
				<control type="button" id="9020">
					<description>11th channel</description>
					<posx>81</posx>
					<posy>510</posy>
					<width>180</width>
					<height>51</height>
					<texturefocus>tvguide-program-grey-focus_logo.png</texturefocus>
					<texturenofocus>tvguide-program-grey_logo.png</texturenofocus>
				</control>
				<control type="button" id="9021">
					<description>12th channel</description>
					<posx>81</posx>
					<posy>561</posy>
					<width>180</width>
					<height>51</height>
					<texturefocus>tvguide-program-grey-focus_logo.png</texturefocus>
					<texturenofocus>tvguide-program-grey_logo.png</texturenofocus>
				</control>
				<control type="button" id="9022">
					<description>13th channel</description>
					<posx>81</posx>
					<posy>612</posy>
					<width>180</width>
					<height>51</height>
					<texturefocus>tvguide-program-grey-focus_logo.png</texturefocus>
					<texturenofocus>tvguide-program-grey_logo.png</texturenofocus>
				</control>
				<control type="button" id="9023">
					<description>14th channel</description>
					<posx>81</posx>
					<posy>663</posy>
					<width>180</width>
					<height>51</height>
					<texturefocus>tvguide-program-grey-focus_logo.png</texturefocus>
					<texturenofocus>tvguide-program-grey_logo.png</texturenofocus>
				</control>
				<control type="button" id="9024">
					<description>15th channel</description>
					<posx>81</posx>
					<posy>714</posy>
					<width>180</width>
					<height>51</height>
					<texturefocus>tvguide-program-grey-focus_logo.png</texturefocus>
					<texturenofocus>tvguide-program-grey_logo.png</texturenofocus>
				</control>
				<control type="button" id="9025">
					<description>16th channel</description>
					<posx>81</posx>
					<posy>765</posy>
					<width>180</width>
					<height>51</height>
					<texturefocus>tvguide-program-grey-focus_logo.png</texturefocus>
					<texturenofocus>tvguide-program-grey_logo.png</texturenofocus>
				</control>
				<control type="button" id="9026">
					<description>17th channel</description>
					<posx>81</posx>
					<posy>816</posy>
					<width>180</width>
					<height>51</height>
					<texturefocus>tvguide-program-grey-focus_logo.png</texturefocus>
					<texturenofocus>tvguide-program-grey_logo.png</texturenofocus>
				</control>
				<control type="button" id="9027">
					<description>18th channel</description>
					<posx>81</posx>
					<posy>867</posy>
					<width>180</width>
					<height>51</height>
					<texturefocus>tvguide-program-grey-focus_logo.png</texturefocus>
					<texturenofocus>tvguide-program-grey_logo.png</texturenofocus>
				</control>
				<control type="button" id="9028">
					<description>19th channel</description>
					<posx>81</posx>
					<posy>918</posy>
					<width>180</width>
					<height>51</height>
					<texturefocus>tvguide-program-grey-focus_logo.png</texturefocus>
					<texturenofocus>tvguide-program-grey_logo.png</texturenofocus>
				</control>
				<control type="button" id="9029">
					<description>20th channel</description>
					<posx>81</posx>
					<posy>969</posy>
					<width>180</width>
					<height>51</height>
					<texturefocus>tvguide-program-grey-focus_logo.png</texturefocus>
					<texturenofocus>tvguide-program-grey_logo.png</texturenofocus>
				</control>
				
				<!-- logo images 4110-->
				<control type="image" id="4110">
					<description>1st channel</description>
					<posx>115</posx>
					<posy>4</posy>
					<width>135</width>
					<height>37</height>
					<aspectratio>keep</aspectratio>
					<visible>!StringCompare(Control.GetLabel(4110),)</visible>
				</control>
				<control type="image" id="4111">
					<description>2nd channel</description>
					<posx>115</posx>
					<posy>55</posy>
					<width>135</width>
					<height>37</height>
					<aspectratio>keep</aspectratio>
					<visible>!StringCompare(Control.GetLabel(4111),)</visible>
				</control>
				<control type="image" id="4112">
					<description>3rd channel</description>
					<posx>115</posx>
					<posy>106</posy>
					<width>135</width>
					<height>37</height>
					<aspectratio>keep</aspectratio>
					<visible>!StringCompare(Control.GetLabel(4112),)</visible>
				</control>
				<control type="image" id="4113">
					<description>4th channel</description>
					<posx>115</posx>
					<posy>157</posy>
					<width>135</width>
					<height>37</height>
					<aspectratio>keep</aspectratio>
					<visible>!StringCompare(Control.GetLabel(4113),)</visible>
				</control>
				<control type="image" id="4114">
					<description>5th channel</description>
					<posx>115</posx>
					<posy>208</posy>
					<width>135</width>
					<height>37</height>
					<aspectratio>keep</aspectratio>
					<visible>!StringCompare(Control.GetLabel(4114),)</visible>
				</control>
				<control type="image" id="4115">
					<description>6th channel</description>
					<posx>115</posx>
					<posy>259</posy>
					<width>135</width>
					<height>37</height>
					<aspectratio>keep</aspectratio>
					<visible>!StringCompare(Control.GetLabel(4115),)</visible>
				</control>
				<control type="image" id="4116">
					<description>7th channel</description>
					<posx>115</posx>
					<posy>310</posy>
					<width>135</width>
					<height>37</height>
					<aspectratio>keep</aspectratio>
					<visible>!StringCompare(Control.GetLabel(4116),)</visible>
				</control>
				<control type="image" id="4117">
					<description>8th channel</description>
					<posx>115</posx>
					<posy>361</posy>
					<width>135</width>
					<height>37</height>
					<aspectratio>keep</aspectratio>
					<visible>!StringCompare(Control.GetLabel(4117),)</visible>
				</control>
				<control type="image" id="4118">
					<description>9th channel</description>
					<posx>115</posx>
					<posy>412</posy>
					<width>135</width>
					<height>37</height>
					<aspectratio>keep</aspectratio>
					<visible>!StringCompare(Control.GetLabel(4118),)</visible>
				</control>
				<control type="image" id="4119">
					<description>10th channel</description>
					<posx>115</posx>
					<posy>463</posy>
					<width>135</width>
					<height>37</height>
					<aspectratio>keep</aspectratio>
					<visible>!StringCompare(Control.GetLabel(4119),)</visible>
				</control>
				<control type="image" id="4120">
					<description>11th channel</description>
					<posx>115</posx>
					<posy>514</posy>
					<width>135</width>
					<height>37</height>
					<aspectratio>keep</aspectratio>
					<visible>!StringCompare(Control.GetLabel(4120),)</visible>
				</control>
				<control type="image" id="4121">
					<description>12th channel</description>
					<posx>115</posx>
					<posy>565</posy>
					<width>135</width>
					<height>37</height>
					<aspectratio>keep</aspectratio>
					<visible>!StringCompare(Control.GetLabel(4121),)</visible>
				</control>
				<control type="image" id="4122">
					<description>13th channel</description>
					<posx>115</posx>
					<posy>616</posy>
					<width>135</width>
					<height>37</height>
					<aspectratio>keep</aspectratio>
					<visible>!StringCompare(Control.GetLabel(4122),)</visible>
				</control>
				<control type="image" id="4123">
					<description>14th channel</description>
					<posx>115</posx>
					<posy>667</posy>
					<width>135</width>
					<height>37</height>
					<aspectratio>keep</aspectratio>
					<visible>!StringCompare(Control.GetLabel(4123),)</visible>
				</control>
				<control type="image" id="4124">
					<description>15th channel</description>
					<posx>115</posx>
					<posy>718</posy>
					<width>135</width>
					<height>37</height>
					<aspectratio>keep</aspectratio>
					<visible>!StringCompare(Control.GetLabel(4124),)</visible>
				</control>
				<control type="image" id="4125">
					<description>16th channel</description>
					<posx>115</posx>
					<posy>769</posy>
					<width>135</width>
					<height>37</height>
					<aspectratio>keep</aspectratio>
					<visible>!StringCompare(Control.GetLabel(4125),)</visible>
				</control>
				<control type="image" id="4126">
					<description>17th channel</description>
					<posx>115</posx>
					<posy>820</posy>
					<width>135</width>
					<height>37</height>
					<aspectratio>keep</aspectratio>
					<visible>!StringCompare(Control.GetLabel(4126),)</visible>
				</control>
				<control type="image" id="4127">
					<description>18th channel</description>
					<posx>115</posx>
					<posy>871</posy>
					<width>135</width>
					<height>37</height>
					<aspectratio>keep</aspectratio>
					<visible>!StringCompare(Control.GetLabel(4127),)</visible>
				</control>
				<control type="image" id="4128">
					<description>19th channel</description>
					<posx>115</posx>
					<posy>922</posy>
					<width>135</width>
					<height>37</height>
					<aspectratio>keep</aspectratio>
					<visible>!StringCompare(Control.GetLabel(4128),)</visible>
				</control>
				<control type="image" id="4129">
					<description>20th channel</description>
					<posx>115</posx>
					<posy>973</posy>
					<width>135</width>
					<height>37</height>
					<aspectratio>keep</aspectratio>
					<visible>!StringCompare(Control.GetLabel(4129),)</visible>
				</control>

				<!-- logo images 4210-->
				<control type="image" id="4210">
					<description>1st channel</description>
					<posx>115</posx>
					<posy>4</posy>
					<width>135</width>
					<height>37</height>
					<aspectratio>keep</aspectratio>
					<visible>!StringCompare(Control.GetLabel(4210),)</visible>
				</control>
				<control type="image" id="4211">
					<description>2nd channel</description>
					<posx>115</posx>
					<posy>55</posy>
					<width>135</width>
					<height>37</height>
					<aspectratio>keep</aspectratio>
					<visible>!StringCompare(Control.GetLabel(4211),)</visible>
				</control>
				<control type="image" id="4212">
					<description>3rd channel</description>
					<posx>115</posx>
					<posy>106</posy>
					<width>135</width>
					<height>37</height>
					<aspectratio>keep</aspectratio>
					<visible>!StringCompare(Control.GetLabel(4212),)</visible>
				</control>
				<control type="image" id="4213">
					<description>4th channel</description>
					<posx>115</posx>
					<posy>157</posy>
					<width>135</width>
					<height>37</height>
					<aspectratio>keep</aspectratio>
					<visible>!StringCompare(Control.GetLabel(4213),)</visible>
				</control>
				<control type="image" id="4214">
					<description>5th channel</description>
					<posx>115</posx>
					<posy>208</posy>
					<width>135</width>
					<height>37</height>
					<aspectratio>keep</aspectratio>
					<visible>!StringCompare(Control.GetLabel(4214),)</visible>
				</control>
				<control type="image" id="4215">
					<description>6th channel</description>
					<posx>115</posx>
					<posy>259</posy>
					<width>135</width>
					<height>37</height>
					<aspectratio>keep</aspectratio>
					<visible>!StringCompare(Control.GetLabel(4215),)</visible>
				</control>
				<control type="image" id="4216">
					<description>7th channel</description>
					<posx>115</posx>
					<posy>310</posy>
					<width>135</width>
					<height>37</height>
					<aspectratio>keep</aspectratio>
					<visible>!StringCompare(Control.GetLabel(4216),)</visible>
				</control>
				<control type="image" id="4217">
					<description>8th channel</description>
					<posx>115</posx>
					<posy>363</posy>
					<width>135</width>
					<height>37</height>
					<aspectratio>keep</aspectratio>
					<visible>!StringCompare(Control.GetLabel(4217),)</visible>
				</control>
				<control type="image" id="4218">
					<description>9th channel</description>
					<posx>115</posx>
					<posy>412</posy>
					<width>135</width>
					<height>37</height>
					<aspectratio>keep</aspectratio>
					<visible>!StringCompare(Control.GetLabel(4218),)</visible>
				</control>
				<control type="image" id="4219">
					<description>10th channel</description>
					<posx>115</posx>
					<posy>463</posy>
					<width>135</width>
					<height>37</height>
					<aspectratio>keep</aspectratio>
					<visible>!StringCompare(Control.GetLabel(4219),)</visible>
				</control>
				<control type="image" id="4220">
					<description>11th channel</description>
					<posx>115</posx>
					<posy>514</posy>
					<width>135</width>
					<height>37</height>
					<aspectratio>keep</aspectratio>
					<visible>!StringCompare(Control.GetLabel(4220),)</visible>
				</control>
				<control type="image" id="4221">
					<description>12th channel</description>
					<posx>115</posx>
					<posy>565</posy>
					<width>135</width>
					<height>37</height>
					<aspectratio>keep</aspectratio>
					<visible>!StringCompare(Control.GetLabel(4221),)</visible>
				</control>
				<control type="image" id="4222">
					<description>13th channel</description>
					<posx>115</posx>
					<posy>616</posy>
					<width>135</width>
					<height>37</height>
					<aspectratio>keep</aspectratio>
					<visible>!StringCompare(Control.GetLabel(4222),)</visible>
				</control>
				<control type="image" id="4223">
					<description>14th channel</description>
					<posx>115</posx>
					<posy>667</posy>
					<width>135</width>
					<height>37</height>
					<aspectratio>keep</aspectratio>
					<visible>!StringCompare(Control.GetLabel(4223),)</visible>
				</control>
				<control type="image" id="4224">
					<description>15th channel</description>
					<posx>115</posx>
					<posy>718</posy>
					<width>135</width>
					<height>37</height>
					<aspectratio>keep</aspectratio>
					<visible>!StringCompare(Control.GetLabel(4224),)</visible>
				</control>
				<control type="image" id="4225">
					<description>16th channel</description>
					<posx>115</posx>
					<posy>769</posy>
					<width>135</width>
					<height>37</height>
					<aspectratio>keep</aspectratio>
					<visible>!StringCompare(Control.GetLabel(4225),)</visible>
				</control>
				<control type="image" id="4226">
					<description>17th channel</description>
					<posx>115</posx>
					<posy>820</posy>
					<width>135</width>
					<height>37</height>
					<aspectratio>keep</aspectratio>
					<visible>!StringCompare(Control.GetLabel(4226),)</visible>
				</control>
				<control type="image" id="4227">
					<description>18th channel</description>
					<posx>115</posx>
					<posy>871</posy>
					<width>135</width>
					<height>37</height>
					<aspectratio>keep</aspectratio>
					<visible>!StringCompare(Control.GetLabel(4227),)</visible>
				</control>
				<control type="image" id="4228">
					<description>19th channel</description>
					<posx>115</posx>
					<posy>922</posy>
					<width>135</width>
					<height>37</height>
					<aspectratio>keep</aspectratio>
					<visible>!StringCompare(Control.GetLabel(4228),)</visible>
				</control>
				<control type="image" id="4229">
					<description>20th channel</description>
					<posx>115</posx>
					<posy>973</posy>
					<width>135</width>
					<height>37</height>
					<aspectratio>keep</aspectratio>
					<visible>!StringCompare(Control.GetLabel(4229),)</visible>
				</control>
			</control>

			<control type="image" id="4923">
				<description>Program logo / Source logo</description>
				<posx>57</posx>
				<posy>15</posy>
				<width>450</width>
				<height>225</height>
				<aspectratio>keep</aspectratio>
				<fadetime>0</fadetime>
				<align>center</align>
				<aligny>center</aligny>
				<texture>../../skin.xx/media/tvguide-logo-epg.png</texture>
				<visible>!Player.HasVideo</visible>
			</control>

			<control type="image" id="4924">
				<description>Channel logo</description>
				<posx>162</posx>
				<posy>997</posy>
				<width>240</width>
				<height>72</height>
				<aspectratio>keep</aspectratio>
				<fadetime>100</fadetime>
				<visible>!Player.HasVideo</visible>
			</control>

			<control type="label" id="4920">
				<description>Program title</description>
				<posx>57</posx>
				<posy>255</posy>
				<width>450</width>
				<height>45</height>
				<textcolor>FFDDDDDD</textcolor>
				<shadowcolor></shadowcolor>
				<font>font14</font>
				<align>center</align>
				<aligny>center</aligny>
			</control>
			<control type="label" id="4921">
				<description>Program time</description>
				<posx>57</posx>
				<posy>291</posy>
				<width>450</width>
				<height>45</height>
				<textcolor>FFDDDDDD</textcolor>
				<shadowcolor></shadowcolor>
				<font>font13_title</font>
				<align>center</align>
				<aligny>center</aligny>
			</control>
			<control type="textbox" id="4922">
				<description>Program description</description>
				<posx>65</posx>
				<posy>339</posy>
				<width>450</width>
				<height>599</height>
				<textcolor>FFDDDDAA</textcolor>
				<font>font10</font>
				<align>center</align>
				<wrapmultiline>true</wrapmultiline>
				<autoscroll time="3500" delay="4500" repeat="10000">true</autoscroll>
			</control>
			<control type="image" id="4944">
				<description>Live</description>
				<posx>550</posx>
				<posy>1039</posy>
				<width>120</width>
				<height>27</height>
				<aspectratio>keep</aspectratio>
				<visible>!Control.IsVisible(5000)</visible>
			</control>
			
			<control type="button" id="4975">
				<posx>0</posx>
				<posy>0</posy>
				<width>7</width>
				<height>100%</height>
				<texturefocus></texturefocus>
				<texturenofocus></texturenofocus>
			</control>
			
			<control type="image">
				<description>Channel number input bg</description>
				<posx>25</posx>
				<posy>25</posy>
				<width>240</width>
				<height>160</height>
				<texture border="40">dialogs/overlaydialogbackground.png</texture>
				<visible>!String.IsEqual(Control.GetLabel(9999),)</visible>
			</control>
			<control type="label" id="9999">
				<description>Channel number input</description>
				<posx>55</posx>
				<posy>25</posy>
				<width>180</width>
				<height>160</height>
				<textcolor>FFF1F1F1</textcolor>
				<font>font_MainMenu</font>
				<align>center</align>
				<aligny>center</aligny>
				<visible>!Control.IsVisible(5000)</visible>
			</control>
			
			<control type="label" id="4960">
				<visible>hidden</visible>
			</control>		
			<control type="label" id="4961">
				<visible>hidden</visible>
			</control>
			
			<control type="image" id="4101">
				<posx>709</posx>
				<posy>0</posy>
				<width>auto</width>
				<height>1020</height>
				<texture colordiffuse="">../../skin.xx/media/osd/back.png</texture>
				<animation type="Hidden" reversible="true">
					<effect type="fade" start="0" end="100" delay="0"/>
				</animation>
				<visible>!Control.IsVisible(4200) | Control.IsVisible(4199)</visible>
			</control>

			<control type="image" id="4100">
				<posx>0</posx>
				<posy>0</posy>
				<width>19</width>
				<height>1020</height>
				<texture colordiffuse="">../../skin.xx/media/tvguide-timebar.png</texture>	
				<animation type="Hidden" reversible="true">
					<effect type="fade" start="0" end="100" delay="0"/>
				</animation>
				<visible>!Control.IsVisible(4200) | Control.IsVisible(4199)</visible>
			</control>

			<control type="image">
				<posx>675</posx>
				<posy>990</posy>
				<width>1245</width>
				<height>90</height>
				<texture>../../skin.xx/media/mtvguide-bg-time.png</texture>
				<animation type="Conditional" condition="Control.IsVisible(5000)">
					<effect type="fade" start="100" end="0" time="500"/>
				</animation>
			</control>

			<!-- Date and time row -->
			<control type="group">
				<posx>720</posx>
				<posy>1023</posy>
				<width>1245</width>
				<height>45</height>
				<visible>!Control.IsVisible(5000)</visible>

				<control type="label" id="4000">
					<posy>103</posy>
				</control>
				<control type="label">
					<description>Today date</description>
					<posx>990</posx>
					<posy>4</posy>
					<width>210</width>
					<height>30</height>
					<font>font10_title</font>
					<textcolor>white</textcolor>
					<aligny>center</aligny>
					<align>center</align>
					<label>$INFO[Control.GetLabel(4960)], $INFO[Control.GetLabel(4961)]</label>
					<visible>!String.IsEmpty(Control.GetLabel(4960)) | !String.IsEmpty(Control.GetLabel(4961))</visible>
				</control>
				<control type="label">
					<description>Current time</description>
					<posx>990</posx>
					<posy>25</posy>
					<width>210</width>
					<height>30</height>
					<font>font10_title</font>
					<textcolor>white</textcolor>
					<align>center</align>
					<aligny>center</aligny>
					<label>$INFO[System.Time]</label>
				</control>
				<control type="label" id="4001">
					<description>1st half hour column</description>
					<posx>0</posx>
					<posy>0</posy>
					<width>210</width>
					<height>60</height>
					<textcolor>white</textcolor>
					<font>font13_title</font>
					<aligny>center</aligny>
				</control>
				<control type="label" id="4002">
					<description>2nd half hour column</description>
					<posx>292</posx>
					<posy>0</posy>
					<width>180</width>
					<height>60</height>
					<font>font13_title</font>
					<textcolor>white</textcolor>
					<aligny>center</aligny>
				</control>
				<control type="label" id="4003">
					<description>3rd half hour column</description>
					<posx>595</posx>
					<posy>0</posy>
					<width>210</width>
					<height>60</height>
					<font>font13_title</font>
					<textcolor>white</textcolor>
					<aligny>center</aligny>
				</control>
				<control type="label" id="4004">
					<description>4th half hour column</description>
					<posx>900</posx>
					<posy>0</posy>
					<width>210</width>
					<height>60</height>
					<font>font13_title</font>
					<textcolor>white</textcolor>
					<aligny>center</aligny>
				</control>
			</control>
				
				<control type="label" id="4919">	
					<visible>hidden</visible>
				</control>
				<control type="label" id="4952">	
					<visible>hidden</visible>
				</control>
				<control type="label" id="4953">	
					<visible>hidden</visible>
				</control>
				<control type="label" id="4954">	
					<visible>hidden</visible>
				</control>
				<control type="label" id="4955">	
					<visible>hidden</visible>
				</control>
					
				<control type="button" id="9990">
					<description>Play</description>
					<top>998</top>
					<posx>45</posx>
					<width>68</width>
					<height>67</height>
					<visible>true</visible>
					<colordiffuse>FFF1F1F1</colordiffuse>
					<texturefocus border="5">dialogs/floor_buttonfo.png</texturefocus>
					<texturenofocus border="5">dialogs/floor_button.png</texturenofocus>
					<label></label>
					<wrapmultiline>false</wrapmultiline>
					<font>font13</font>
					<textcolor>FFF1F1F1</textcolor>
					<focusedcolor>FFF1F1F1</focusedcolor>
					<disabledcolor>80FFFFFF</disabledcolor>
					<invalidcolor>FFF1F1F1</invalidcolor>
					<align>left</align>
					<aligny>center</aligny>
					<textoffsetx>64</textoffsetx>
					<textoffsety>12</textoffsety>
					<textwidth>300</textwidth>
					<onclick>ActivateWindow(PlayerControls)</onclick>
					<onfocus>-</onfocus>
					<onunfocus>-</onunfocus>
					<onup>-</onup>
					<ondown>-</ondown>
					<visible>!Control.IsVisible(5000) + Player.HasVideo</visible>
				</control>
				
				<control type="image">
					<description>Play</description>
					<top>1004</top>
					<posx>52</posx>
					<width>54</width>
					<height>54</height>
					<aspectratio>keep</aspectratio>
					<texture>../../skin.xx/media/dialogs/icon_player.png</texture>
					<visible>!Control.IsVisible(5000) + Player.HasVideo</visible>
				</control>
				
				<control type="label">
					<posx>130</posx>
					<posy>1008</posy>
					<width>700</width>
					<height>20</height>
					<label>$INFO[Control.GetLabel(4953)] - ([COLOR=blue]$INFO[Control.GetLabel(4954)][/COLOR])</label>
					<align>left</align>
					<aligny>center</aligny>
					<font>font12</font>
					<textcolor>FFb4b4b4</textcolor>
					<shadowcolor>black</shadowcolor>
					<visible>!Control.IsVisible(5000) + Player.HasVideo</visible>
				</control>
				
				<control type="label">
					<posx>130</posx>
					<posy>1042</posy>
					<width>700</width>
					<height>20</height>
					<label>$INFO[Control.GetLabel(4952)] - ([COLOR=blue]$INFO[Control.GetLabel(4955)][/COLOR])</label>
					<align>left</align>
					<aligny>center</aligny>
					<font>font12</font>
					<textcolor>FFb4b4b4</textcolor>
					<shadowcolor>black</shadowcolor>
					<visible>!Control.IsVisible(5000) + Player.HasVideo</visible>
				</control>
			</control>
			
				<control type="label" id="4199">
					<description>Visibility marker for loading background</description>
				</control>
				
				<control type="label" id="4200">
					<description>visibility marker for loading group</description>
				</control>
				
				<control type="group">
					<posx>0</posx>
					<posy>0</posy>
					<width>1920</width>
					<height>1080</height>
				
				<!-- Background screen -->
				<control type="image">
					<description>Splash</description>
					<posx>0</posx>
					<posy>0</posy>
					<width>1920</width>
					<height>1080</height>
					<texture colordiffuse="ff282828">../../skin.xx/media/osd/white.png</texture>
					<aspectratio>scale</aspectratio>					
					<!--<colordiffuse>77FFFFFF</colordiffuse>-->
					<visible>!Player.HasVideo + !Control.IsVisible(4200) | Control.IsVisible(4199)</visible>
					<animation start="0" end="100" delay="300" effect="fade">Visible</animation>
				</control>
				
				<!-- Logo -->	
				<control type="image">
					<posx>768</posx>
					<posy>270</posy>
					<width>384</width>
					<height>384</height>
					<aspectratio aligny="top" align="left">strech</aspectratio>
					<texture>dialogs/xx_logo.png</texture>
					<visible>!Player.HasVideo + !Control.IsVisible(4200) | Control.IsVisible(4199)</visible>
					<animation start="0" end="100" delay="300" effect="fade">Visible</animation>
				</control>
				
				<!-- Loading screen -->
				<control type="image">
					<description>Splash</description>
					<posx>0</posx>
					<posy>0</posy>
					<width>1920</width>
					<height>1080</height>
					<texture colordiffuse="ff282828">../../skin.xx/media/osd/white.png</texture>
					<aspectratio>scale</aspectratio>					
					<!--<colordiffuse>77FFFFFF</colordiffuse>-->
					<visible>!Player.HasVideo + !Control.IsVisible(4200)</visible>
					<animation start="0" end="100" delay="500" effect="fade">Visible</animation>
				</control>
				
				<!-- Logo -->
				<control type="image">
					<posx>768</posx>
					<posy>270</posy>
					<width>384</width>
					<height>384</height>
					<aspectratio aligny="top" align="left">strech</aspectratio>
					<texture>dialogs/xx_logo.png</texture>
					<visible>!Player.HasVideo + !Control.IsVisible(4200)</visible>
					<animation start="0" end="100" delay="500" effect="fade">Visible</animation>
				</control>
			</control>
				
			<!-- Progress -->
			<control type="image">
				<left>1080</left>
				<top>-15</top>
				<width>600</width>
				<height>105</height>
				<texture flipy="true" border="20,20,20,2">dialogs/InfoMessagePanel.png</texture>
				<visible>!Player.HasVideo + !Control.IsVisible(4200)</visible>
				<animation start="0" end="100" delay="500" effect="fade">Visible</animation>
			</control>
			
			<control type="progress" id="4201">
				<left>1103</left>
				<top>63</top>
				<width>555</width>
				<height>12</height>
				<texturebg border="6,0,6,0">osd/OSDProgressBack.png</texturebg>
				<lefttexture>-</lefttexture>
				<midtexture border="6,0,6,0">osd/OSDProgressMid.png</midtexture>
				<righttexture>-</righttexture>
				<overlaytexture>-</overlaytexture>
				<visible>!Player.HasVideo + !Control.IsVisible(4200)</visible>
				<animation start="0" end="100" delay="500" effect="fade">Visible</animation>
			</control>
			
			<control type="label">
				<left>1103</left>
				<top>6</top>
				<width>555</width>
				<height>27</height>
				<font>font10_title</font>
				<textcolor>FFEB9E17</textcolor>
				<align>left</align>
				<aligny>center</aligny>
				<label>[CAPITALIZE]$ADDON[script.mtvguide 55015][/CAPITALIZE]</label>
				<visible>!Player.HasVideo + !Control.IsVisible(4200)</visible>
				<animation start="0" end="100" delay="500" effect="fade">Visible</animation>
			</control>
			
			<control type="label" id="4202">
				<left>1103</left>
				<top>30</top>
				<width>555</width>
				<height>30</height>
				<font>font10</font>
				<align>left</align>
				<aligny>center</aligny>
				<visible>!Player.HasVideo + !Control.IsVisible(4200)</visible>
				<animation start="0" end="100" delay="500" effect="fade">Visible</animation>
			</control>
			
			<control type="button" id="4203">
				<posx>0</posx>
				<posy>0</posy>
				<width>0</width>
				<height>0</height>
				<label></label>
				<texturefocus></texturefocus>
				<texturenofocus></texturenofocus>
				<visible>hidden</visible>
			</control>
			
			<control type="image">
				<left>1614</left>
				<top>967</top>
				<width>282</width>
				<height>90</height>
				<texture border="20">dialogs/overlaydialogbackground.png</texture>
				<visible>!Player.HasVideo + !Control.IsVisible(4200)</visible>
				<animation start="0" end="100" delay="500" effect="fade">Visible</animation>
			</control>
			
			<!-- Spinner -->
			<control type="image">
				<description>Spinner</description>
				<left>1633</left>
				<top>989</top>
				<width>48</width>
				<height>48</height>
				<texture>spinner-confluencev2.png</texture>
				<aspectratio>keep</aspectratio>
				<animation effect="rotate" start="0" end="360" center="auto" time="900" loop="true" condition="true">conditional</animation>
				<visible>!Player.HasVideo + !Control.IsVisible(4200)</visible>
				<animation start="0" end="100" time="200" delay="500" effect="fade">Visible</animation>
			</control>
			
			<control type="label">
				<description>Spinner label</description>
				<left>1697</left>
				<top>1000</top>
				<width>180</width>
				<height>24</height>
				<align>left</align>
				<aligny>center</aligny>
				<label>$LOCALIZE[20186]</label>
				<font>font12</font>
				<visible>!Player.HasVideo + !Control.IsVisible(4200)</visible>
				<animation start="0" end="100" time="200" delay="500" effect="fade">Visible</animation>
			</control>
			
			<!-- Video Background -->
			<control type="image">
				<posx>0</posx>
				<posy>0</posy>
				<width>1920</width>
				<height>1080</height>
				<texture>../../skin.xx/media/osd/black.png</texture>
				<animation start="0" end="100" delay="500" effect="fade">Visible</animation>
				<visible>Player.HasVideo + !Control.IsVisible(4200)</visible>
			</control>
			
			<control type="videowindow">
			   <posx>0</posx>
			   <posy>0</posy>
			   <width>1920</width>
			   <height>1080</height>
			  <animation start="0" end="100" delay="500" effect="fade">Visible</animation>
				<visible>Player.HasVideo + !Control.IsVisible(4200)</visible>
			</control>
			
			<control type="image">
				<posx>1597</posx>
				<posy>22</posy>
				<width>300</width>
				<height>90</height>
				<texture colordiffuse="E5000000">../../skin.xx/media/osd/white.png</texture>
				<visible>Player.HasVideo + !Control.IsVisible(4200)</visible>
				<animation start="0" end="100" delay="500" effect="fade">Visible</animation>
			</control>
			
			<control type="image">
				<posx>1597</posx>
				<posy>22</posy>
				<width>22</width>
				<height>90</height>
				<texture colordiffuse="ff9f0706">../../skin.xx/media/osd/white.png</texture>
				<visible>Player.HasVideo + !Control.IsVisible(4200)</visible>
				<animation start="0" end="100" delay="500" effect="fade">Visible</animation>
			</control>
			
			<control type="image">
				<posx>1597</posx>
				<posy>112</posy>
				<width>300</width>
				<height>45</height>
				<texture colordiffuse="E5000000">../../skin.xx/media/osd/white.png</texture>
				<visible>Player.HasVideo + !Control.IsVisible(4200)</visible>
				<animation start="0" end="100" delay="500" effect="fade">Visible</animation>
			</control>
			<control type="image">
				<posx>1597</posx>
				<posy>112</posy>
				<width>22</width>
				<height>45</height>
				<texture colordiffuse="ff2c2c2c">../../skin.xx/media/osd/white.png</texture>
				<visible>Player.HasVideo + !Control.IsVisible(4200)</visible>
				<animation start="0" end="100" delay="500" effect="fade">Visible</animation>
			</control>
			
			<control type="label">	
				<posx>1635</posx>
				<posy>30</posy>
				<width>240</width>
				<height>73</height>
				<align>center</align>
				<aligny>center</aligny>
				<textcolor>fff0efef</textcolor>
				<label>$ADDON[script.mtvguide 55015]</label>
				<font>font45</font>
				<textcolor>fff0efef</textcolor>
				<visible>Player.HasVideo + !Control.IsVisible(4200)</visible>
				<animation start="0" end="100" delay="500" effect="fade">Visible</animation>
			</control>
			
			<control type="label">	
				<posx>1635</posx>
				<posy>112</posy>
				<width>240</width>
				<height>45</height>
				<align>center</align>
				<aligny>center</aligny>
				<textcolor>fff0efef</textcolor>
				<shadowcolor></shadowcolor>
				<font>font25_narrow</font>
				<label>$INFO[Control.GetLabel(4202)]</label>
				<visible>Player.HasVideo + !Control.IsVisible(4200)</visible>
				<animation start="0" end="100" delay="500" effect="fade">Visible</animation>
			</control>
		

		<!-- Mouse control panel -->
		<control type="label" id="4300">
			<description>visibility marker for mouse control group</description>
			<posx>0</posx>
			<posy>0</posy>
			<width>1920</width>
			<height>1080</height>
		</control>
		<control type="group">
			<posx>720</posx>
			<posy>995</posy>
			<width>1920</width>
			<height>1080</height>
			<aspectratio>scale</aspectratio>
			<animation start="0,0" end="0,223" time="400" effect="slide" condition="Window.IsActive(DialogInfo.xml) | Window.IsActive(script-tvguide-menu.xml) | Window.IsActive(selectdialog)">Conditional</animation>
			<animation start="0,223" end="0,0" time="400" effect="slide">Visible</animation>
			<animation start="100" end="100" delay="100" time="0" effect="fade">Hidden</animation>
			<animation start="0,0" end="0,223" time="400" effect="slide">WindowClose</animation>
			<visible>!Control.IsVisible(4300) + Control.IsVisible(4200)</visible>

			<control type="button" id="4301">
				<description>EPG</description>
				<posx>0</posx>
				<posy>0</posy>
				<width>80</width>
				<height>80</height>
				<texturefocus>../../skin.xx/media/buttons/epgFO.png</texturefocus>
				<texturenofocus>../../skin.xx/media/buttons/epgNF.png</texturenofocus>
				<aspectratio>scale</aspectratio>		
			</control>
			<control type="button" id="4302">
				<description>Navigate left</description>
				<posx>82</posx>
				<posy>0</posy>
				<width>80</width>
				<height>80</height>
				<texturefocus flipx="true">../../skin.xx/media/buttons/nextFO.png</texturefocus>
				<texturenofocus flipx="true">../../skin.xx/media/buttons/nextNF.png</texturenofocus>
				<aspectratio>scale</aspectratio>		
			</control>
			<control type="button" id="4303">
				<description>Navigate up</description>
				<posx>164</posx>
				<posy>0</posy>
				<width>80</width>
				<height>80</height>
				<texturefocus>../../skin.xx/media/buttons/nextupFO.png</texturefocus>
				<texturenofocus>../../skin.xx/media/buttons/nextupNF.png</texturenofocus>
				<aspectratio>scale</aspectratio>		
			</control>
			<control type="button" id="4304">
				<description>Navigate down</description>
				<posx>246</posx>
				<posy>0</posy>
				<width>80</width>
				<height>80</height>
				<texturefocus flipy="true">../../skin.xx/media/buttons/nextupFO.png</texturefocus>
				<texturenofocus flipy="true">../../skin.xx/media/buttons/nextupNF.png</texturenofocus>
				<aspectratio>scale</aspectratio>		
			</control>
			<control type="button" id="4305">
				<description>Navigate right</description>
				<posx>328</posx>
				<posy>0</posy>
				<width>80</width>
				<height>80</height>
				<texturefocus>../../skin.xx/media/buttons/nextFO.png</texturefocus>
				<texturenofocus>../../skin.xx/media/buttons/nextNF.png</texturenofocus>
				<aspectratio>scale</aspectratio>		
			</control>
			<control type="button" id="4311">
				<description>Settings</description>
				<posx>408</posx>
				<posy>0</posy>
				<width>80</width>
				<height>80</height>
				<texturefocus>../../skin.xx/media/buttons/setupFO.png</texturefocus>
				<texturenofocus>../../skin.xx/media/buttons/setupNF.png</texturenofocus>
				<aspectratio>scale</aspectratio>		
			</control>
		</control>
		
		<control type="label" id="6000">
			<description>visibility marker for OSD Info bar</description>
		</control>
		<control type="group">
			<description>OSD Info bar</description>
			<posx>0</posx>
			<posy>750</posy>
			<width>1920</width>
			<height>330</height>
			<visible>!Control.IsVisible(6000)</visible>
			<animation effect="fade" start="0" end="100" time="500">VisibleChange</animation>

			<control type="image">
				<left>90</left>
				<top>650</top>
				<width>509</width>
				<height>258</height>
				<texture border="22">dialogs/dialog-bg.png</texture>
			</control>

			<!-- Program description -->
			<control type="label" id="6001">
				<description>Program title</description>
				<posx>570</posx>
				<posy>702</posy>
				<width>430</width>
				<height>50</height>
				<label>18:00 - 20:00</label>
				<textcolor>FFA0A0A0</textcolor>
				<font>font12</font>
				<aligny>center</aligny>
			</control>
			<control type="label" id="6002">
				<description>Program time</description>
				<posx>550</posx>
				<posy>702</posy>
				<width>340</width>
				<height>50</height>
				<label>18:00 - 20:00</label>
				<textcolor>FF0084FF</textcolor>
				<font>font12</font>
				<align>right</align>
				<aligny>center</aligny>
			</control>
			<control type="textbox" id="6003">
				<description>Program description</description>
				<posx>400</posx>
				<posy>746</posy>
				<width>1340</width>
				<height>150</height>
				<textcolor>FFF1F1F1</textcolor>
				<font>font10</font>
				<wrapmultiline>true</wrapmultiline>
				<autoscroll time="4500" delay="10000" repeat="10000">true</autoscroll>
			</control>
			<control type="image" id="6004">
				<description>Program channel logo</description>
				<posx>1100</posx>
				<posy>155</posy>
				<width>160</width>
				<height>45</height>
				<aspectratio>keep</aspectratio>
			</control>
			<control type="label" id="6005">
				<description>Program channel text</description>
				<posx>110</posx>
				<posy>155</posy>
				<width>160</width>
				<height>45</height>
				<textcolor>FFF1F1F1</textcolor>
				<font>font10</font>
				<align>center</align>
				<visible>StringCompare(Control.GetLabel(6004),)</visible>
			</control>
		</control>
	</controls>
</window>
