<?xml version="1.0" encoding="utf-8"?>
<window>
	<aspectratio>scale</aspectratio>
	<coordinates>
		<system>1</system><posx>0</posx><posy>0</posy>
	</coordinates>
	<controls>
	
		<control type="button" id="1000">
			<description>Close Window button</description>
			<top>11</top>
			<left>auto</left>
			<width>48</width>
			<height>48</height>
			<label></label>
			<font></font>
			<onclick>Dialog.Close(VideoOSD,true)</onclick>
			<onclick>FullScreen</onclick>
			<texturefocus colordiffuse="EEFFFFFF">../../skin.estuary.modv2/media/dialogs/close.png</texturefocus>
			<texturenofocus colordiffuse="EEFFFFFF">../../skin.estuary.modv2/media/dialogs/close.png</texturenofocus>
			<onleft>1000</onleft>
			<onright>1000</onright>
			<onup>100</onup>
			<ondown>100</ondown>
			<animation effect="slide" end="-70,0" time="0" condition="true">Conditional</animation>
			<visible>hidden</visible>
		</control>
		
		<control type="label" id="4919">
			<visible>hidden</visible>
		</control>
		
		<control type="label" id="4920">
			<visible>hidden</visible>
		</control>
		
		<control type="label" id="4925">
			<visible>hidden</visible>
		</control>
		
		<control type="label" id="4950">
			<visible>hidden</visible>
		</control>

		<control type="label" id="4951">
			<visible>hidden</visible>
		</control>
		
		<control type="label" id="4957">
 			<visible>hidden</visible>
		</control>

		<control type="label" id="4958">
			<visible>hidden</visible>
		</control>

		<control type="label" id="4959">
			<visible>hidden</visible>
		</control>
		
		<control type="label" id="4962">
			<visible>hidden</visible>
		</control>
	
		<control type="group" id="100">
			<left>0</left>
			<top>0</top>
			<animation type="WindowOpen" reversible="False">
				<effect type="fade" start="0" end="100" time="300"/>
				<effect type="slide" start="0,200" end="0,0" time="300" tween="cubic" easing="out" />
			</animation>
			<animation type="WindowClose" reversible="False">
				<effect type="fade" start="100" end="0" time="300"/>
				<effect type="slide" start="0,0" end="0,200" time="300" tween="cubic" easing="out" />
			</animation>

			<control type="image">
				<description>Background</description>
				<left>0</left>
				<top>730</top>
				<width>1920</width>
				<height>282</height>
				<texture colordiffuse="">../../skin.estuary.modv2/media/dialogs/dialog-bg-nobo.png</texture>
			</control>

			<control type="image">
				<left>300</left>
				<top>820</top>
				<width>1602</width>
				<height>2</height>
				<texture colordiffuse="button_focus">../../skin.estuary.modv2/media/osd/white.png</texture>
			</control>

			<control type="image">
				<left>5</left>
				<top>960</top>
				<width>1900</width>
				<height>2</height>
				<texture colordiffuse="button_focus">../../skin.estuary.modv2/media/osd/white.png</texture>
			</control>

				<!-- Progress -->
			<control type="progress" id="4999">
				<left>300</left>
				<top>888</top>
				<width>1220</width>
				<height>8</height>
				<texturebg border="3" colordiffuse="60FFFFFF">../../skin.estuary.modv2/media/osd/white.png</texturebg>
				<midtexture colordiffuse="button_focus">../../skin.estuary.modv2/media/osd/white70.png</midtexture>
			    <lefttexture></lefttexture>
			    <righttexture></righttexture>
			    <overlaytexture></overlaytexture>
				<visible>!Control.HasFocus(118)</visible>
			</control>
			
			<control type="image">
				<left>300</left>
				<top>880</top>
				<width>1220</width>
				<height>8</height>
				<texture border="3" colordiffuse="60FFFFFF">../../skin.estuary.modv2/media/osd/white50.png</texture>
				<visible>!Control.HasFocus(118)</visible>
			</control>
			
			<control type="image">
				<left>300</left>
				<top>888</top>
				<width>1220</width>
				<height>8</height>
				<texture border="3" colordiffuse="60FFFFFF">../../skin.estuary.modv2/media/osd/white.png</texture>
				<visible allowhiddenfocus="true">Control.IsVisible(107) | Control.IsVisible(108)</visible>
				<visible>!Control.HasFocus(118)</visible>
			</control>
			
			<control type="slider" id="4998">
				<left>300</left>
				<top>880</top>
				<width>1220</width>
				<height>17</height>
				<controloffsetx>75</controloffsetx>
				<controloffsety>0</controloffsety>
				<texturesliderbar colordiffuse="00FFFFFF">../../skin.estuary.modv2/media/osd/nub_bar.png</texturesliderbar>
				<textureslidernib colordiffuse="button_focus">../../skin.estuary.modv2/media/osd/nub_bar.png</textureslidernib>
				<textureslidernibfocus colordiffuse="FFFFFFFF">../../skin.estuary.modv2/media/osd/nub_bar.png</textureslidernibfocus>
				<orientation>horizontal</orientation>
				<visible>!Control.HasFocus(118)</visible>
			</control>	

				<!-- Information -->			
			<control type="label">
				<description>Program number / Channel title</description>
				<left>300</left>
				<top>728</top>
				<width min="20" max="800">auto</width>
				<height>64</height>
				<font>font45</font>
				<textcolor>button_focus</textcolor>
				<label>[UPPERCASE]$INFO[Control.GetLabel(4925)][/UPPERCASE]     [UPPERCASE]$INFO[Control.GetLabel(4919)][/UPPERCASE] [COLOR 60FFFFFF]$INFO[Control.GetLabel(4962)][/COLOR]</label>
			</control>
			
			<control type="label">
				<description>Description</description>
				<left>300</left>
				<top>780</top>
				<width min="20" max="1000">auto</width>
				<height>33</height>
				<font>font12</font>
				<textcolor>60FFFFFF</textcolor>
				<label>[UPPERCASE]$INFO[Control.GetLabel(4922)][/UPPERCASE]</label>
				<visible>!Control.HasFocus(118)</visible>
			</control>
			
			<control type="label">
				<description>Title</description>
				<left>300</left>
				<top>780</top>
				<width min="20" max="1000">auto</width>
				<height>33</height>
				<font>font12</font>
				<textcolor>FFF0F0F0</textcolor>
				<label>[UPPERCASE]$INFO[Control.GetLabel(4920)][/UPPERCASE]</label>
				<visible>Control.HasFocus(118)</visible>
			</control>
			
			<control type="textbox" id="4922">
				<description>Description</description>
				<left>300</left>
				<top>830</top>
				<width>1215</width>
				<height>125</height>
				<font>font13</font>
				<textcolor>FFF0F0F0</textcolor>
				<label>$INFO[Control.GetLabel(4922)]</label>
				<visible>Control.HasFocus(118)</visible>
			</control>
			
			<control type="grouplist">	
				<left>300</left>
				<top>822</top>
				<width>1920</width>
				<height>60</height>
				<usecontrolcoords>true</usecontrolcoords>
				<orientation>horizontal</orientation>
				<align>left</align>
				
				<control type="label">
					<description>System Time / Program title</description>
					<left>0</left>
					<top>0</top>
					<width min="20" max="800">auto</width>
					<height>55</height>
					<font>font37</font>
					<textcolor>FFF0F0F0</textcolor>
					<label>$INFO[Control.GetLabel(4950)]     $INFO[Control.GetLabel(4920)]</label>
					<visible>!Control.HasFocus(118)</visible>
				</control>
				
				<control type="image" id="4932">
					<description>Program age</description>
					<posy>10</posy>
					<left>10</left>
					<width>34</width>
					<height>34</height>
					<aspectratio>keep</aspectratio>
				</control>
			</control>
			
			<control type="label">
				<description>Time Left</description>
				<left>717</left>
				<top>822</top>
				<width min="20" max="800">auto</width>
				<height>48</height>
				<font>font14</font>
				<align>right</align>
				<textcolor>FFF0F0F0</textcolor>
				<label>+$INFO[Control.GetLabel(4958)]</label>
				<visible>!Control.HasFocus(118)</visible>
			</control>
			
			<control type="label">
				<description>Info</description>
				<left>300</left>
				<top>900</top>
				<width min="20" max="800">auto</width>
				<height>44</height>
				<font>font13</font>
				<textcolor>FFA0A0A0</textcolor>
				<label>$INFO[Control.GetLabel(4951)]    $INFO[Control.GetLabel(4957)]</label>
				<visible>!Control.HasFocus(118)</visible>
			</control>
			
			<control type="label">
				<description>Time Left</description>
				<left>717</left>
				<top>900</top>
				<width min="20" max="800">auto</width>
				<height>44</height>
				<font>font13</font>
				<align>right</align>
				<textcolor>FFA0A0A0</textcolor>
				<label>$INFO[Control.GetLabel(4959)]</label>
				<visible>!Control.HasFocus(118)</visible>
			</control>
			
			<control type="image" id="4924">
				<description>Channel logo</description>
				<left>20</left>
				<top>785</top>
				<width>260</width>
				<height>112</height>
				<aspectratio>keep</aspectratio>
				<visible>true</visible>
			</control>
			
				<!-- System Time / Date -->
			<control type="label">
				<description>Time</description>
				<left>1020</left>
				<top>715</top>
				<width min="20" max="800">auto</width>
				<height>79</height>
				<font>font60</font>
				<align>right</align>
				<textcolor>FFF0F0F0</textcolor>
				<shadowcolor>22000000</shadowcolor>
				<label>[LIGHT]$INFO[System.Time][/LIGHT]</label>
			</control>
			
			<control type="label" id="4960">
				<visible>hidden</visible>
			</control>
				
			<control type="label" id="4961">
				<visible>hidden</visible>
			</control>
			
			<control type="label">
				<description>Date</description>
				<left>1020</left>
				<top>785</top>
				<width min="20" max="800">auto</width>
				<height>30</height>
				<font>font10</font>
				<align>right</align>
				<textcolor>FFA0A0A0</textcolor>
				<label>$INFO[Control.GetLabel(4960)], $INFO[Control.GetLabel(4961)]</label>
			</control>
			
				<!-- Now / Next Button -->
			<control type="button" id="112">
				<left>1335</left>
				<top>640</top>
				<width>258</width>
				<height>60</height>
				<font>font12</font>
				<texturefocus colordiffuse="button_focus">../../skin.estuary.modv2/media/osd/white.png</texturefocus>
				<texturenofocus colordiffuse="">../../skin.estuary.modv2/media/dialogs/dialog-bg-nobo.png</texturenofocus>
				<visible>!Control.IsVisible(118) + Control.IsVisible(107) | Control.IsVisible(108)</visible>
			</control>
			
			<control type="button" id="111">
				<left>1623</left>
				<top>640</top>
				<width>258</width>
				<height>60</height>
				<font>font12</font>
				<texturefocus colordiffuse="button_focus">../../skin.estuary.modv2/media/osd/white.png</texturefocus>
				<texturenofocus colordiffuse="">../../skin.estuary.modv2/media/dialogs/dialog-bg-nobo.png</texturenofocus>
			</control>
			
			<control type="button" id="118">
				<description>Plot</description>
				<left>1335</left>
				<top>640</top>
				<width>258</width>
				<height>60</height>
				<font>font12</font>
				<textcolor>FFF0F0F0</textcolor>
				<focusedcolor>FFF0F0F0</focusedcolor>
				<disabledcolor>40FFFFFF</disabledcolor>
				<shadowcolor>22000000</shadowcolor>
				<align>center</align>
				<aligny>center</aligny>
				<label>$ADDON[script.mtvguide 68000]</label>
				<texturefocus colordiffuse="button_focus">../../skin.estuary.modv2/media/osd/white.png</texturefocus>
				<texturenofocus colordiffuse="">../../skin.estuary.modv2/media/dialogs/dialog-bg-nobo.png</texturenofocus>
				<visible>!Control.IsVisible(107) + !Control.IsVisible(108)</visible>
			</control>
			
			<control type="label">
				<description>Previous</description>
				<left>1335</left>
				<top>640</top>
				<width>258</width>
				<height>60</height>
				<font>font12</font>
				<textcolor>FFF0F0F0</textcolor>
				<shadowcolor>22000000</shadowcolor>
				<align>center</align>
				<aligny>center</aligny>
				<label>$ADDON[script.mtvguide 68011]</label>
				<visible>Control.IsVisible(107) | Control.IsVisible(108)</visible>
			</control>
			
			<control type="label">
				<description>Now</description>
				<left>1623</left>
				<top>640</top>
				<width>258</width>
				<height>60</height>
				<font>font12</font>
				<textcolor>FFF0F0F0</textcolor>
				<shadowcolor>22000000</shadowcolor>
				<align>center</align>
				<aligny>center</aligny>
				<label>$ADDON[script.mtvguide 30311]</label>
				<visible>Control.IsVisible(118) + !Control.IsVisible(107) + !Control.IsVisible(108)</visible>
			</control>
			
			<control type="label">
				<description>Next</description>
				<left>1623</left>
				<top>640</top>
				<width>258</width>
				<height>60</height>
				<font>font12</font>
				<textcolor>FFF0F0F0</textcolor>
				<shadowcolor>22000000</shadowcolor>
				<align>center</align>
				<aligny>center</aligny>
				<label>$ADDON[script.mtvguide 30312]</label>
				<visible>Control.IsVisible(107) | Control.IsVisible(108)</visible>
			</control>			
			
				<!-- Live icon -->
			<control type="image" id="4944">
				<description>Live</description>
				<left>1395</left>
				<top>748</top>
				<aspectratio>keep</aspectratio>
				<width>120</width>
				<height>55</height>
			</control>
		
				<!-- Flags -->
			<control type="image">
				<left>1727</left>
				<top>840</top>
				<width>90</width>
				<height>42</height>
				<aspectratio align="center">scale</aspectratio>
				<texture>$INFO[VideoPlayer.VideoAspect,../../skin.estuary.modv2/media/flags/aspectratio/,.png]</texture>
			</control>

			<control type="image">
				<left>1664</left>
				<top>840</top>
				<width>62</width>
				<height>42</height>
				<aspectratio align="center">scale</aspectratio>
				<texture>$INFO[VideoPlayer.VideoResolution,../../skin.estuary.modv2/media/flags/videoresolution/,.png]</texture>
			</control>
			
			<control type="image">
				<left>1550</left>
				<top>895</top>
				<width>110</width>
				<height>42</height>
				<aspectratio align="center">scale</aspectratio>
				<texture>$INFO[VideoPlayer.VideoCodec,../../skin.estuary.modv2/media/flags/videocodec/,.png]</texture>
			</control>

			<control type="image">
				<left>1664</left>
				<top>895</top>
				<width>110</width>
				<height>42</height>
				<aspectratio align="center">scale</aspectratio>
				<texture>$INFO[VideoPlayer.AudioCodec,../../skin.estuary.modv2/media/flags/audiocodec/,.png]</texture>
			</control>
			
				<!-- Weather -->
			<control type="label">
				<left>1604</left>
				<top>778</top>
				<font>font13</font>
				<textcolor>FFA0A0A0</textcolor>
				<align>right</align>
				<width min="20" max="300">auto</width>
				<height>44</height>
				<label>[COLOR=ffc5c5c5]$INFO[Weather.Temperature][/COLOR]</label>
				<visible>Weather.IsFetched</visible>
			</control>
			
			<control type="image">
				<left>1825</left>
				<top>708</top>
				<width>100</width>
			    <height>100</height>
				<aspectratio align="center">keep</aspectratio>
				<texture>$INFO[Weather.FanartCode,weather/,.png]</texture>
				<visible>Weather.IsFetched</visible>
			</control>	
			
				<!-- Buttons -->
			<control type="radiobutton" id="101">
				<left>212</left>
				<top>1016</top>
				<width>54</width>
				<height>54</height>
				<textureradioonfocus colordiffuse="FFF0F0F0">../../skin.estuary.modv2/media/buttons/stopFO.png</textureradioonfocus>
				<textureradioonnofocus>../../skin.estuary.modv2/media/buttons/stopFO.png</textureradioonnofocus>
				<textureradioofffocus colordiffuse="FFF0F0F0">../../skin.estuary.modv2/media/buttons/stopFO.png</textureradioofffocus>
				<textureradiooffnofocus>../../skin.estuary.modv2/media/buttons/stopFO.png</textureradiooffnofocus>
				<texturefocus colordiffuse="button_focus">../../skin.estuary.modv2/media/buttons/buttonFO.png</texturefocus>
				<font></font>
				<texturenofocus></texturenofocus>
				<radioposx>1</radioposx>
				<radioposy>0</radioposy>
				<radiowidth>54</radiowidth>
				<radioheight>54</radioheight>
				<animation type="Focus" condition="!Skin.HasSetting(no_animations)" reversible="false">
					<effect type="zoom" end="125" time="75" tween="sine" easing="out" center="auto" />
					<effect type="zoom" end="80" time="225" tween="sine" delay="100" easing="out" center="auto" />
				</animation>
			</control>
			
			<control type="label">
				<left>1590</left>
				<top>1032</top>
				<width min="20" max="300">auto</width>
				<height>46.5</height>
				<font>font25_title</font>
				<textcolor>FFF0F0F0</textcolor>
				<shadowcolor>22000000</shadowcolor>
				<align>right</align>
				<label>$ADDON[script.mtvguide 89004]</label>
				<visible>Control.HasFocus(101)</visible>
			</control>
			
			<control type="radiobutton" id="102">
				<left>404</left>
				<top>1016</top>
				<width>54</width>
				<height>54</height>
				<textureradioonfocus colordiffuse="FFF0F0F0">../../skin.estuary.modv2/media/buttons/infoFO.png</textureradioonfocus>
				<textureradioonnofocus>../../skin.estuary.modv2/media/buttons/infoFO.png</textureradioonnofocus>
				<textureradioofffocus colordiffuse="FFF0F0F0">../../skin.estuary.modv2/media/buttons/infoFO.png</textureradioofffocus>
				<textureradiooffnofocus>../../skin.estuary.modv2/media/buttons/infoFO.png</textureradiooffnofocus>
				<texturefocus colordiffuse="button_focus">../../skin.estuary.modv2/media/buttons/buttonFO.png</texturefocus>
				<font></font>
				<texturenofocus></texturenofocus>
				<radioposx>1</radioposx>
				<radioposy>0</radioposy>
				<radiowidth>54</radiowidth>
				<radioheight>54</radioheight>
				<animation type="Focus" condition="!Skin.HasSetting(no_animations)" reversible="false">
					<effect type="zoom" end="125" time="75" tween="sine" easing="out" center="auto" />
					<effect type="zoom" end="80" time="225" tween="sine" delay="100" easing="out" center="auto" />
				</animation>
			</control>
			
			<control type="label">
				<left>1590</left>
				<top>1032</top>
				<width min="20" max="300">auto</width>
				<height>46.5</height>
				<font>font25_title</font>
				<textcolor>FFF0F0F0</textcolor>
				<shadowcolor>22000000</shadowcolor>
				<align>right</align>
				<label>$ADDON[script.mtvguide 31009]</label>
				<visible>Control.HasFocus(102)</visible>
			</control>
			
			<control type="radiobutton" id="103">
				<left>20</left>
				<top>1016</top>
				<width>54</width>
				<height>54</height>
				<textureradioonfocus colordiffuse="FFF0F0F0">../../skin.estuary.modv2/media/buttons/channelFO.png</textureradioonfocus>
				<textureradioonnofocus>../../skin.estuary.modv2/media/buttons/channelFO.png</textureradioonnofocus>
				<textureradioofffocus colordiffuse="FFF0F0F0">../../skin.estuary.modv2/media/buttons/channelFO.png</textureradioofffocus>
				<textureradiooffnofocus>../../skin.estuary.modv2/media/buttons/channelFO.png</textureradiooffnofocus>
				<texturefocus colordiffuse="button_focus">../../skin.estuary.modv2/media/buttons/buttonFO.png</texturefocus>
				<font></font>
				<texturenofocus></texturenofocus>
				<radioposx>1</radioposx>
				<radioposy>0</radioposy>
				<radiowidth>54</radiowidth>
				<radioheight>54</radioheight>
				<animation type="Focus" condition="!Skin.HasSetting(no_animations)" reversible="false">
					<effect type="zoom" end="125" time="75" tween="sine" easing="out" center="auto" />
					<effect type="zoom" end="80" time="225" tween="sine" delay="100" easing="out" center="auto" />
				</animation>
			</control>
			
			<control type="label">
				<left>1590</left>
				<top>1032</top>
				<width min="20" max="300">auto</width>
				<height>46.5</height>
				<font>font25_title</font>
				<textcolor>FFF0F0F0</textcolor>
				<shadowcolor>22000000</shadowcolor>
				<align>right</align>
				<label>$ADDON[script.mtvguide 68011]</label>
				<visible>Control.HasFocus(103)</visible>
			</control>
			
			<control type="radiobutton" id="104">
				<left>116</left>
				<top>1016</top>
				<width>54</width>
				<height>54</height>
				<textureradioonfocus flipy="true" colordiffuse="FFF0F0F0">../../skin.estuary.modv2/media/buttons/channelFO.png</textureradioonfocus>
				<textureradioonnofocus flipy="true">../../skin.estuary.modv2/media/buttons/channelFO.png</textureradioonnofocus>
				<textureradioofffocus flipy="true" colordiffuse="FFF0F0F0">../../skin.estuary.modv2/media/buttons/channelFO.png</textureradioofffocus>
				<textureradiooffnofocus flipy="true">../../skin.estuary.modv2/media/buttons/channelFO.png</textureradiooffnofocus>
				<texturefocus colordiffuse="button_focus">../../skin.estuary.modv2/media/buttons/buttonFO.png</texturefocus>
				<font></font>
				<texturenofocus></texturenofocus>
				<radioposx>1</radioposx>
				<radioposy>0</radioposy>
				<radiowidth>54</radiowidth>
				<radioheight>54</radioheight>
				<animation type="Focus" condition="!Skin.HasSetting(no_animations)" reversible="false">
					<effect type="zoom" end="125" time="75" tween="sine" easing="out" center="auto" />
					<effect type="zoom" end="80" time="225" tween="sine" delay="100" easing="out" center="auto" />
				</animation>
			</control>
			
			<control type="label">
				<left>1590</left>
				<top>1032</top>
				<width min="20" max="300">auto</width>
				<height>46.5</height>
				<font>font25_title</font>
				<textcolor>FFF0F0F0</textcolor>
				<shadowcolor>22000000</shadowcolor>
				<align>right</align>
				<label>$ADDON[script.mtvguide 30312]</label>
				<visible>Control.HasFocus(104)</visible>
			</control>
			
			<control type="radiobutton" id="105">
				<left>212</left>
				<top>1016</top>
				<width>54</width>
				<height>54</height>
				<textureradioonfocus colordiffuse="FFF0F0F0">../../skin.estuary.modv2/media/buttons/nextFO.png</textureradioonfocus>
				<textureradioonnofocus>../../skin.estuary.modv2/media/buttons/nextFO.png</textureradioonnofocus>
				<textureradioofffocus colordiffuse="FFF0F0F0">../../skin.estuary.modv2/media/buttons/nextFO.png</textureradioofffocus>
				<textureradiooffnofocus>../../skin.estuary.modv2/media/buttons/nextFO.png</textureradiooffnofocus>
				<texturefocus colordiffuse="button_focus">../../skin.estuary.modv2/media/buttons/buttonFO.png</texturefocus>
				<font></font>
				<texturenofocus></texturenofocus>
				<radioposx>1</radioposx>
				<radioposy>0</radioposy>
				<radiowidth>54</radiowidth>
				<radioheight>54</radioheight>
				<animation type="Focus" condition="!Skin.HasSetting(no_animations)" reversible="false">
					<effect type="zoom" end="125" time="75" tween="sine" easing="out" center="auto" />
					<effect type="zoom" end="80" time="225" tween="sine" delay="100" easing="out" center="auto" />
				</animation>
			</control>
			
			<control type="label">
				<left>1590</left>
				<top>1032</top>
				<width min="20" max="300">auto</width>
				<height>46.5</height>
				<font>font25_title</font>
				<textcolor>FFF0F0F0</textcolor>
				<shadowcolor>22000000</shadowcolor>
				<align>right</align>
				<label>$ADDON[script.mtvguide 30352]</label>
				<visible>Control.HasFocus(105)</visible>
			</control>
			
			<control type="radiobutton" id="106">
				<left>500</left>
				<top>1016</top>
				<width>54</width>
				<height>54</height>
				<textureradioonfocus colordiffuse="FFF0F0F0">../../skin.estuary.modv2/media/buttons/setupFO.png</textureradioonfocus>
				<textureradioonnofocus>../../skin.estuary.modv2/media/buttons/setupFO.png</textureradioonnofocus>
				<textureradioofffocus colordiffuse="FFF0F0F0">../../skin.estuary.modv2/media/buttons/setupFO.png</textureradioofffocus>
				<textureradiooffnofocus>../../skin.estuary.modv2/media/buttons/setupFO.png</textureradiooffnofocus>
				<texturefocus colordiffuse="button_focus">../../skin.estuary.modv2/media/buttons/buttonFO.png</texturefocus>
				<font></font>
				<texturenofocus></texturenofocus>
				<radioposx>1</radioposx>
				<radioposy>0</radioposy>
				<radiowidth>54</radiowidth>
				<radioheight>54</radioheight>
				<animation type="Focus" condition="!Skin.HasSetting(no_animations)" reversible="false">
					<effect type="zoom" end="125" time="75" tween="sine" easing="out" center="auto" />
					<effect type="zoom" end="80" time="225" tween="sine" delay="100" easing="out" center="auto" />
				</animation>
			</control>
			
			<control type="label">
				<left>1590</left>
				<top>1032</top>
				<width min="20" max="300">auto</width>
				<height>46.5</height>
				<font>font25_title</font>
				<textcolor>FFF0F0F0</textcolor>
				<shadowcolor>22000000</shadowcolor>
				<align>right</align>
				<label>$ADDON[script.mtvguide 30913]</label>
				<visible>Control.HasFocus(106)</visible>
			</control>
			
			<control type="radiobutton" id="107">
				<left>212</left>
				<top>1016</top>
				<width>54</width>
				<height>54</height>
				<textureradioonfocus colordiffuse="FFF0F0F0">../../skin.estuary.modv2/media/buttons/scheduleFO.png</textureradioonfocus>
				<textureradioonnofocus>../../skin.estuary.modv2/media/buttons/scheduleFO.png</textureradioonnofocus>
				<textureradioofffocus colordiffuse="FFF0F0F0">../../skin.estuary.modv2/media/buttons/scheduleFO.png</textureradioofffocus>
				<textureradiooffnofocus>../../skin.estuary.modv2/media/buttons/scheduleFO.png</textureradiooffnofocus>
				<texturefocus colordiffuse="button_focus">../../skin.estuary.modv2/media/buttons/buttonFO.png</texturefocus>
				<font></font>
				<texturenofocus></texturenofocus>
				<radioposx>1</radioposx>
				<radioposy>0</radioposy>
				<radiowidth>54</radiowidth>
				<radioheight>54</radioheight>
				<animation type="Focus" condition="!Skin.HasSetting(no_animations)" reversible="false">
					<effect type="zoom" end="125" time="75" tween="sine" easing="out" center="auto" />
					<effect type="zoom" end="80" time="225" tween="sine" delay="100" easing="out" center="auto" />
				</animation>
			</control>
			
			<control type="label">
				<left>1590</left>
				<top>1032</top>
				<width min="20" max="300">auto</width>
				<height>46.5</height>
				<font>font25_title</font>
				<textcolor>FFF0F0F0</textcolor>
				<shadowcolor>22000000</shadowcolor>
				<align>right</align>
				<label>$ADDON[script.mtvguide 30301]</label>
				<visible>Control.HasFocus(107)</visible>
			</control>
			
			<control type="radiobutton" id="108">
				<left>212</left>
				<top>1016</top>
				<width>54</width>
				<height>54</height>
				<textureradioonfocus colordiffuse="FFF0F0F0">../../skin.estuary.modv2/media/buttons/remindFO.png</textureradioonfocus>
				<textureradioonnofocus>../../skin.estuary.modv2/media/buttons/remindFO.png</textureradioonnofocus>
				<textureradioofffocus colordiffuse="FFF0F0F0">../../skin.estuary.modv2/media/buttons/remindFO.png</textureradioofffocus>
				<textureradiooffnofocus>../../skin.estuary.modv2/media/buttons/remindFO.png</textureradiooffnofocus>
				<texturefocus colordiffuse="button_focus">../../skin.estuary.modv2/media/buttons/buttonFO.png</texturefocus>
				<font></font>
				<texturenofocus></texturenofocus>
				<radioposx>1</radioposx>
				<radioposy>0</radioposy>
				<radiowidth>54</radiowidth>
				<radioheight>54</radioheight>
				<animation type="Focus" condition="!Skin.HasSetting(no_animations)" reversible="false">
					<effect type="zoom" end="125" time="75" tween="sine" easing="out" center="auto" />
					<effect type="zoom" end="80" time="225" tween="sine" delay="100" easing="out" center="auto" />
				</animation>
			</control>
			
			<control type="label">
				<left>1590</left>
				<top>1032</top>
				<width min="20" max="300">auto</width>
				<height>46.5</height>
				<font>font25_title</font>
				<textcolor>FFF0F0F0</textcolor>
				<shadowcolor>22000000</shadowcolor>
				<align>right</align>
				<label>$ADDON[script.mtvguide 30302]</label>
				<visible>Control.HasFocus(108)</visible>
			</control>
			
			<control type="radiobutton" id="109">
				<left>596</left>
				<top>1016</top>
				<width>54</width>
				<height>54</height>
				<textureradioonfocus colordiffuse="FFF0F0F0">../../skin.estuary.modv2/media/buttons/subsFO.png</textureradioonfocus>
				<textureradioonnofocus>../../skin.estuary.modv2/media/buttons/subsFO.png</textureradioonnofocus>
				<textureradioofffocus colordiffuse="FFF0F0F0">../../skin.estuary.modv2/media/buttons/subsFO.png</textureradioofffocus>
				<textureradiooffnofocus>../../skin.estuary.modv2/media/buttons/subsFO.png</textureradiooffnofocus>
				<texturefocus colordiffuse="button_focus">../../skin.estuary.modv2/media/buttons/buttonFO.png</texturefocus>
				<font></font>
				<texturenofocus></texturenofocus>
				<radioposx>1</radioposx>
				<radioposy>0</radioposy>
				<radiowidth>54</radiowidth>
				<radioheight>54</radioheight>
				<animation type="Focus" condition="!Skin.HasSetting(no_animations)" reversible="false">
					<effect type="zoom" end="125" time="75" tween="sine" easing="out" center="auto" />
					<effect type="zoom" end="80" time="225" tween="sine" delay="100" easing="out" center="auto" />
				</animation>
			</control>
			
			<control type="label">
				<left>1590</left>
				<top>1032</top>
				<width min="20" max="300">auto</width>
				<height>46.5</height>
				<font>font25_title</font>
				<textcolor>FFF0F0F0</textcolor>
				<shadowcolor>22000000</shadowcolor>
				<align>right</align>
				<label>$ADDON[script.mtvguide 68012]</label>
				<visible>Control.HasFocus(109)</visible>
			</control>
			
			<control type="radiobutton" id="110">
				<left>692</left>
				<top>1016</top>
				<width>54</width>
				<height>54</height>
				<textureradioonfocus colordiffuse="FFF0F0F0">../../skin.estuary.modv2/media/buttons/langFO.png</textureradioonfocus>
				<textureradioonnofocus>../../skin.estuary.modv2/media/buttons/langFO.png</textureradioonnofocus>
				<textureradioofffocus colordiffuse="FFF0F0F0">../../skin.estuary.modv2/media/buttons/langFO.png</textureradioofffocus>
				<textureradiooffnofocus>../../skin.estuary.modv2/media/buttons/langFO.png</textureradiooffnofocus>
				<texturefocus colordiffuse="button_focus">../../skin.estuary.modv2/media/buttons/buttonFO.png</texturefocus>
				<font></font>
				<texturenofocus></texturenofocus>
				<radioposx>1</radioposx>
				<radioposy>0</radioposy>
				<radiowidth>54</radiowidth>
				<radioheight>54</radioheight>
				<animation type="Focus" condition="!Skin.HasSetting(no_animations)" reversible="false">
					<effect type="zoom" end="125" time="75" tween="sine" easing="out" center="auto" />
					<effect type="zoom" end="80" time="225" tween="sine" delay="100" easing="out" center="auto" />
				</animation>
			</control>
			
			<control type="label">
				<left>1590</left>
				<top>1032</top>
				<width min="20" max="300">auto</width>
				<height>46.5</height>
				<font>font25_title</font>
				<textcolor>FFF0F0F0</textcolor>
				<shadowcolor>22000000</shadowcolor>
				<align>right</align>
				<label>$ADDON[script.mtvguide 68013]</label>
				<visible>Control.HasFocus(110)</visible>
			</control>
			
			<control type="radiobutton" id="113">
				<left>788</left>
				<top>1016</top>
				<width>54</width>
				<height>54</height>
				<textureradioonfocus colordiffuse="FFF0F0F0">../../skin.estuary.modv2/media/buttons/epgFO.png</textureradioonfocus>
				<textureradioonnofocus>../../skin.estuary.modv2/media/buttons/epgFO.png</textureradioonnofocus>
				<textureradioofffocus colordiffuse="FFF0F0F0">../../skin.estuary.modv2/media/buttons/epgFO.png</textureradioofffocus>
				<textureradiooffnofocus>../../skin.estuary.modv2/media/buttons/epgFO.png</textureradiooffnofocus>
				<texturefocus colordiffuse="button_focus">../../skin.estuary.modv2/media/buttons/buttonFO.png</texturefocus>
				<font></font>
				<texturenofocus></texturenofocus>
				<radioposx>1</radioposx>
				<radioposy>0</radioposy>
				<radiowidth>54</radiowidth>
				<radioheight>54</radioheight>
				<animation type="Focus" condition="!Skin.HasSetting(no_animations)" reversible="false">
					<effect type="zoom" end="125" time="75" tween="sine" easing="out" center="auto" />
					<effect type="zoom" end="80" time="225" tween="sine" delay="100" easing="out" center="auto" />
				</animation>
			</control>
			
			<control type="label">
				<left>1590</left>
				<top>1032</top>
				<width min="20" max="300">auto</width>
				<height>46.5</height>
				<font>font25_title</font>
				<textcolor>FFF0F0F0</textcolor>
				<shadowcolor>22000000</shadowcolor>
				<align>right</align>
				<label>$ADDON[script.mtvguide 68014]</label>
				<visible>Control.HasFocus(113)</visible>
			</control>
			
			<control type="radiobutton" id="114">
				<left>308</left>
				<top>1016</top>
				<width>54</width>
				<height>54</height>
				<textureradioonfocus colordiffuse="FFF0F0F0">../../skin.estuary.modv2/media/buttons/playFO.png</textureradioonfocus>
				<textureradioonnofocus>../../skin.estuary.modv2/media/buttons/playFO.png</textureradioonnofocus>
				<textureradioofffocus colordiffuse="FFF0F0F0">../../skin.estuary.modv2/media/buttons/pauseFO.png</textureradioofffocus>
				<textureradiooffnofocus>../../skin.estuary.modv2/media/buttons/pauseFO.png</textureradiooffnofocus>
				<texturefocus colordiffuse="button_focus">../../skin.estuary.modv2/media/buttons/buttonFO.png</texturefocus>
				<selected>Player.Paused</selected>
				<font></font>
				<texturenofocus></texturenofocus>
				<radioposx>1</radioposx>
				<radioposy>0</radioposy>
				<radiowidth>54</radiowidth>
				<radioheight>54</radioheight>
				<animation type="Focus" condition="!Skin.HasSetting(no_animations)" reversible="false">
					<effect type="zoom" end="125" time="75" tween="sine" easing="out" center="auto" />
					<effect type="zoom" end="80" time="225" tween="sine" delay="100" easing="out" center="auto" />
				</animation>
			</control>
			
			<control type="label">
				<left>1590</left>
				<top>1032</top>
				<width min="20" max="300">auto</width>
				<height>46.5</height>
				<font>font25_title</font>
				<textcolor>FFF0F0F0</textcolor>
				<shadowcolor>22000000</shadowcolor>
				<align>right</align>
				<label>$LOCALIZE[35224]</label>
				<visible>Control.HasFocus(114)</visible>
			</control>
		</control>
			
				<!-- Time Top -->
			<control type="label">
				<description>Time</description>
				<top>0</top>
				<align>right</align>
				<left>1300</left>
				<orientation>horizontal</orientation>
				<font>font_clock</font>
				<textcolor>FFF0F0F0</textcolor>
				<shadowcolor>22000000</shadowcolor>
				<height>96.5</height>
				<width>600</width>
				<label>[B]$INFO[System.Time][/B]</label>
				<animation effect="fade" time="150">WindowOpen</animation>
				<animation effect="fade" time="150">WindowClose</animation>
			</control>

			<control type="label">
				<description>Ends at</description>
				<top>75</top>
				<left>1595</left>
				<align>right</align>
				<width min="20" max="300">auto</width>
				<height>44</height>
				<font>font13</font>
				<textcolor>FFF0F0F0</textcolor>
		  		<shadowcolor>22000000</shadowcolor>
				<label>$ADDON[script.mtvguide 68015] $INFO[Control.GetLabel(4951)]</label>
				<animation effect="fade" time="150">WindowOpen</animation>
				<animation effect="fade" time="150">WindowClose</animation>
			</control>
			
				<!-- Channel number -->
			<control type="image">
				<description>Channel number input bg</description>
				<left>1588</left>
				<top>25</top>
				<width>220</width>
				<height>160</height>
				<texture flipx="false">../../skin.estuary.modv2/media/dialogs/dialog-bg-nobo.png</texture>
				<bordertexture border="21">../../skin.estuary.modv2/media/dialogs/shadow.png</bordertexture>
				<bordersize>20</bordersize>
				<visible>!String.IsEqual(Control.GetLabel(9999),)</visible>
			</control>
			<control type="label" id="9999">
                <description>Channel number input</description>
                <left>1628</left>
                <top>25</top>
				<width>140</width>
				<height>160</height>
                <textcolor>FFF0F0F0</textcolor>
				<shadowcolor>22000000</shadowcolor>
				<font>font_MainMenu</font>
				<align>center</align>
				<aligny>center</aligny>
            </control>
	</controls>
</window>