<?xml version="1.0" encoding="utf-8"?>
<window type="dialog">
	<defaultcontrol always="true">9000</defaultcontrol>
	<aspectratio>scale</aspectratio>
	<coordinates>
		<system>1</system><posx>0</posx><posy>0</posy>
	</coordinates>
	<controls>
	
	<control type="group">
		<top>0</top>
		<animation effect="fade" time="250" delay="100">WindowOpen</animation>
		<animation effect="fade" time="50">WindowClose</animation>
		<control type="image">
			<width>1920</width>
			<height>1080</height>
			<texture>dialogs/back.png</texture>
		</control>
	</control>
	
	<!-- InfoBar -->
	<control type="image">
		<left>0</left>
		<top>0</top>
		<width>1920</width>
		<height>87</height>
		<texture colordiffuse="FF000000" flipy="false">dialogs/submenu_bar.png</texture>
		<visible>Window.IsActive(DialogInfo.xml)</visible>
	</control>
	
	<!-- Menu -->
	<control type="label">
		<left>1305</left>
		<top>-3</top>
		<width min="20" max="600">auto</width>
		<height>41</height>
		<font>font13_title</font>
		<align>right</align>
		<textcolor>FF606060</textcolor>
		<FF000000color>FF000000</FF000000color>
		<label>$INFO[System.Date] | [COLOR AAFFFFFF]$INFO[System.Time][/COLOR]</label>
		<!--<animation type="WindowOpen">
			<effect type="slide" start="0,-100" end="0,0" time="200" delay="1000" />
		</animation>
		<animation type="WindowClose">
			<effect type="slide" end="0,-100" start="0,0" time="200" delay="200" />
		</animation>-->
		<visible>Window.IsActive(DialogInfo.xml)</visible>
	</control>
	
	<!-- Date and time row -->
	<control type="group">
		<posx>0</posx>
		<posy>2</posy>
		<width>1920</width>
		<height>1080</height>
		<visible>Window.IsActive(DialogInfo.xml)</visible>
	
	<control type="button">
		<top>0</top>
		<left>909</left>
		<width>32</width>
		<height>32</height>
		<font>font13_title</font>
		<textoffsetx>-16</textoffsetx>
		<textcolor>FF606060</textcolor>
		<focusedcolor>FF606060</focusedcolor>
		<disabledcolor>80FFFFFF</disabledcolor>
		<FFFF0000color>80FFFFFF</FFFF0000color>
		<textoffsety>-2</textoffsety>
		<label>[COLOR AAFFFFFF]1[/COLOR]</label>
		<texturefocus>dialogs/list.png</texturefocus>
		<texturenofocus>dialogs/list.png</texturenofocus>
		<onclick>noop</onclick>
		<!--<animation type="WindowOpen">
			<effect type="slide" start="0,-100" end="0,0" time="200" delay="1000" />
		</animation>
		<animation type="WindowClose">
			<effect type="slide" end="0,-100" start="0,0" time="200" delay="200" />
		</animation>-->
	</control>
	
	<control type="button">
		<top>0</top>
		<left>1012</left>
		<width>32</width>
		<height>32</height>
		<font>font13_title</font>
		<textoffsetx>-59</textoffsetx>
		<textcolor>FF606060</textcolor>
		<focusedcolor>FF606060</focusedcolor>
		<disabledcolor>80FFFFFF</disabledcolor>
		<FFFF0000color>80FFFFFF</FFFF0000color>
		<textoffsety>-2</textoffsety>
		<label>[COLOR AAFFFFFF]| 1/1[/COLOR]</label>
		<texturefocus>dialogs/page.png</texturefocus>
		<texturenofocus>dialogs/page.png</texturenofocus>
		<onclick>noop</onclick>
		<!--<animation type="WindowOpen">
			<effect type="slide" start="0,-100" end="0,0" time="200" delay="1000" />
		</animation>
		<animation type="WindowClose">
			<effect type="slide" end="0,-100" start="0,0" time="200" delay="200" />
		</animation>-->
	</control>
</control>

	<control type="button" id="1000">
		<left>-27</left>
		<top>3</top>
		<texturenofocus colordiffuse="FFBDBDBD">mediamenu_indicator.png</texturenofocus>
		<texturefocus colordiffuse="FFFFFFFF">mediamenu_indicator.png</texturefocus>
		<height>32</height>
		<width>60</width>
		<align>left</align>
		<aligny>center</aligny>
		<textoffsety>6</textoffsety>
		<font>font13</font>
		<onclick>Action(ContextMenu)</onclick>
		<label>[UPPERCASE]PVR $LOCALIZE[19069]INFO[/UPPERCASE]</label>
		<textoffsetx>84</textoffsetx>
		<textwidth>600</textwidth>
		<wrapmultiline>false</wrapmultiline>
		<textcolor>AAFFFFFF</textcolor>
		<focusedcolor>AAFFFFFF</focusedcolor>
		<disabledcolor>80FFFFFF</disabledcolor>
		<FFFF0000color>80FFFFFF</FFFF0000color>
		<visible>Window.IsActive(DialogInfo.xml)</visible>
	</control>
	
	<control type="image">
		<left>16</left>
		<top>6</top>
		<height>32</height>
		<width>32</width>
		<texture>dialogs/tv.png</texture>
		<visible>Window.IsActive(DialogInfo.xml)</visible>
	</control>
	
	<control type="group">
		<top>530</top>
		<animation effect="slide" start="-729,0" end="0,0" time="500" tween="quadratic">WindowOpen</animation>
		<animation effect="slide" end="-729,0" time="500" tween="quadratic">WindowClose</animation>
		<control type="image">
			<width>729</width>
			<height>540</height>
			<texture>dialogs/back.png</texture>
		</control>
		<control type="image">
			<top>0</top>
			<width>729</width>
			<height>180</height>
			<aspectratio>keep</aspectratio>
			<texture background="true">silvo-logo.png</texture>
		</control>
		<control type="image" id="4923">
			<top>286</top>
			<left>138</left>
			<width>452</width>
			<height>256</height>
			<aspectratio>scale</aspectratio>
			<texture background="true">tvguide-logo-epg.png</texture>	
		</control>
	</control>
	
	<control type="group">
		<animation effect="slide" start="1242,0" end="0,0" time="500" tween="quadratic">WindowOpen</animation>
		<animation effect="slide" end="1242,0" time="500" tween="quadratic">WindowClose</animation>
		<left>729</left>
		<top>530</top>
		<control type="image">
			<width>1192</width>
			<height>540</height>
			<texture>dialogs/back.png</texture>
		</control>
	</control>
	
		<control type="group">
			<top>520</top>
			<left>768</left>
			<width>1042</width>
			<height>854</height>
			<animation effect="slide" start="1242,0" end="0,0" time="500" tween="quadratic">WindowOpen</animation>
			<animation effect="slide" end="1242,0" time="500" tween="quadratic">WindowClose</animation>
			
			<control type="grouplist">
				<top>-15</top>
				<width>1100</width>
				<height>110</height>
				<align>center</align>
				
				<control type="label" id="4920">
					<width>1100</width>
					<height>60</height>
					<font>font30_title_bold</font>
					<textcolor>grey</textcolor>
					<scroll>true</scroll>
				</control>
			</control>
				<control type="textbox">
					<top>60</top>
					<left>0</left>
					<width>1100</width>
					<height>60</height>
					<font>font15</font>
					<textcolor>FF6DB9E5</textcolor>
					<label>$ADDON[script.mtvguide 30506]: [COLOR grey]$ADDON[script.mtvguide 30162][/COLOR]</label>
					<scroll>true</scroll>
					<visible>String.IsEqual(Control.GetLabel(4925),)</visible>
				</control>
			</control>
		
			<control type="group">
				<top>594</top>
				<left>-205</left>
				<width>1042</width>
				<height>854</height>
				<animation effect="slide" start="1242,0" end="0,0" time="500" tween="quadratic">WindowOpen</animation>
				<animation effect="slide" end="1242,0" time="500" tween="quadratic">WindowClose</animation>
			
			<control type="grouplist">
				<top>-15</top>
				<width>1920</width>
				<height>110</height>
				<align>left</align>
				<orientation>horizontal</orientation>
				<itemgap>0</itemgap>
		
				<control type="textbox">
					<top>60</top>
					<left>0</left>
					<width min="0" max="1100">auto</width>
					<height>60</height>
					<font>font15</font>
					<textcolor>FF6DB9E5</textcolor>
					<label>$ADDON[script.mtvguide 30506]: </label>
					<scroll>true</scroll>
					<align>right</align>
					<visible>!String.IsEqual(Control.GetLabel(4925),)</visible>
				</control>
				<control type="textbox" id="4925">
					<top>60</top>
					<left>0</left>
					<width min="0" max="1100">auto</width>
					<height>160</height>
					<font>font15</font>
					<textcolor>grey</textcolor>
					<scroll>true</scroll>
					<align>left</align>
					<visible>!String.IsEqual(Control.GetLabel(4925),)</visible>
				</control>
			</control>
		</control>
		
		<control type="group">
		<animation effect="slide" start="1242,0" end="0,0" time="500" tween="quadratic">WindowOpen</animation>
		<animation effect="slide" end="1242,0" time="500" tween="quadratic">WindowClose</animation>
			
		<control type="image">
			<top>629</top>
			<right>0</right>
			<width>1188</width>
			<height>1</height>
			<texture colordiffuse="FF6DB9E5">dialogs/osd_line_white.png</texture>
		</control>
		<control type="grouplist">
			<top>620</top>
			<left>768</left>
			<width>1188</width>
			<height>85</height>
			<orientation>horizontal</orientation>
			<usecontrolcoords>true</usecontrolcoords>
			<control type="label" id="4921">
				<top>18</top>
				<width>1188</width>
				<height>60</height>
				<font>font52_bold</font>
				<textcolor>grey</textcolor>
			</control>
		</control>
		<control type="image">
			<right>0</right>
			<top>705</top>
			<width>1188</width>
			<height>1</height>
			<texture colordiffuse="FF6DB9E5">dialogs/osd_line_white.png</texture>
		</control>
	</control>
	
	<control type="group">
		<animation effect="slide" start="1242,0" end="0,0" time="500" tween="quadratic">WindowOpen</animation>
		<animation effect="slide" end="1242,0" time="500" tween="quadratic">WindowClose</animation>
		
	<control type="textbox" id="4926">
		<visible>false</visible>
	</control>
	
	<control type="textbox" id="4928">
		<visible>false</visible>
	</control>
	
	<control type="panel" id="300">
		<left>732</left>
		<top>701</top>
		<width>1188</width>
		<height>216</height>
		<viewtype label="3D list">list</viewtype>
		<orientation>horizontal</orientation>
		<scrolltime tween="quadratic" easing="out">200</scrolltime>
		
		<itemlayout height="72" width="1188">
			<control type="label">
				<width>1188</width>
				<height>67</height>
				<font>font15</font>
				<textcolor>FF6DB9E5</textcolor>
				<label>$INFO[ListItem.Label2,, ]$INFO[ListItem.Label,[COLOR grey], [/COLOR]]</label>
				<textoffsetx>36</textoffsetx>
			</control>
		</itemlayout>
		<focusedlayout height="72" width="1188">
			<control type="image">
				<top>5</top>
				<width>1188</width>
				<height>62</height>
				<texture colordiffuse="FF6DB9E5" border="4">dialogs/listselect_fo.png</texture>
				<visible>Control.HasFocus(300)</visible>
			</control>
			<control type="label">
				<width>1188</width>
				<height>67</height>
				<font>font15</font>
				<label>$INFO[ListItem.Label2,, ]$INFO[ListItem.Label]</label>
				<textoffsetx>36</textoffsetx>
				<animation effect="fade" start="100" end="70" time="300" tween="sine" easing="inout">Conditional</animation>
			</control>
		</focusedlayout>
			<content>
		<item>
			<label>$INFO[System.Date]</label>
			<label2>$LOCALIZE[552]:</label2>
		</item>
		<item>
			<label>$INFO[Control.GetLabel(4926)]</label>
			<label2>$LOCALIZE[515]:</label2>
		</item>
		<item>
			<label>$INFO[Control.GetLabel(4928)]</label>
			<label2>$LOCALIZE[344]:</label2>
		</item>
	</content>
</control>
	</control>

		<control type="group">
		<animation effect="slide" start="1242,0" end="0,0" time="500" tween="quadratic">WindowOpen</animation>
		<animation effect="slide" end="1242,0" time="500" tween="quadratic">WindowClose</animation>


		<control type="image">
			<right>0</right>
			<top>911</top>
			<width>1188</width>
			<height>1</height>
			<texture colordiffuse="FF6DB9E5">dialogs/osd_line_white.png</texture>
		</control>
	</control>
		
		<control type="group">
		<animation effect="slide" start="1242,0" end="0,0" time="500" tween="quadratic">WindowOpen</animation>
		<animation effect="slide" end="1242,0" time="500" tween="quadratic">WindowClose</animation>
		
		<control type="grouplist" id="9001">
			<top>911</top>
			<left>732</left>
			<width>1190</width>
			<height>204</height>
			<onup>9000</onup>
			<ondown>noop</ondown>
			<pagecontrol>70</pagecontrol>
			<scrolltime tween="quadratic" easing="out">300</scrolltime>
			<control type="group" id="90017">
				<width>1190</width>
				<height>204</height>
				<control type="button" id="900171">
					<description>FS Plot</description>
					<texturenofocus />
					<width>1186</width>
					<height>214</height>
					<label />
				</control>
				<control type="textbox" id="4922">
					<description>Plot</description>
					<left>36</left>
					<top>3</top>
					<width>1112</width>
					<height>174</height>
					<pagecontrol />
					<autoscroll time="3000" delay="6000" repeat="6000">Skin.HasSetting(Enable.AutoScroll) + !Control.HasFocus(900171)</autoscroll>
					<animation effect="fade" start="0" end="100" time="500" tween="sine" easing="inout">VisibleChange</animation>
					<animation effect="fade" start="100" end="78" time="300" tween="sine" easing="inout" condition="!Control.HasFocus(900171)">Conditional</animation>
				</control>
			</control>
			
			<control type="label" id="4232">
				<description></description>
				<visible>hidden</visible>
			</control>
			
			<control type="progress" id="4998">
				<description></description>
				<visible>hidden</visible>
			</control>
			
			<control type="progress" id="4999">
				<visible>false</visible>
			</control>
			
			<control type="textbox" id="4930">
				<description>Program director</description>
				<visible>hidden</visible>
			</control>
				
			<control type="label" id="4919">
				<description></description>
				<visible>hidden</visible>
			</control>
			
			<control type="image" id="4924">
				<description>Channel logo</description>
				<visible>hidden</visible>
			</control>
			
			<control type="image" id="4929">
				<description>Channel logo</description>
				<visible>hidden</visible>
			</control>
			
			<control type="image" id="4932">
				<description>Program age</description>
				<visible>hidden</visible>
			</control>
			
			<control type="label" id="4960">
				<description></description>
				<visible>hidden</visible>
			</control>
			
			<control type="label" id="4961">
				<description></description>
				<visible>hidden</visible>
			</control>
			
			<control type="image" id="4944">
				<description>Live</description>
				<posx>1375</posx>
				<posy>820</posy>
				<width>110</width>
				<height>80</height>
			</control>
		</control>
	</control>
	</controls>
</window>