<?xml version="1.0" encoding="UTF-8"?>
<fonts>
	<fontset id="skin.aeon.nox.silvo Default">
		<font>
			<name>fontArial15</name>
			<filename>skin.aeon.nox.silvo/arial.ttf</filename>
			<size>35</size>
		</font>
		<font>
			<name>font10</name>
			<filename>skin.aeon.nox.silvo/RobotoCondensed-Regular.ttf</filename>
			<size>21</size>
		</font>
		<font>
			<name>font11_compact</name>
			<filename>skin.aeon.nox.silvo/RobotoCondensed-Regular.ttf</filename>
			<size>24</size>
			<linespacing>0.8</linespacing>
		</font>
		<font>
			<name>font12</name>
			<filename>skin.aeon.nox.silvo/RobotoCondensed-Regular.ttf</filename>
			<size>26</size>
		</font>
		<font>
			<name>font13</name>
			<filename>skin.aeon.nox.silvo/RobotoCondensed-Regular.ttf</filename>
			<size>30</size>
		</font>
		<font>
			<name>font13_bold</name>
			<filename>skin.aeon.nox.silvo/RobotoCondensed-Regular.ttf</filename>
			<style>bold</style>
			<size>30</size>
		</font>
		<font>
			<name>font14_textbox</name>
			<filename>skin.aeon.nox.silvo/RobotoCondensed-Regular.ttf</filename>
			<size>33</size>
			<linespacing>1.27</linespacing>
		</font>
		<font>
			<name>font14_textbox2</name>
			<filename>skin.aeon.nox.silvo/RobotoCondensed-Regular.ttf</filename>
			<size>33</size>
			<linespacing>1.1</linespacing>
		</font>
		<font>
			<name>font15_textbox</name>
			<filename>skin.aeon.nox.silvo/RobotoCondensed-Regular.ttf</filename>
			<size>35</size>
			<linespacing>1.4</linespacing>
		</font>
		<font>
			<name>font15_textbox2</name>
			<filename>skin.aeon.nox.silvo/RobotoCondensed-Regular.ttf</filename>
			<size>36</size>
			<linespacing>1.3</linespacing>
		</font>
		<font>
			<name>font14</name>
			<filename>skin.aeon.nox.silvo/RobotoCondensed-Regular.ttf</filename>
			<size>33</size>
		</font>
		<font>
			<name>font14_bold</name>
			<filename>skin.aeon.nox.silvo/RobotoCondensed-Regular.ttf</filename>
			<style>bold</style>
			<size>33</size>
		</font>
		<font>
			<name>font15</name>
			<filename>skin.aeon.nox.silvo/RobotoCondensed-Regular.ttf</filename>
			<size>35</size>
		</font>
		<font>
			<name>font15_bold</name>
			<filename>skin.aeon.nox.silvo/RobotoCondensed-Regular.ttf</filename>
			<style>bold</style>
			<size>35</size>
		</font>
		<font>
			<name>font16</name>
			<filename>skin.aeon.nox.silvo/RobotoCondensed-Regular.ttf</filename>
			<size>38</size>
		</font>
		<font>
			<name>font16_textbox</name>
			<filename>skin.aeon.nox.silvo/RobotoCondensed-Regular.ttf</filename>
			<size>38</size>
			<linespacing>1.4</linespacing>
		</font>
		<font>
			<name>font16bold_textbox</name>
			<filename>skin.aeon.nox.silvo/RobotoCondensed-Regular.ttf</filename>
			<style>bold</style>
			<size>38</size>
			<linespacing>1.3</linespacing>
		</font>
		<font>
			<name>font18_textbox</name>
			<filename>skin.aeon.nox.silvo/RobotoCondensed-Regular.ttf</filename>
			<size>44</size>
			<linespacing>1.3</linespacing>
		</font>
		<font>
			<name>font30</name>
			<filename>skin.aeon.nox.silvo/RobotoCondensed-Regular.ttf</filename>
			<size>45</size>
		</font>
		<font>
			<name>font48</name>
			<filename>skin.aeon.nox.silvo/RobotoCondensed-Regular.ttf</filename>
			<size>48</size>
		</font>
		<font>
			<name>font48_bold</name>
			<filename>skin.aeon.nox.silvo/RobotoCondensed-Regular.ttf</filename>
			<style>bold</style>
			<size>48</size>
		</font>
		<font>
			<name>font52_bold</name>
			<filename>skin.aeon.nox.silvo/RobotoCondensed-Regular.ttf</filename>
			<style>bold</style>
			<size>52</size>
		</font>
		<!-- LiveTV Fonts -->
		<font>
			<name>font60</name>
			<filename>skin.aeon.nox.silvo/RobotoCondensed-Regular.ttf</filename>
			<size>60</size>
		</font>
		<font>
			<name>font65</name>
			<filename>skin.aeon.nox.silvo/RobotoCondensed-Regular.ttf</filename>
			<size>65</size>
		</font>
		<font>
			<name>font24_bold</name>
			<filename>skin.aeon.nox.silvo/RobotoCondensed-Regular.ttf</filename>
			<size>24</size>
			<style>bold</style>
		</font>
		<font>
			<name>font28_bold</name>
			<filename>skin.aeon.nox.silvo/RobotoCondensed-Regular.ttf</filename>
			<size>28</size>
			<style>bold</style>
		</font>
		<font>
			<name>font11</name>
			<filename>skin.aeon.nox.silvo/RobotoCondensed-Regular.ttf</filename>
			<size>24</size>
		</font>
		<font>
			<name>font12b</name>
			<filename>skin.aeon.nox.silvo/RobotoCondensed-Regular.ttf</filename>
			<size>28</size>
		</font>
		<font>
			<name>font13b</name>
			<filename>skin.aeon.nox.silvo/RobotoCondensed-Regular.ttf</filename>
			<size>32</size>
		</font>
		<!-- Title Fonts -->
		<font>
			<name>font12_title</name>
			<filename>skin.aeon.nox.silvo/RobotoCondensed-Regular.ttf</filename>
			<style>uppercase</style>
			<size>26</size>
		</font>
		<font>
			<name>font13_title</name>
			<filename>skin.aeon.nox.silvo/RobotoCondensed-Regular.ttf</filename>
			<style>uppercase</style>
			<size>30</size>
		</font>
		<font>
			<name>font14_title</name>
			<filename>skin.aeon.nox.silvo/RobotoCondensed-Regular.ttf</filename>
			<style>uppercase</style>
			<size>33</size>
		</font>
		<font>
			<name>font15_title</name>
			<filename>skin.aeon.nox.silvo/RobotoCondensed-Regular.ttf</filename>
			<style>uppercase</style>
			<size>35</size>
		</font>
		<font>
			<name>font16_title</name>
			<filename>skin.aeon.nox.silvo/RobotoCondensed-Regular.ttf</filename>
			<style>uppercase</style>
			<size>38</size>
		</font>
		<font>
			<name>font16_title_bold</name>
			<filename>skin.aeon.nox.silvo/RobotoCondensed-Regular.ttf</filename>
			<style>uppercase bold</style>
			<size>38</size>
		</font>
		<font>
			<name>font24_title</name>
			<filename>skin.aeon.nox.silvo/RobotoCondensed-Regular.ttf</filename>
			<style>uppercase</style>
			<size>36</size>
		</font>
		<font>
			<name>font30_title</name>
			<filename>skin.aeon.nox.silvo/RobotoCondensed-Regular.ttf</filename>
			<style>uppercase</style>
			<size>45</size>
		</font>
		<font>
			<name>font30_title_bold</name>
			<filename>skin.aeon.nox.silvo/RobotoCondensed-Regular.ttf</filename>
			<style>uppercase bold</style>
			<size>45</size>
		</font>
		<font>
			<name>font48_title</name>
			<filename>skin.aeon.nox.silvo/RobotoCondensed-Regular.ttf</filename>
			<style>uppercase</style>
			<size>48</size>
		</font>
		<font>
			<name>font35_title</name>
			<filename>skin.aeon.nox.silvo/RobotoCondensed-Regular.ttf</filename>
			<style>uppercase</style>
			<size>52</size>
		</font>
		<font>
			<name>font35_title_bold</name>
			<filename>skin.aeon.nox.silvo/RobotoCondensed-Regular.ttf</filename>
			<style>uppercase bold</style>
			<size>52</size>
		</font>
		<font>
			<name>font60caps_title</name>
			<filename>skin.aeon.nox.silvo/RobotoCondensed-Regular.ttf</filename>
			<style>uppercase</style>
			<size>60</size>
		</font>
		<font>
			<name>font45caps_title</name>
			<filename>skin.aeon.nox.silvo/RobotoCondensed-Regular.ttf</filename>
			<style>uppercase</style>
			<size>68</size>
		</font>
		<font>
			<name>font100caps_title</name>
			<filename>skin.aeon.nox.silvo/RobotoCondensed-Regular.ttf</filename>
			<style>uppercase</style>
			<size>100</size>
		</font>
		<font>
			<name>font_musicviz</name>
			<filename>skin.aeon.nox.silvo/BebasNeue.ttf</filename>
			<size>92</size>
		</font>
		<font>
			<name>font_skinversion</name>
			<filename>skin.aeon.nox.silvo/LeagueGothic-Regular.ttf</filename>
			<linespacing>0</linespacing>
			<size>65</size>
		</font>
		<font>
			<name>font_kodiversion</name>
			<filename>skin.aeon.nox.silvo/LeagueGothic-Regular.ttf</filename>
			<linespacing>0</linespacing>
			<size>58</size>
		</font>
		<font>
			<name>font_MainMenu</name>
			<filename>skin.aeon.nox.silvo/BebasNeue.ttf</filename>
			<linespacing>0</linespacing>
			<size>112</size>
		</font>
		<font>
			<name>font_VerticalMainMenu</name>
			<filename>skin.aeon.nox.silvo/BebasNeue.ttf</filename>
			<size>75</size>
		</font>
		<font>
			<name>BigAssFont</name>
			<filename>skin.aeon.nox.silvo/BebasNeue.ttf</filename>
			<size>600</size>
		</font>
		<font>
			<name>BigAssTimeFont</name>
			<filename>skin.aeon.nox.silvo/RobotoCondensed-Regular.ttf</filename>
			<size>180</size>
			<linespacing>0.8</linespacing>
		</font>
		<font>
			<name>WeatherTemp</name>
			<filename>skin.aeon.nox.silvo/RobotoCondensed-Regular.ttf</filename>
			<style>uppercase</style>
			<size>120</size>
		</font>
		<font>
			<name>fontCDartist</name>
			<filename>skin.aeon.nox.silvo/PermanentMarker.ttf</filename>
			<size>45</size>
			<linespacing>0.8</linespacing>
		</font>
		<font>
			<name>fontCDalbum</name>
			<filename>skin.aeon.nox.silvo/PermanentMarker.ttf</filename>
			<size>36</size>
			<linespacing>0.8</linespacing>
		</font>
	</fontset>
	<fontset id="skin.aeon.nox.silvo Arial">
		<font>
			<name>fontArial15</name>
			<filename>skin.aeon.nox.silvo/arial.ttf</filename>
			<size>35</size>
		</font>
		<font>
			<name>font10</name>
			<filename>skin.aeon.nox.silvo/arial.ttf</filename>
			<size>18</size>
		</font>
		<font>
			<name>font11_compact</name>
			<filename>skin.aeon.nox.silvo/arial.ttf</filename>
			<size>20</size>
			<linespacing>0.8</linespacing>
		</font>
		<font>
			<name>font12</name>
			<filename>skin.aeon.nox.silvo/arial.ttf</filename>
			<size>23</size>
		</font>
		<font>
			<name>font13</name>
			<filename>skin.aeon.nox.silvo/arial.ttf</filename>
			<size>26</size>
		</font>
		<font>
			<name>font13_bold</name>
			<filename>skin.aeon.nox.silvo/arial.ttf</filename>
			<style>bold</style>
			<size>26</size>
		</font>
		<font>
			<name>font14_textbox</name>
			<filename>skin.aeon.nox.silvo/arial.ttf</filename>
			<size>30</size>
			<linespacing>1.27</linespacing>
		</font>
		<font>
			<name>font14_textbox2</name>
			<filename>skin.aeon.nox.silvo/arial.ttf</filename>
			<size>30</size>
			<linespacing>1.1</linespacing>
		</font>
		<font>
			<name>font15_textbox</name>
			<filename>skin.aeon.nox.silvo/arial.ttf</filename>
			<size>32</size>
			<linespacing>1.38</linespacing>
		</font>
		<font>
			<name>font15_textbox2</name>
			<filename>skin.aeon.nox.silvo/arial.ttf</filename>
			<size>32</size>
			<linespacing>1.26</linespacing>
		</font>
		<font>
			<name>font14</name>
			<filename>skin.aeon.nox.silvo/arial.ttf</filename>
			<size>30</size>
		</font>
		<font>
			<name>font15</name>
			<filename>skin.aeon.nox.silvo/arial.ttf</filename>
			<size>32</size>
		</font>
		<font>
			<name>font15_bold</name>
			<filename>skin.aeon.nox.silvo/arial.ttf</filename>
			<style>bold</style>
			<size>32</size>
		</font>
		<font>
			<name>font16</name>
			<filename>skin.aeon.nox.silvo/arial.ttf</filename>
			<size>35</size>
		</font>
		<font>
			<name>font16_bold</name>
			<filename>skin.aeon.nox.silvo/arial.ttf</filename>
			<style>bold</style>
			<size>35</size>
		</font>
		<font>
			<name>font16_textbox</name>
			<filename>skin.aeon.nox.silvo/arial.ttf</filename>
			<size>35</size>
			<linespacing>1.4</linespacing>
		</font>
		<font>
			<name>font16bold_textbox</name>
			<filename>skin.aeon.nox.silvo/arial.ttf</filename>
			<style>bold</style>
			<size>35</size>
			<linespacing>1.5</linespacing>
		</font>
		<font>
			<name>font30</name>
			<filename>skin.aeon.nox.silvo/arial.ttf</filename>
			<size>42</size>
		</font>
		<font>
			<name>font48</name>
			<filename>skin.aeon.nox.silvo/arial.ttf</filename>
			<size>45</size>
		</font>
		<font>
			<name>font48_bold</name>
			<filename>skin.aeon.nox.silvo/arial.ttf</filename>
			<style>bold</style>
			<size>45</size>
		</font>
		<font>
			<name>font52_bold</name>
			<filename>skin.aeon.nox.silvo/arial.ttf</filename>
			<style>bold</style>
			<size>49</size>
		</font>
		<!-- LiveTV Fonts -->
		<font>
			<name>font65</name>
			<filename>skin.aeon.nox.silvo/arial.ttf</filename>
			<size>62</size>
		</font>
		<font>
			<name>font58</name>
			<filename>skin.aeon.nox.silvo/arial.ttf</filename>
			<size>55</size>
		</font>
		<font>
			<name>font24_bold</name>
			<filename>skin.aeon.nox.silvo/arial.ttf</filename>
			<size>21</size>
			<style>bold</style>
		</font>
		<font>
			<name>font28_bold</name>
			<filename>skin.aeon.nox.silvo/arial.ttf</filename>
			<size>25</size>
			<style>bold</style>
		</font>
		<font>
			<name>font52_bold</name>
			<filename>skin.aeon.nox.silvo/arial.ttf</filename>
			<style>bold</style>
			<size>45</size>
		</font>
		<font>
			<name>font11</name>
			<filename>skin.aeon.nox.silvo/arial.ttf</filename>
			<size>21</size>
		</font>
		<font>
			<name>font12b</name>
			<filename>skin.aeon.nox.silvo/arial.ttf</filename>
			<size>24</size>
		</font>
		<font>
			<name>font13b</name>
			<filename>skin.aeon.nox.silvo/arial.ttf</filename>
			<size>29</size>
		</font>
		<!-- Title Fonts -->
		<font>
			<name>font12_title</name>
			<filename>skin.aeon.nox.silvo/arial.ttf</filename>
			<style>uppercase</style>
			<size>23</size>
		</font>
		<font>
			<name>font13_title</name>
			<filename>skin.aeon.nox.silvo/arial.ttf</filename>
			<style>uppercase</style>
			<size>23</size>
		</font>
		<font>
			<name>font14_title</name>
			<filename>skin.aeon.nox.silvo/arial.ttf</filename>
			<style>uppercase</style>
			<size>30</size>
		</font>
		<font>
			<name>font15_title</name>
			<filename>skin.aeon.nox.silvo/arial.ttf</filename>
			<style>uppercase</style>
			<size>32</size>
		</font>
		<font>
			<name>font16_title</name>
			<filename>skin.aeon.nox.silvo/arial.ttf</filename>
			<style>uppercase</style>
			<size>35</size>
		</font>
		<font>
			<name>font16_title_bold</name>
			<filename>skin.aeon.nox.silvo/arial.ttf</filename>
			<style>uppercase bold</style>
			<size>35</size>
		</font>
		<font>
			<name>font24_title</name>
			<filename>skin.aeon.nox.silvo/arial.ttf</filename>
			<style>uppercase</style>
			<size>33</size>
		</font>
		<font>
			<name>font30_title</name>
			<filename>skin.aeon.nox.silvo/arial.ttf</filename>
			<style>uppercase</style>
			<size>42</size>
		</font>
		<font>
			<name>font30_title_bold</name>
			<filename>skin.aeon.nox.silvo/arial.ttf</filename>
			<style>uppercase bold</style>
			<size>42</size>
		</font>
		<font>
			<name>font48_title</name>
			<filename>skin.aeon.nox.silvo/arial.ttf</filename>
			<style>uppercase</style>
			<size>45</size>
		</font>
		<font>
			<name>font35_title</name>
			<filename>skin.aeon.nox.silvo/arial.ttf</filename>
			<style>uppercase</style>
			<size>49</size>
		</font>
		<font>
			<name>font45caps_title</name>
			<filename>skin.aeon.nox.silvo/arial.ttf</filename>
			<style>uppercase</style>
			<size>65</size>
		</font>
		<font>
			<name>font_musicviz</name>
			<filename>skin.aeon.nox.silvo/arial.ttf</filename>
			<linespacing>0</linespacing>
			<style>uppercase</style>
			<size>65</size>
		</font>
		<font>
			<name>font_skinversion</name>
			<filename>skin.aeon.nox.silvo/LeagueGothic-Regular.ttf</filename>
			<linespacing>0</linespacing>
			<size>65</size>
		</font>
		<font>
			<name>font_kodiversion</name>
			<filename>skin.aeon.nox.silvo/LeagueGothic-Regular.ttf</filename>
			<linespacing>0</linespacing>
			<size>50</size>
		</font>
		<font>
			<name>font_MainMenu</name>
			<filename>skin.aeon.nox.silvo/arial.ttf</filename>
			<linespacing>0</linespacing>
			<style>uppercase</style>
			<size>70</size>
		</font>
		<font>
			<name>font_VerticalMainMenu</name>
			<filename>skin.aeon.nox.silvo/arial.ttf</filename>
			<style>uppercase</style>
			<size>55</size>
		</font>
		<font>
			<name>BigAssFont</name>
			<filename>skin.aeon.nox.silvo/arial.ttf</filename>
			<size>550</size>
		</font>
		<font>
			<name>WeatherTemp</name>
			<filename>skin.aeon.nox.silvo/arial.ttf</filename>
			<style>uppercase</style>
			<size>117</size>
		</font>
		<font>
			<name>fontCDartist</name>
			<filename>skin.aeon.nox.silvo/PermanentMarker.ttf</filename>
			<size>45</size>
			<linespacing>0.8</linespacing>
		</font>
		<font>
			<name>fontCDalbum</name>
			<filename>skin.aeon.nox.silvo/PermanentMarker.ttf</filename>
			<size>36</size>
			<linespacing>0.8</linespacing>
		</font>
	</fontset>
	<fontset id="skin.aeon.nox.silvo NoTo">
		<font>
			<name>fontArial15</name>
			<filename>skin.aeon.nox.silvo/Arial.ttf</filename>
			<size>35</size>
		</font>
		<font>
			<name>font10</name>
			<filename>skin.aeon.nox.silvo/NotoSans-Regular.ttf</filename>
			<size>21</size>
		</font>
		<font>
			<name>font12</name>
			<filename>skin.aeon.nox.silvo/NotoSans-Regular.ttf</filename>
			<size>26</size>
		</font>
		<font>
			<name>font13</name>
			<filename>skin.aeon.nox.silvo/NotoSans-Regular.ttf</filename>
			<size>30</size>
		</font>
		<font>
			<name>font14_textbox</name>
			<filename>skin.aeon.nox.silvo/NotoSans-Regular.ttf</filename>
			<size>33</size>
			<linespacing>1</linespacing>
		</font>
		<font>
			<name>font14_textbox2</name>
			<filename>skin.aeon.nox.silvo/NotoSans-Regular.ttf</filename>
			<size>33</size>
			<linespacing>1.1</linespacing>
		</font>
		<font>
			<name>font15_textbox</name>
			<filename>skin.aeon.nox.silvo/NotoSans-Regular.ttf</filename>
			<size>35</size>
			<linespacing>1.2</linespacing>
		</font>
		<font>
			<name>font14</name>
			<filename>skin.aeon.nox.silvo/NotoSans-Regular.ttf</filename>
			<size>33</size>
		</font>
		<font>
			<name>font15</name>
			<filename>skin.aeon.nox.silvo/NotoSans-Regular.ttf</filename>
			<size>35</size>
		</font>
		<font>
			<name>font15_bold</name>
			<filename>skin.aeon.nox.silvo/NotoSans-Regular.ttf</filename>
			<style>bold</style>
			<size>35</size>
		</font>
		<font>
			<name>font16</name>
			<filename>skin.aeon.nox.silvo/NotoSans-Regular.ttf</filename>
			<size>38</size>
		</font>
		<font>
			<name>font16_textbox</name>
			<filename>skin.aeon.nox.silvo/NotoSans-Regular.ttf</filename>
			<size>38</size>
			<linespacing>1.4</linespacing>
		</font>
		<font>
			<name>font16bold_textbox</name>
			<filename>skin.aeon.nox.silvo/NotoSans-Regular.ttf</filename>
			<style>bold</style>
			<size>38</size>
			<linespacing>1.2</linespacing>
		</font>
		<font>
			<name>font30</name>
			<filename>skin.aeon.nox.silvo/NotoSans-Regular.ttf</filename>
			<size>45</size>
		</font>
		<font>
			<name>font48</name>
			<filename>skin.aeon.nox.silvo/NotoSans-Regular.ttf</filename>
			<size>48</size>
		</font>
		<font>
			<name>font48_bold</name>
			<filename>skin.aeon.nox.silvo/NotoSans-Regular.ttf</filename>
			<style>bold</style>
			<size>48</size>
		</font>
		<!-- LiveTV Fonts -->
		<font>
			<name>font65</name>
			<filename>skin.aeon.nox.silvo/NotoSans-Regular.ttf</filename>
			<size>65</size>
		</font>
		<font>
			<name>font24_bold</name>
			<filename>skin.aeon.nox.silvo/NotoSans-Regular.ttf</filename>
			<size>24</size>
			<style>bold</style>
		</font>
		<font>
			<name>font28_bold</name>
			<filename>skin.aeon.nox.silvo/NotoSans-Regular.ttf</filename>
			<size>28</size>
			<style>bold</style>
		</font>
		<font>
			<name>font52_bold</name>
			<filename>skin.aeon.nox.silvo/NotoSans-Regular.ttf</filename>
			<style>bold</style>
			<size>48</size>
		</font>
		<font>
			<name>font11</name>
			<filename>skin.aeon.nox.silvo/NotoSans-Regular.ttf</filename>
			<size>24</size>
		</font>
		<font>
			<name>font12b</name>
			<filename>skin.aeon.nox.silvo/NotoSans-Regular.ttf</filename>
			<size>28</size>
		</font>
		<font>
			<name>font13b</name>
			<filename>skin.aeon.nox.silvo/NotoSans-Regular.ttf</filename>
			<size>32</size>
		</font>
		<!-- Title Fonts -->
		<font>
			<name>font12_title</name>
			<filename>skin.aeon.nox.silvo/NotoSans-Regular.ttf</filename>
			<style>uppercase</style>
			<size>26</size>
		</font>
		<font>
			<name>font13_title</name>
			<filename>skin.aeon.nox.silvo/NotoSans-Regular.ttf</filename>
			<style>uppercase</style>
			<size>25</size>
		</font>
		<font>
			<name>font14_title</name>
			<filename>skin.aeon.nox.silvo/NotoSans-Regular.ttf</filename>
			<style>uppercase</style>
			<size>33</size>
		</font>
		<font>
			<name>font15_title</name>
			<filename>skin.aeon.nox.silvo/NotoSans-Regular.ttf</filename>
			<style>uppercase</style>
			<size>35</size>
		</font>
		<font>
			<name>font16_title</name>
			<filename>skin.aeon.nox.silvo/NotoSans-Regular.ttf</filename>
			<style>uppercase</style>
			<size>38</size>
		</font>
		<font>
			<name>font16_title_bold</name>
			<filename>skin.aeon.nox.silvo/NotoSans-Regular.ttf</filename>
			<style>uppercase bold</style>
			<size>38</size>
		</font>
		<font>
			<name>font24_title</name>
			<filename>skin.aeon.nox.silvo/NotoSans-Regular.ttf</filename>
			<style>uppercase</style>
			<size>36</size>
		</font>
		<font>
			<name>font30_title</name>
			<filename>skin.aeon.nox.silvo/NotoSans-Regular.ttf</filename>
			<style>uppercase</style>
			<size>45</size>
		</font>
		<font>
			<name>font30_title_bold</name>
			<filename>skin.aeon.nox.silvo/NotoSans-Regular.ttf</filename>
			<style>uppercase bold</style>
			<size>45</size>
		</font>
		<font>
			<name>font48_title</name>
			<filename>skin.aeon.nox.silvo/NotoSans-Regular.ttf</filename>
			<style>uppercase</style>
			<size>48</size>
		</font>
		<font>
			<name>font35_title</name>
			<filename>skin.aeon.nox.silvo/NotoSans-Regular.ttf</filename>
			<style>uppercase</style>
			<size>52</size>
		</font>
		<font>
			<name>font35_title_bold</name>
			<filename>skin.aeon.nox.silvo/NotoSans-Regular.ttf</filename>
			<style>uppercase bold</style>
			<size>52</size>
		</font>
		<font>
			<name>font45caps_title</name>
			<filename>skin.aeon.nox.silvo/NotoSans-Regular.ttf</filename>
			<style>uppercase</style>
			<size>68</size>
		</font>
		<font>
			<name>font100caps_title</name>
			<filename>skin.aeon.nox.silvo/NotoSans-Regular.ttf</filename>
			<style>uppercase</style>
			<size>100</size>
		</font>
		<font>
			<name>font_musicviz</name>
			<filename>skin.aeon.nox.silvo/NotoSans-Regular.ttf</filename>
			<size>92</size>
		</font>
		<font>
			<name>font_skinversion</name>
			<filename>skin.aeon.nox.silvo/LeagueGothic-Regular.ttf</filename>
			<linespacing>0</linespacing>
			<size>65</size>
		</font>
		<font>
			<name>font_kodiversion</name>
			<filename>skin.aeon.nox.silvo/LeagueGothic-Regular.ttf</filename>
			<linespacing>0</linespacing>
			<size>58</size>
		</font>
		<font>
			<name>font_MainMenu</name>
			<filename>skin.aeon.nox.silvo/NotoSans-Regular.ttf</filename>
			<linespacing>0</linespacing>
			<style>uppercase</style>
			<size>95</size>
		</font>
		<font>
			<name>font_VerticalMainMenu</name>
			<filename>skin.aeon.nox.silvo/NotoSans-Regular.ttf</filename>
			<style>uppercase</style>
			<size>65</size>
		</font>
		<font>
			<name>BigAssFont</name>
			<filename>skin.aeon.nox.silvo/NotoSans-Regular.ttf</filename>
			<size>600</size>
		</font>
		<font>
			<name>BigAssTimeFont</name>
			<filename>skin.aeon.nox.silvo/NotoSans-Regular.ttf</filename>
			<size>180</size>
			<linespacing>0.8</linespacing>
		</font>
		<font>
			<name>WeatherTemp</name>
			<filename>skin.aeon.nox.silvo/NotoSans-Regular.ttf</filename>
			<style>uppercase</style>
			<size>120</size>
		</font>
		<font>
			<name>fontCDartist</name>
			<filename>skin.aeon.nox.silvo/PermanentMarker.ttf</filename>
			<size>45</size>
			<linespacing>0.8</linespacing>
		</font>
		<font>
			<name>fontCDalbum</name>
			<filename>skin.aeon.nox.silvo/PermanentMarker.ttf</filename>
			<size>36</size>
			<linespacing>0.8</linespacing>
		</font>
	</fontset>
	<fontset id="skin.aeon.nox.silvo Raleway">
		<font>
			<name>fontArial15</name>
			<filename>skin.aeon.nox.silvo/Arial.ttf</filename>
			<size>35</size>
		</font>
		<font>
			<name>font10</name>
			<filename>skin.aeon.nox.silvo/Raleway-Medium.ttf</filename>
			<size>21</size>
		</font>
		<font>
			<name>font12</name>
			<filename>skin.aeon.nox.silvo/Raleway-Medium.ttf</filename>
			<size>26</size>
		</font>
		<font>
			<name>font13</name>
			<filename>skin.aeon.nox.silvo/Raleway-Medium.ttf</filename>
			<size>30</size>
		</font>
		<font>
			<name>font14_textbox</name>
			<filename>skin.aeon.nox.silvo/Raleway-Medium.ttf</filename>
			<size>33</size>
			<linespacing>1</linespacing>
		</font>
		<font>
			<name>font14_textbox2</name>
			<filename>skin.aeon.nox.silvo/Raleway-Medium.ttf</filename>
			<size>33</size>
			<linespacing>1.1</linespacing>
		</font>
		<font>
			<name>font15_textbox</name>
			<filename>skin.aeon.nox.silvo/Raleway-Medium.ttf</filename>
			<size>35</size>
			<linespacing>1.2</linespacing>
		</font>
		<font>
			<name>font14</name>
			<filename>skin.aeon.nox.silvo/Raleway-Medium.ttf</filename>
			<size>33</size>
		</font>
		<font>
			<name>font15</name>
			<filename>skin.aeon.nox.silvo/Raleway-Medium.ttf</filename>
			<size>35</size>
		</font>
		<font>
			<name>font15_bold</name>
			<filename>skin.aeon.nox.silvo/Raleway-Medium.ttf</filename>
			<style>bold</style>
			<size>35</size>
		</font>
		<font>
			<name>font16</name>
			<filename>skin.aeon.nox.silvo/Raleway-Medium.ttf</filename>
			<size>38</size>
		</font>
		<font>
			<name>font16_textbox</name>
			<filename>skin.aeon.nox.silvo/Raleway-Medium.ttf</filename>
			<size>38</size>
			<linespacing>1.4</linespacing>
		</font>
		<font>
			<name>font16bold_textbox</name>
			<filename>skin.aeon.nox.silvo/Raleway-Medium.ttf</filename>
			<style>bold</style>
			<size>38</size>
			<linespacing>1.2</linespacing>
		</font>
		<font>
			<name>font30</name>
			<filename>skin.aeon.nox.silvo/Raleway-Medium.ttf</filename>
			<size>45</size>
		</font>
		<font>
			<name>font48</name>
			<filename>skin.aeon.nox.silvo/Raleway-Medium.ttf</filename>
			<size>48</size>
		</font>
		<font>
			<name>font48_bold</name>
			<filename>skin.aeon.nox.silvo/Raleway-Medium.ttf</filename>
			<style>bold</style>
			<size>48</size>
		</font>
		<!-- LiveTV Fonts -->
		<font>
			<name>font65</name>
			<filename>skin.aeon.nox.silvo/Raleway-Medium.ttf</filename>
			<size>65</size>
		</font>
		<font>
			<name>font24_bold</name>
			<filename>skin.aeon.nox.silvo/Raleway-Medium.ttf</filename>
			<size>24</size>
			<style>bold</style>
		</font>
		<font>
			<name>font28_bold</name>
			<filename>skin.aeon.nox.silvo/Raleway-Medium.ttf</filename>
			<size>28</size>
			<style>bold</style>
		</font>
		<font>
			<name>font52_bold</name>
			<filename>skin.aeon.nox.silvo/Raleway-Medium.ttf</filename>
			<style>bold</style>
			<size>48</size>
		</font>
		<font>
			<name>font11</name>
			<filename>skin.aeon.nox.silvo/Raleway-Medium.ttf</filename>
			<size>24</size>
		</font>
		<font>
			<name>font12b</name>
			<filename>skin.aeon.nox.silvo/Raleway-Medium.ttf</filename>
			<size>28</size>
		</font>
		<font>
			<name>font13b</name>
			<filename>skin.aeon.nox.silvo/Raleway-Medium.ttf</filename>
			<size>32</size>
		</font>
		<!-- Title Fonts -->
		<font>
			<name>font12_title</name>
			<filename>skin.aeon.nox.silvo/Raleway-Medium.ttf</filename>
			<style>uppercase</style>
			<size>26</size>
		</font>
		<font>
			<name>font13_title</name>
			<filename>skin.aeon.nox.silvo/Raleway-Medium.ttf</filename>
			<style>uppercase</style>
			<size>25</size>
		</font>
		<font>
			<name>font14_title</name>
			<filename>skin.aeon.nox.silvo/Raleway-Medium.ttf</filename>
			<style>uppercase</style>
			<size>33</size>
		</font>
		<font>
			<name>font15_title</name>
			<filename>skin.aeon.nox.silvo/Raleway-Medium.ttf</filename>
			<style>uppercase</style>
			<size>35</size>
		</font>
		<font>
			<name>font16_title</name>
			<filename>skin.aeon.nox.silvo/Raleway-Medium.ttf</filename>
			<style>uppercase</style>
			<size>38</size>
		</font>
		<font>
			<name>font16_title_bold</name>
			<filename>skin.aeon.nox.silvo/Raleway-Medium.ttf</filename>
			<style>uppercase bold</style>
			<size>38</size>
		</font>
		<font>
			<name>font24_title</name>
			<filename>skin.aeon.nox.silvo/Raleway-Medium.ttf</filename>
			<style>uppercase</style>
			<size>36</size>
		</font>
		<font>
			<name>font30_title</name>
			<filename>skin.aeon.nox.silvo/Raleway-Medium.ttf</filename>
			<style>uppercase</style>
			<size>45</size>
		</font>
		<font>
			<name>font30_title_bold</name>
			<filename>skin.aeon.nox.silvo/Raleway-Medium.ttf</filename>
			<style>uppercase bold</style>
			<size>45</size>
		</font>
		<font>
			<name>font48_title</name>
			<filename>skin.aeon.nox.silvo/Raleway-Medium.ttf</filename>
			<style>uppercase</style>
			<size>48</size>
		</font>
		<font>
			<name>font35_title</name>
			<filename>skin.aeon.nox.silvo/Raleway-Medium.ttf</filename>
			<style>uppercase</style>
			<size>52</size>
		</font>
		<font>
			<name>font35_title_bold</name>
			<filename>skin.aeon.nox.silvo/Raleway-Medium.ttf</filename>
			<style>uppercase bold</style>
			<size>52</size>
		</font>
		<font>
			<name>font45caps_title</name>
			<filename>skin.aeon.nox.silvo/Raleway-Medium.ttf</filename>
			<style>uppercase</style>
			<size>68</size>
		</font>
		<font>
			<name>font100caps_title</name>
			<filename>skin.aeon.nox.silvo/Raleway-Medium.ttf</filename>
			<style>uppercase</style>
			<size>100</size>
		</font>
		<font>
			<name>font_musicviz</name>
			<filename>skin.aeon.nox.silvo/Raleway-Medium.ttf</filename>
			<size>92</size>
		</font>
		<font>
			<name>font_skinversion</name>
			<filename>skin.aeon.nox.silvo/LeagueGothic-Regular.ttf</filename>
			<linespacing>0</linespacing>
			<size>65</size>
		</font>
		<font>
			<name>font_kodiversion</name>
			<filename>skin.aeon.nox.silvo/LeagueGothic-Regular.ttf</filename>
			<linespacing>0</linespacing>
			<size>58</size>
		</font>
		<font>
			<name>font_MainMenu</name>
			<filename>skin.aeon.nox.silvo/Raleway-Medium.ttf</filename>
			<linespacing>0</linespacing>
			<style>uppercase</style>
			<size>112</size>
		</font>
		<font>
			<name>font_VerticalMainMenu</name>
			<filename>skin.aeon.nox.silvo/Raleway-Medium.ttf</filename>
			<style>uppercase</style>
			<size>65</size>
		</font>
		<font>
			<name>BigAssFont</name>
			<filename>skin.aeon.nox.silvo/Raleway-Medium.ttf</filename>
			<size>600</size>
		</font>
		<font>
			<name>BigAssTimeFont</name>
			<filename>skin.aeon.nox.silvo/Raleway-Medium.ttf</filename>
			<size>180</size>
			<linespacing>0.8</linespacing>
		</font>
		<font>
			<name>WeatherTemp</name>
			<filename>skin.aeon.nox.silvo/Raleway-Medium.ttf</filename>
			<style>uppercase</style>
			<size>120</size>
		</font>
		<font>
			<name>fontCDartist</name>
			<filename>skin.aeon.nox.silvo/PermanentMarker.ttf</filename>
			<size>45</size>
			<linespacing>0.8</linespacing>
		</font>
		<font>
			<name>fontCDalbum</name>
			<filename>skin.aeon.nox.silvo/PermanentMarker.ttf</filename>
			<size>36</size>
			<linespacing>0.8</linespacing>
		</font>
	</fontset>
	<fontset id="skin.aeon.nox.silvo Ubuntu Condensed">
		<font>
			<name>fontArial15</name>
			<filename>skin.aeon.nox.silvo/arial.ttf</filename>
			<size>35</size>
		</font>
		<font>
			<name>font10</name>
			<filename>skin.aeon.nox.silvo/UbuntuCondensed-Regular.ttf</filename>
			<size>21</size>
		</font>
		<font>
			<name>font11_compact</name>
			<filename>skin.aeon.nox.silvo/UbuntuCondensed-Regular.ttf</filename>
			<size>24</size>
			<linespacing>0.8</linespacing>
		</font>
		<font>
			<name>font12</name>
			<filename>skin.aeon.nox.silvo/UbuntuCondensed-Regular.ttf</filename>
			<size>26</size>
		</font>
		<font>
			<name>font13</name>
			<filename>skin.aeon.nox.silvo/UbuntuCondensed-Regular.ttf</filename>
			<size>30</size>
		</font>
		<font>
			<name>font13_bold</name>
			<filename>skin.aeon.nox.silvo/UbuntuCondensed-Regular.ttf</filename>
			<style>bold</style>
			<size>30</size>
		</font>
		<font>
			<name>font14_textbox</name>
			<filename>skin.aeon.nox.silvo/UbuntuCondensed-Regular.ttf</filename>
			<size>33</size>
			<linespacing>1.27</linespacing>
		</font>
		<font>
			<name>font14_textbox2</name>
			<filename>skin.aeon.nox.silvo/UbuntuCondensed-Regular.ttf</filename>
			<size>33</size>
			<linespacing>1.1</linespacing>
		</font>
		<font>
			<name>font15_textbox</name>
			<filename>skin.aeon.nox.silvo/UbuntuCondensed-Regular.ttf</filename>
			<size>35</size>
			<linespacing>1.4</linespacing>
		</font>
		<font>
			<name>font15_textbox2</name>
			<filename>skin.aeon.nox.silvo/UbuntuCondensed-Regular.ttf</filename>
			<size>36</size>
			<linespacing>1.3</linespacing>
		</font>
		<font>
			<name>font14</name>
			<filename>skin.aeon.nox.silvo/UbuntuCondensed-Regular.ttf</filename>
			<size>33</size>
		</font>
		<font>
			<name>font14_bold</name>
			<filename>skin.aeon.nox.silvo/UbuntuCondensed-Regular.ttf</filename>
			<style>bold</style>
			<size>33</size>
		</font>
		<font>
			<name>font15</name>
			<filename>skin.aeon.nox.silvo/UbuntuCondensed-Regular.ttf</filename>
			<size>35</size>
		</font>
		<font>
			<name>font15_bold</name>
			<filename>skin.aeon.nox.silvo/UbuntuCondensed-Regular.ttf</filename>
			<style>bold</style>
			<size>35</size>
		</font>
		<font>
			<name>font16</name>
			<filename>skin.aeon.nox.silvo/UbuntuCondensed-Regular.ttf</filename>
			<size>38</size>
		</font>
		<font>
			<name>font16_textbox</name>
			<filename>skin.aeon.nox.silvo/UbuntuCondensed-Regular.ttf</filename>
			<size>38</size>
			<linespacing>1.4</linespacing>
		</font>
		<font>
			<name>font16bold_textbox</name>
			<filename>skin.aeon.nox.silvo/UbuntuCondensed-Regular.ttf</filename>
			<style>bold</style>
			<size>38</size>
			<linespacing>1.4</linespacing>
		</font>
		<font>
			<name>font30</name>
			<filename>skin.aeon.nox.silvo/UbuntuCondensed-Regular.ttf</filename>
			<size>45</size>
		</font>
		<font>
			<name>font48</name>
			<filename>skin.aeon.nox.silvo/UbuntuCondensed-Regular.ttf</filename>
			<size>48</size>
		</font>
		<font>
			<name>font48_bold</name>
			<filename>skin.aeon.nox.silvo/UbuntuCondensed-Regular.ttf</filename>
			<style>bold</style>
			<size>48</size>
		</font>
		<font>
			<name>font52_bold</name>
			<filename>skin.aeon.nox.silvo/UbuntuCondensed-Regular.ttf</filename>
			<style>bold</style>
			<size>52</size>
		</font>
		<!-- LiveTV Fonts -->
		<font>
			<name>font60</name>
			<filename>skin.aeon.nox.silvo/UbuntuCondensed-Regular.ttf</filename>
			<size>60</size>
		</font>
		<font>
			<name>font65</name>
			<filename>skin.aeon.nox.silvo/UbuntuCondensed-Regular.ttf</filename>
			<size>65</size>
		</font>
		<font>
			<name>font24_bold</name>
			<filename>skin.aeon.nox.silvo/UbuntuCondensed-Regular.ttf</filename>
			<size>24</size>
			<style>bold</style>
		</font>
		<font>
			<name>font28_bold</name>
			<filename>skin.aeon.nox.silvo/UbuntuCondensed-Regular.ttf</filename>
			<size>28</size>
			<style>bold</style>
		</font>
		<font>
			<name>font11</name>
			<filename>skin.aeon.nox.silvo/UbuntuCondensed-Regular.ttf</filename>
			<size>24</size>
		</font>
		<font>
			<name>font12b</name>
			<filename>skin.aeon.nox.silvo/UbuntuCondensed-Regular.ttf</filename>
			<size>28</size>
		</font>
		<font>
			<name>font13b</name>
			<filename>skin.aeon.nox.silvo/UbuntuCondensed-Regular.ttf</filename>
			<size>32</size>
		</font>
		<!-- Title Fonts -->
		<font>
			<name>font12_title</name>
			<filename>skin.aeon.nox.silvo/UbuntuCondensed-Regular.ttf</filename>
			<style>uppercase</style>
			<size>26</size>
		</font>
		<font>
			<name>font13_title</name>
			<filename>skin.aeon.nox.silvo/UbuntuCondensed-Regular.ttf</filename>
			<style>uppercase</style>
			<size>30</size>
		</font>
		<font>
			<name>font14_title</name>
			<filename>skin.aeon.nox.silvo/UbuntuCondensed-Regular.ttf</filename>
			<style>uppercase</style>
			<size>33</size>
		</font>
		<font>
			<name>font15_title</name>
			<filename>skin.aeon.nox.silvo/UbuntuCondensed-Regular.ttf</filename>
			<style>uppercase</style>
			<size>35</size>
		</font>
		<font>
			<name>font16_title</name>
			<filename>skin.aeon.nox.silvo/UbuntuCondensed-Regular.ttf</filename>
			<style>uppercase</style>
			<size>38</size>
		</font>
		<font>
			<name>font16_title_bold</name>
			<filename>skin.aeon.nox.silvo/UbuntuCondensed-Regular.ttf</filename>
			<style>uppercase bold</style>
			<size>38</size>
		</font>
		<font>
			<name>font24_title</name>
			<filename>skin.aeon.nox.silvo/UbuntuCondensed-Regular.ttf</filename>
			<style>uppercase</style>
			<size>36</size>
		</font>
		<font>
			<name>font30_title</name>
			<filename>skin.aeon.nox.silvo/UbuntuCondensed-Regular.ttf</filename>
			<style>uppercase</style>
			<size>45</size>
		</font>
		<font>
			<name>font30_title_bold</name>
			<filename>skin.aeon.nox.silvo/UbuntuCondensed-Regular.ttf</filename>
			<style>uppercase bold</style>
			<size>45</size>
		</font>
		<font>
			<name>font48_title</name>
			<filename>skin.aeon.nox.silvo/UbuntuCondensed-Regular.ttf</filename>
			<style>uppercase</style>
			<size>48</size>
		</font>
		<font>
			<name>font35_title</name>
			<filename>skin.aeon.nox.silvo/UbuntuCondensed-Regular.ttf</filename>
			<style>uppercase</style>
			<size>52</size>
		</font>
		<font>
			<name>font35_title_bold</name>
			<filename>skin.aeon.nox.silvo/UbuntuCondensed-Regular.ttf</filename>
			<style>uppercase bold</style>
			<size>52</size>
		</font>
		<font>
			<name>font60caps_title</name>
			<filename>skin.aeon.nox.silvo/UbuntuCondensed-Regular.ttf</filename>
			<style>uppercase</style>
			<size>60</size>
		</font>
		<font>
			<name>font45caps_title</name>
			<filename>skin.aeon.nox.silvo/UbuntuCondensed-Regular.ttf</filename>
			<style>uppercase</style>
			<size>68</size>
		</font>
		<font>
			<name>font100caps_title</name>
			<filename>skin.aeon.nox.silvo/UbuntuCondensed-Regular.ttf</filename>
			<style>uppercase</style>
			<size>100</size>
		</font>
		<font>
			<name>font_musicviz</name>
			<filename>skin.aeon.nox.silvo/BebasNeue.ttf</filename>
			<size>92</size>
		</font>
		<font>
			<name>font_skinversion</name>
			<filename>skin.aeon.nox.silvo/LeagueGothic-Regular.ttf</filename>
			<linespacing>0</linespacing>
			<size>65</size>
		</font>
		<font>
			<name>font_kodiversion</name>
			<filename>skin.aeon.nox.silvo/LeagueGothic-Regular.ttf</filename>
			<linespacing>0</linespacing>
			<size>58</size>
		</font>
		<font>
			<name>font_MainMenu</name>
			<filename>skin.aeon.nox.silvo/UbuntuCondensed-Regular.ttf</filename>
			<linespacing>0</linespacing>
			<style>uppercase</style>
			<size>112</size>
		</font>
		<font>
			<name>font_VerticalMainMenu</name>
			<filename>skin.aeon.nox.silvo/BebasNeue.ttf</filename>
			<size>75</size>
		</font>
		<font>
			<name>BigAssFont</name>
			<filename>skin.aeon.nox.silvo/BebasNeue.ttf</filename>
			<size>600</size>
		</font>
		<font>
			<name>BigAssTimeFont</name>
			<filename>skin.aeon.nox.silvo/UbuntuCondensed-Regular.ttf</filename>
			<size>180</size>
			<linespacing>0.8</linespacing>
		</font>
		<font>
			<name>WeatherTemp</name>
			<filename>skin.aeon.nox.silvo/UbuntuCondensed-Regular.ttf</filename>
			<style>uppercase</style>
			<size>120</size>
		</font>
		<font>
			<name>fontCDartist</name>
			<filename>skin.aeon.nox.silvo/PermanentMarker.ttf</filename>
			<size>45</size>
			<linespacing>0.8</linespacing>
		</font>
		<font>
			<name>fontCDalbum</name>
			<filename>skin.aeon.nox.silvo/PermanentMarker.ttf</filename>
			<size>36</size>
			<linespacing>0.8</linespacing>
		</font>
	</fontset>
	<fontset id="skin.aeon.nox.silvo Fira Sans">
		<font>
			<name>fontArial15</name>
			<filename>skin.aeon.nox.silvo/Arial.ttf</filename>
			<size>35</size>
		</font>
		<font>
			<name>font10</name>
			<filename>skin.aeon.nox.silvo/FiraSans-Regular.ttf</filename>
			<size>21</size>
		</font>
		<font>
			<name>font12</name>
			<filename>skin.aeon.nox.silvo/FiraSans-Regular.ttf</filename>
			<size>26</size>
		</font>
		<font>
			<name>font13</name>
			<filename>skin.aeon.nox.silvo/FiraSans-Regular.ttf</filename>
			<size>30</size>
		</font>
		<font>
			<name>font14_textbox</name>
			<filename>skin.aeon.nox.silvo/FiraSans-Regular.ttf</filename>
			<size>33</size>
			<linespacing>1</linespacing>
		</font>
		<font>
			<name>font14_textbox2</name>
			<filename>skin.aeon.nox.silvo/FiraSans-Regular.ttf</filename>
			<size>33</size>
			<linespacing>1.1</linespacing>
		</font>
		<font>
			<name>font15_textbox</name>
			<filename>skin.aeon.nox.silvo/FiraSans-Regular.ttf</filename>
			<size>35</size>
			<linespacing>1.2</linespacing>
		</font>
		<font>
			<name>font14</name>
			<filename>skin.aeon.nox.silvo/FiraSans-Regular.ttf</filename>
			<size>33</size>
		</font>
		<font>
			<name>font15</name>
			<filename>skin.aeon.nox.silvo/FiraSans-Regular.ttf</filename>
			<size>35</size>
		</font>
		<font>
			<name>font15_bold</name>
			<filename>skin.aeon.nox.silvo/FiraSans-Regular.ttf</filename>
			<style>bold</style>
			<size>35</size>
		</font>
		<font>
			<name>font16</name>
			<filename>skin.aeon.nox.silvo/FiraSans-Regular.ttf</filename>
			<size>38</size>
		</font>
		<font>
			<name>font16_textbox</name>
			<filename>skin.aeon.nox.silvo/FiraSans-Regular.ttf</filename>
			<size>38</size>
			<linespacing>1.4</linespacing>
		</font>
		<font>
			<name>font16bold_textbox</name>
			<filename>skin.aeon.nox.silvo/FiraSans-Regular.ttf</filename>
			<style>bold</style>
			<size>38</size>
			<linespacing>1.2</linespacing>
		</font>
		<font>
			<name>font30</name>
			<filename>skin.aeon.nox.silvo/FiraSans-Regular.ttf</filename>
			<size>45</size>
		</font>
		<font>
			<name>font48</name>
			<filename>skin.aeon.nox.silvo/FiraSans-Regular.ttf</filename>
			<size>48</size>
		</font>
		<font>
			<name>font48_bold</name>
			<filename>skin.aeon.nox.silvo/FiraSans-Regular.ttf</filename>
			<style>bold</style>
			<size>48</size>
		</font>
		<!-- LiveTV Fonts -->
		<font>
			<name>font65</name>
			<filename>skin.aeon.nox.silvo/FiraSans-Regular.ttf</filename>
			<size>65</size>
		</font>
		<font>
			<name>font24_bold</name>
			<filename>skin.aeon.nox.silvo/FiraSans-Regular.ttf</filename>
			<size>24</size>
			<style>bold</style>
		</font>
		<font>
			<name>font28_bold</name>
			<filename>skin.aeon.nox.silvo/FiraSans-Regular.ttf</filename>
			<size>28</size>
			<style>bold</style>
		</font>
		<font>
			<name>font52_bold</name>
			<filename>skin.aeon.nox.silvo/FiraSans-Regular.ttf</filename>
			<style>bold</style>
			<size>48</size>
		</font>
		<font>
			<name>font11</name>
			<filename>skin.aeon.nox.silvo/FiraSans-Regular.ttf</filename>
			<size>24</size>
		</font>
		<font>
			<name>font12b</name>
			<filename>skin.aeon.nox.silvo/FiraSans-Regular.ttf</filename>
			<size>28</size>
		</font>
		<font>
			<name>font13b</name>
			<filename>skin.aeon.nox.silvo/FiraSans-Regular.ttf</filename>
			<size>32</size>
		</font>
		<!-- Title Fonts -->
		<font>
			<name>font12_title</name>
			<filename>skin.aeon.nox.silvo/FiraSans-Regular.ttf</filename>
			<style>uppercase</style>
			<size>26</size>
		</font>
		<font>
			<name>font13_title</name>
			<filename>skin.aeon.nox.silvo/FiraSans-Regular.ttf</filename>
			<style>uppercase</style>
			<size>25</size>
		</font>
		<font>
			<name>font14_title</name>
			<filename>skin.aeon.nox.silvo/FiraSans-Regular.ttf</filename>
			<style>uppercase</style>
			<size>33</size>
		</font>
		<font>
			<name>font15_title</name>
			<filename>skin.aeon.nox.silvo/FiraSans-Regular.ttf</filename>
			<style>uppercase</style>
			<size>35</size>
		</font>
		<font>
			<name>font16_title</name>
			<filename>skin.aeon.nox.silvo/FiraSans-Regular.ttf</filename>
			<style>uppercase</style>
			<size>38</size>
		</font>
		<font>
			<name>font16_title_bold</name>
			<filename>skin.aeon.nox.silvo/FiraSans-Regular.ttf</filename>
			<style>uppercase bold</style>
			<size>38</size>
		</font>
		<font>
			<name>font24_title</name>
			<filename>skin.aeon.nox.silvo/FiraSans-Regular.ttf</filename>
			<style>uppercase</style>
			<size>36</size>
		</font>
		<font>
			<name>font30_title</name>
			<filename>skin.aeon.nox.silvo/FiraSans-Regular.ttf</filename>
			<style>uppercase</style>
			<size>45</size>
		</font>
		<font>
			<name>font30_title_bold</name>
			<filename>skin.aeon.nox.silvo/FiraSans-Regular.ttf</filename>
			<style>uppercase bold</style>
			<size>45</size>
		</font>
		<font>
			<name>font48_title</name>
			<filename>skin.aeon.nox.silvo/FiraSans-Regular.ttf</filename>
			<style>uppercase</style>
			<size>48</size>
		</font>
		<font>
			<name>font35_title</name>
			<filename>skin.aeon.nox.silvo/FiraSans-Regular.ttf</filename>
			<style>uppercase</style>
			<size>52</size>
		</font>
		<font>
			<name>font35_title_bold</name>
			<filename>skin.aeon.nox.silvo/FiraSans-Regular.ttf</filename>
			<style>uppercase bold</style>
			<size>52</size>
		</font>
		<font>
			<name>font45caps_title</name>
			<filename>skin.aeon.nox.silvo/FiraSans-Regular.ttf</filename>
			<style>uppercase</style>
			<size>68</size>
		</font>
		<font>
			<name>font100caps_title</name>
			<filename>skin.aeon.nox.silvo/FiraSans-Regular.ttf</filename>
			<style>uppercase</style>
			<size>100</size>
		</font>
		<font>
			<name>font_musicviz</name>
			<filename>skin.aeon.nox.silvo/FiraSans-Regular.ttf</filename>
			<size>92</size>
		</font>
		<font>
			<name>font_skinversion</name>
			<filename>skin.aeon.nox.silvo/LeagueGothic-Regular.ttf</filename>
			<linespacing>0</linespacing>
			<size>65</size>
		</font>
		<font>
			<name>font_kodiversion</name>
			<filename>skin.aeon.nox.silvo/LeagueGothic-Regular.ttf</filename>
			<linespacing>0</linespacing>
			<size>58</size>
		</font>
		<font>
			<name>font_MainMenu</name>
			<filename>skin.aeon.nox.silvo/FiraSans-Regular.ttf</filename>
			<linespacing>0</linespacing>
			<style>uppercase</style>
			<size>95</size>
		</font>
		<font>
			<name>font_VerticalMainMenu</name>
			<filename>skin.aeon.nox.silvo/FiraSans-Regular.ttf</filename>
			<style>uppercase</style>
			<size>65</size>
		</font>
		<font>
			<name>BigAssFont</name>
			<filename>skin.aeon.nox.silvo/FiraSans-Regular.ttf</filename>
			<size>600</size>
		</font>
		<font>
			<name>BigAssTimeFont</name>
			<filename>skin.aeon.nox.silvo/FiraSans-Regular.ttf</filename>
			<size>180</size>
			<linespacing>0.8</linespacing>
		</font>
		<font>
			<name>WeatherTemp</name>
			<filename>skin.aeon.nox.silvo/FiraSans-Regular.ttf</filename>
			<style>uppercase</style>
			<size>120</size>
		</font>
		<font>
			<name>fontCDartist</name>
			<filename>skin.aeon.nox.silvo/PermanentMarker.ttf</filename>
			<size>45</size>
			<linespacing>0.8</linespacing>
		</font>
		<font>
			<name>fontCDalbum</name>
			<filename>skin.aeon.nox.silvo/PermanentMarker.ttf</filename>
			<size>36</size>
			<linespacing>0.8</linespacing>
		</font>
	</fontset>
	<fontset id="skin.aeon.nox.silvo Caviar Dreams">
		<font>
			<name>fontArial15</name>
			<filename>skin.aeon.nox.silvo/arial.ttf</filename>
			<size>35</size>
		</font>
		<font>
			<name>font10</name>
			<filename>skin.aeon.nox.silvo/CaviarDreams.ttf</filename>
			<size>21</size>
		</font>
		<font>
			<name>font11_compact</name>
			<filename>skin.aeon.nox.silvo/CaviarDreams.ttf</filename>
			<size>24</size>
			<linespacing>0.8</linespacing>
		</font>
		<font>
			<name>font12</name>
			<filename>skin.aeon.nox.silvo/CaviarDreams.ttf</filename>
			<size>26</size>
		</font>
		<font>
			<name>font13</name>
			<filename>skin.aeon.nox.silvo/CaviarDreams.ttf</filename>
			<size>30</size>
		</font>
		<font>
			<name>font13_bold</name>
			<filename>skin.aeon.nox.silvo/CaviarDreams.ttf</filename>
			<style>bold</style>
			<size>30</size>
		</font>
		<font>
			<name>font14_textbox</name>
			<filename>skin.aeon.nox.silvo/CaviarDreams.ttf</filename>
			<size>33</size>
			<linespacing>1.27</linespacing>
		</font>
		<font>
			<name>font14_textbox2</name>
			<filename>skin.aeon.nox.silvo/CaviarDreams.ttf</filename>
			<size>33</size>
			<linespacing>1.1</linespacing>
		</font>
		<font>
			<name>font15_textbox</name>
			<filename>skin.aeon.nox.silvo/CaviarDreams.ttf</filename>
			<size>35</size>
			<linespacing>1.4</linespacing>
		</font>
		<font>
			<name>font15_textbox2</name>
			<filename>skin.aeon.nox.silvo/CaviarDreams.ttf</filename>
			<size>36</size>
			<linespacing>1.3</linespacing>
		</font>
		<font>
			<name>font14</name>
			<filename>skin.aeon.nox.silvo/CaviarDreams.ttf</filename>
			<size>33</size>
		</font>
		<font>
			<name>font14_bold</name>
			<filename>skin.aeon.nox.silvo/CaviarDreams.ttf</filename>
			<style>bold</style>
			<size>33</size>
		</font>
		<font>
			<name>font15</name>
			<filename>skin.aeon.nox.silvo/CaviarDreams.ttf</filename>
			<size>35</size>
		</font>
		<font>
			<name>font15_bold</name>
			<filename>skin.aeon.nox.silvo/CaviarDreams.ttf</filename>
			<style>bold</style>
			<size>35</size>
		</font>
		<font>
			<name>font16</name>
			<filename>skin.aeon.nox.silvo/CaviarDreams.ttf</filename>
			<size>38</size>
		</font>
		<font>
			<name>font16_textbox</name>
			<filename>skin.aeon.nox.silvo/CaviarDreams.ttf</filename>
			<size>38</size>
			<linespacing>1.4</linespacing>
		</font>
		<font>
			<name>font16bold_textbox</name>
			<filename>skin.aeon.nox.silvo/CaviarDreams.ttf</filename>
			<style>bold</style>
			<size>38</size>
			<linespacing>1.4</linespacing>
		</font>
		<font>
			<name>font30</name>
			<filename>skin.aeon.nox.silvo/CaviarDreams.ttf</filename>
			<size>45</size>
		</font>
		<font>
			<name>font48</name>
			<filename>skin.aeon.nox.silvo/CaviarDreams.ttf</filename>
			<size>48</size>
		</font>
		<font>
			<name>font48_bold</name>
			<filename>skin.aeon.nox.silvo/CaviarDreams.ttf</filename>
			<style>bold</style>
			<size>48</size>
		</font>
		<font>
			<name>font52_bold</name>
			<filename>skin.aeon.nox.silvo/CaviarDreams.ttf</filename>
			<style>bold</style>
			<size>52</size>
		</font>
		<!-- LiveTV Fonts -->
		<font>
			<name>font60</name>
			<filename>skin.aeon.nox.silvo/CaviarDreams.ttf</filename>
			<size>60</size>
		</font>
		<font>
			<name>font65</name>
			<filename>skin.aeon.nox.silvo/CaviarDreams.ttf</filename>
			<size>65</size>
		</font>
		<font>
			<name>font24_bold</name>
			<filename>skin.aeon.nox.silvo/CaviarDreams.ttf</filename>
			<size>24</size>
			<style>bold</style>
		</font>
		<font>
			<name>font28_bold</name>
			<filename>skin.aeon.nox.silvo/CaviarDreams.ttf</filename>
			<size>28</size>
			<style>bold</style>
		</font>
		<font>
			<name>font11</name>
			<filename>skin.aeon.nox.silvo/CaviarDreams.ttf</filename>
			<size>24</size>
		</font>
		<font>
			<name>font12b</name>
			<filename>skin.aeon.nox.silvo/CaviarDreams.ttf</filename>
			<size>28</size>
		</font>
		<font>
			<name>font13b</name>
			<filename>skin.aeon.nox.silvo/CaviarDreams.ttf</filename>
			<size>32</size>
		</font>
		<!-- Title Fonts -->
		<font>
			<name>font12_title</name>
			<filename>skin.aeon.nox.silvo/CaviarDreams.ttf</filename>
			<style>uppercase</style>
			<size>26</size>
		</font>
		<font>
			<name>font13_title</name>
			<filename>skin.aeon.nox.silvo/CaviarDreams.ttf</filename>
			<style>uppercase</style>
			<size>30</size>
		</font>
		<font>
			<name>font14_title</name>
			<filename>skin.aeon.nox.silvo/CaviarDreams.ttf</filename>
			<style>uppercase</style>
			<size>33</size>
		</font>
		<font>
			<name>font15_title</name>
			<filename>skin.aeon.nox.silvo/CaviarDreams.ttf</filename>
			<style>uppercase</style>
			<size>35</size>
		</font>
		<font>
			<name>font16_title</name>
			<filename>skin.aeon.nox.silvo/CaviarDreams.ttf</filename>
			<style>uppercase</style>
			<size>38</size>
		</font>
		<font>
			<name>font16_title_bold</name>
			<filename>skin.aeon.nox.silvo/CaviarDreams.ttf</filename>
			<style>uppercase bold</style>
			<size>38</size>
		</font>
		<font>
			<name>font24_title</name>
			<filename>skin.aeon.nox.silvo/CaviarDreams.ttf</filename>
			<style>uppercase</style>
			<size>36</size>
		</font>
		<font>
			<name>font30_title</name>
			<filename>skin.aeon.nox.silvo/CaviarDreams.ttf</filename>
			<style>uppercase</style>
			<size>45</size>
		</font>
		<font>
			<name>font30_title_bold</name>
			<filename>skin.aeon.nox.silvo/CaviarDreams.ttf</filename>
			<style>uppercase bold</style>
			<size>45</size>
		</font>
		<font>
			<name>font48_title</name>
			<filename>skin.aeon.nox.silvo/CaviarDreams.ttf</filename>
			<style>uppercase</style>
			<size>48</size>
		</font>
		<font>
			<name>font35_title</name>
			<filename>skin.aeon.nox.silvo/CaviarDreams.ttf</filename>
			<style>uppercase</style>
			<size>52</size>
		</font>
		<font>
			<name>font35_title_bold</name>
			<filename>skin.aeon.nox.silvo/CaviarDreams.ttf</filename>
			<style>uppercase bold</style>
			<size>52</size>
		</font>
		<font>
			<name>font60caps_title</name>
			<filename>skin.aeon.nox.silvo/CaviarDreams.ttf</filename>
			<style>uppercase</style>
			<size>60</size>
		</font>
		<font>
			<name>font45caps_title</name>
			<filename>skin.aeon.nox.silvo/CaviarDreams.ttf</filename>
			<style>uppercase</style>
			<size>68</size>
		</font>
		<font>
			<name>font100caps_title</name>
			<filename>skin.aeon.nox.silvo/CaviarDreams.ttf</filename>
			<style>uppercase</style>
			<size>100</size>
		</font>
		<font>
			<name>font_musicviz</name>
			<filename>skin.aeon.nox.silvo/BebasNeue.ttf</filename>
			<size>92</size>
		</font>
		<font>
			<name>font_skinversion</name>
			<filename>skin.aeon.nox.silvo/LeagueGothic-Regular.ttf</filename>
			<linespacing>0</linespacing>
			<size>65</size>
		</font>
		<font>
			<name>font_kodiversion</name>
			<filename>skin.aeon.nox.silvo/LeagueGothic-Regular.ttf</filename>
			<linespacing>0</linespacing>
			<size>58</size>
		</font>
		<font>
			<name>font_MainMenu</name>
			<filename>skin.aeon.nox.silvo/CaviarDreams.ttf</filename>
			<style>uppercase</style>
			<size>108</size>
		</font>
		<font>
			<name>font_VerticalMainMenu</name>
			<filename>skin.aeon.nox.silvo/BebasNeue.ttf</filename>
			<size>75</size>
		</font>
		<font>
			<name>BigAssFont</name>
			<filename>skin.aeon.nox.silvo/BebasNeue.ttf</filename>
			<size>600</size>
		</font>
		<font>
			<name>BigAssTimeFont</name>
			<filename>skin.aeon.nox.silvo/CaviarDreams.ttf</filename>
			<size>180</size>
			<linespacing>0.8</linespacing>
		</font>
		<font>
			<name>WeatherTemp</name>
			<filename>skin.aeon.nox.silvo/CaviarDreams.ttf</filename>
			<style>uppercase</style>
			<size>120</size>
		</font>
		<font>
			<name>fontCDartist</name>
			<filename>skin.aeon.nox.silvo/PermanentMarker.ttf</filename>
			<size>45</size>
			<linespacing>0.8</linespacing>
		</font>
		<font>
			<name>fontCDalbum</name>
			<filename>skin.aeon.nox.silvo/PermanentMarker.ttf</filename>
			<size>36</size>
			<linespacing>0.8</linespacing>
		</font>
	</fontset>
	<fontset id="skin.aeon.nox.silvo Play Regular">
		<font>
			<name>fontArial15</name>
			<filename>skin.aeon.nox.silvo/arial.ttf</filename>
			<size>35</size>
		</font>
		<font>
			<name>font10</name>
			<filename>skin.aeon.nox.silvo/play.regular.ttf</filename>
			<size>21</size>
		</font>
		<font>
			<name>font11_compact</name>
			<filename>skin.aeon.nox.silvo/play.regular.ttf</filename>
			<size>24</size>
			<linespacing>0.8</linespacing>
		</font>
		<font>
			<name>font12</name>
			<filename>skin.aeon.nox.silvo/play.regular.ttf</filename>
			<size>26</size>
		</font>
		<font>
			<name>font13</name>
			<filename>skin.aeon.nox.silvo/play.regular.ttf</filename>
			<size>29</size>
		</font>
		<font>
			<name>font13_bold</name>
			<filename>skin.aeon.nox.silvo/play.regular.ttf</filename>
			<style>bold</style>
			<size>29</size>
		</font>
		<font>
			<name>font14_textbox</name>
			<filename>skin.aeon.nox.silvo/play.regular.ttf</filename>
			<size>33</size>
			<linespacing>1.27</linespacing>
		</font>
		<font>
			<name>font14_textbox2</name>
			<filename>skin.aeon.nox.silvo/play.regular.ttf</filename>
			<size>33</size>
			<linespacing>1.1</linespacing>
		</font>
		<font>
			<name>font15_textbox</name>
			<filename>skin.aeon.nox.silvo/play.regular.ttf</filename>
			<size>35</size>
			<linespacing>1.4</linespacing>
		</font>
		<font>
			<name>font15_textbox2</name>
			<filename>skin.aeon.nox.silvo/play.regular.ttf</filename>
			<size>36</size>
			<linespacing>1.3</linespacing>
		</font>
		<font>
			<name>font14</name>
			<filename>skin.aeon.nox.silvo/play.regular.ttf</filename>
			<size>33</size>
		</font>
		<font>
			<name>font14_bold</name>
			<filename>skin.aeon.nox.silvo/play.regular.ttf</filename>
			<style>bold</style>
			<size>33</size>
		</font>
		<font>
			<name>font15</name>
			<filename>skin.aeon.nox.silvo/play.regular.ttf</filename>
			<size>35</size>
		</font>
		<font>
			<name>font15_bold</name>
			<filename>skin.aeon.nox.silvo/play.regular.ttf</filename>
			<style>bold</style>
			<size>35</size>
		</font>
		<font>
			<name>font16</name>
			<filename>skin.aeon.nox.silvo/play.regular.ttf</filename>
			<size>38</size>
		</font>
		<font>
			<name>font16_textbox</name>
			<filename>skin.aeon.nox.silvo/play.regular.ttf</filename>
			<size>38</size>
			<linespacing>1.4</linespacing>
		</font>
		<font>
			<name>font16bold_textbox</name>
			<filename>skin.aeon.nox.silvo/play.regular.ttf</filename>
			<style>bold</style>
			<size>38</size>
			<linespacing>1.4</linespacing>
		</font>
		<font>
			<name>font30</name>
			<filename>skin.aeon.nox.silvo/play.regular.ttf</filename>
			<size>45</size>
		</font>
		<font>
			<name>font48</name>
			<filename>skin.aeon.nox.silvo/play.regular.ttf</filename>
			<size>48</size>
		</font>
		<font>
			<name>font48_bold</name>
			<filename>skin.aeon.nox.silvo/play.regular.ttf</filename>
			<style>bold</style>
			<size>48</size>
		</font>
		<font>
			<name>font52_bold</name>
			<filename>skin.aeon.nox.silvo/play.regular.ttf</filename>
			<style>bold</style>
			<size>52</size>
		</font>
		<!-- LiveTV Fonts -->
		<font>
			<name>font60</name>
			<filename>skin.aeon.nox.silvo/play.regular.ttf</filename>
			<size>60</size>
		</font>
		<font>
			<name>font65</name>
			<filename>skin.aeon.nox.silvo/play.regular.ttf</filename>
			<size>65</size>
		</font>
		<font>
			<name>font24_bold</name>
			<filename>skin.aeon.nox.silvo/play.regular.ttf</filename>
			<size>24</size>
			<style>bold</style>
		</font>
		<font>
			<name>font28_bold</name>
			<filename>skin.aeon.nox.silvo/play.regular.ttf</filename>
			<size>28</size>
			<style>bold</style>
		</font>
		<font>
			<name>font11</name>
			<filename>skin.aeon.nox.silvo/play.regular.ttf</filename>
			<size>24</size>
		</font>
		<font>
			<name>font12b</name>
			<filename>skin.aeon.nox.silvo/play.regular.ttf</filename>
			<size>28</size>
		</font>
		<font>
			<name>font13b</name>
			<filename>skin.aeon.nox.silvo/play.regular.ttf</filename>
			<size>32</size>
		</font>
		<!-- Title Fonts -->
		<font>
			<name>font12_title</name>
			<filename>skin.aeon.nox.silvo/play.regular.ttf</filename>
			<style>uppercase</style>
			<size>26</size>
		</font>
		<font>
			<name>font13_title</name>
			<filename>skin.aeon.nox.silvo/play.regular.ttf</filename>
			<style>uppercase</style>
			<size>29</size>
		</font>
		<font>
			<name>font14_title</name>
			<filename>skin.aeon.nox.silvo/play.regular.ttf</filename>
			<style>uppercase</style>
			<size>33</size>
		</font>
		<font>
			<name>font15_title</name>
			<filename>skin.aeon.nox.silvo/play.regular.ttf</filename>
			<style>uppercase</style>
			<size>35</size>
		</font>
		<font>
			<name>font16_title</name>
			<filename>skin.aeon.nox.silvo/play.regular.ttf</filename>
			<style>uppercase</style>
			<size>38</size>
		</font>
		<font>
			<name>font16_title_bold</name>
			<filename>skin.aeon.nox.silvo/play.regular.ttf</filename>
			<style>uppercase bold</style>
			<size>38</size>
		</font>
		<font>
			<name>font24_title</name>
			<filename>skin.aeon.nox.silvo/play.regular.ttf</filename>
			<style>uppercase</style>
			<size>36</size>
		</font>
		<font>
			<name>font30_title</name>
			<filename>skin.aeon.nox.silvo/play.regular.ttf</filename>
			<style>uppercase</style>
			<size>45</size>
		</font>
		<font>
			<name>font30_title_bold</name>
			<filename>skin.aeon.nox.silvo/play.regular.ttf</filename>
			<style>uppercase bold</style>
			<size>45</size>
		</font>
		<font>
			<name>font48_title</name>
			<filename>skin.aeon.nox.silvo/play.regular.ttf</filename>
			<style>uppercase</style>
			<size>48</size>
		</font>
		<font>
			<name>font35_title</name>
			<filename>skin.aeon.nox.silvo/play.regular.ttf</filename>
			<style>uppercase</style>
			<size>52</size>
		</font>
		<font>
			<name>font35_title_bold</name>
			<filename>skin.aeon.nox.silvo/play.regular.ttf</filename>
			<style>uppercase bold</style>
			<size>52</size>
		</font>
		<font>
			<name>font60caps_title</name>
			<filename>skin.aeon.nox.silvo/play.regular.ttf</filename>
			<style>uppercase</style>
			<size>60</size>
		</font>
		<font>
			<name>font45caps_title</name>
			<filename>skin.aeon.nox.silvo/play.regular.ttf</filename>
			<style>uppercase</style>
			<size>68</size>
		</font>
		<font>
			<name>font100caps_title</name>
			<filename>skin.aeon.nox.silvo/play.regular.ttf</filename>
			<style>uppercase</style>
			<size>100</size>
		</font>
		<font>
			<name>font_musicviz</name>
			<filename>skin.aeon.nox.silvo/BebasNeue.ttf</filename>
			<size>92</size>
		</font>
		<font>
			<name>font_skinversion</name>
			<filename>skin.aeon.nox.silvo/LeagueGothic-Regular.ttf</filename>
			<linespacing>0</linespacing>
			<size>65</size>
		</font>
		<font>
			<name>font_kodiversion</name>
			<filename>skin.aeon.nox.silvo/LeagueGothic-Regular.ttf</filename>
			<linespacing>0</linespacing>
			<size>58</size>
		</font>
		<font>
			<name>font_MainMenu</name>
			<filename>skin.aeon.nox.silvo/play.regular.ttf</filename>
			<style>uppercase</style>
			<size>116</size>
		</font>
		<font>
			<name>font_VerticalMainMenu</name>
			<filename>skin.aeon.nox.silvo/BebasNeue.ttf</filename>
			<size>75</size>
		</font>
		<font>
			<name>BigAssFont</name>
			<filename>skin.aeon.nox.silvo/BebasNeue.ttf</filename>
			<size>600</size>
		</font>
		<font>
			<name>BigAssTimeFont</name>
			<filename>skin.aeon.nox.silvo/play.regular.ttf</filename>
			<size>180</size>
			<linespacing>0.8</linespacing>
		</font>
		<font>
			<name>WeatherTemp</name>
			<filename>skin.aeon.nox.silvo/play.regular.ttf</filename>
			<style>uppercase</style>
			<size>120</size>
		</font>
		<font>
			<name>fontCDartist</name>
			<filename>skin.aeon.nox.silvo/PermanentMarker.ttf</filename>
			<size>45</size>
			<linespacing>0.8</linespacing>
		</font>
		<font>
			<name>fontCDalbum</name>
			<filename>skin.aeon.nox.silvo/PermanentMarker.ttf</filename>
			<size>36</size>
			<linespacing>0.8</linespacing>
		</font>
	</fontset>
</fonts>